2024-11-06 10:58:53,525 [ERROR] LogOutputStream:75 - [STDERR_REDIRECT] 
2024-11-06 10:59:22,618 [INFO] Activator:176 - 


2024-11-06 10:59:22,619 [INFO] Activator:177 - !SESSION log4j initialized
2024-11-06 10:59:26,542 [INFO] LogOutputStream:77 - [STDOUT_REDIRECT] 
2024-11-06 10:59:28,088 [INFO] ApplicationProperties:184 - Using Application install path: /home/ante/st/stm32cubeide_1.16.1/plugins/com.st.stm32cube.common.mx_6.12.1.202409122256
2024-11-06 10:59:28,109 [INFO] DbMcusXml:78 - Set database path to: /home/ante/st/stm32cubeide_1.16.1/plugins/com.st.stm32cube.common.mx_6.12.1.202409122256//db//mcu/
2024-11-06 10:59:28,110 [INFO] ApiDb:274 - Set plugin database path to: /home/ante/st/stm32cubeide_1.16.1/plugins/com.st.stm32cube.common.mx_6.12.1.202409122256//db//plugins/boardmanager/
2024-11-06 10:59:28,110 [WARN] ApiDb:259 - Overriding images path with different value:  => /home/ante/st/stm32cubeide_1.16.1/plugins/com.st.stm32cube.common.mx_6.12.1.202409122256//db//plugins/mcufinder/images/
2024-11-06 10:59:28,119 [INFO] ApiDb:250 - Set database path to: /home/ante/.stmcufinder/plugins/mcufinder//mcu/
2024-11-06 10:59:28,120 [INFO] DbMcusAds:125 - Set database path to: /home/ante/.stmcufinder/plugins/mcufinder//mcu/
2024-11-06 10:59:28,124 [INFO] CrossReferenceDbSqlite:203 - Set database path to: /home/ante/.stmcufinder/plugins/mcufinder//mcu/cs/
2024-11-06 10:59:28,268 [INFO] RulesReader:64 - Compatibility file has been processed (297 Rules)
2024-11-06 10:59:28,356 [INFO] DbMcusXml:78 - Set database path to: /home/ante/st/stm32cubeide_1.16.1/plugins/com.st.stm32cube.common.mx_6.12.1.202409122256//db//mcu/
2024-11-06 10:59:28,356 [INFO] ApiDb:274 - Set plugin database path to: /home/ante/st/stm32cubeide_1.16.1/plugins/com.st.stm32cube.common.mx_6.12.1.202409122256//db//plugins/boardmanager/
2024-11-06 10:59:28,356 [INFO] ApiDb:261 - Set plugin images path to: /home/ante/st/stm32cubeide_1.16.1/plugins/com.st.stm32cube.common.mx_6.12.1.202409122256//db//plugins/mcufinder/images/
2024-11-06 10:59:28,357 [WARN] DbFile:41 - Overriding database path with different value: /home/ante/.stmcufinder/plugins/mcufinder/ => /home/ante/.stmcufinder/plugins/mcufinder
2024-11-06 10:59:28,357 [INFO] ApiDb:250 - Set database path to: /home/ante/.stmcufinder/plugins/mcufinder//mcu/
2024-11-06 10:59:28,357 [WARN] DbFile:41 - Overriding database path with different value: /home/ante/.stmcufinder/plugins/mcufinder/ => /home/ante/.stmcufinder/plugins/mcufinder
2024-11-06 10:59:28,357 [INFO] DbMcusAds:125 - Set database path to: /home/ante/.stmcufinder/plugins/mcufinder//mcu/
2024-11-06 10:59:28,358 [WARN] DbFile:41 - Overriding database path with different value: /home/ante/.stmcufinder/plugins/mcufinder/ => /home/ante/.stmcufinder/plugins/mcufinder
2024-11-06 10:59:28,358 [WARN] DbFile:41 - Overriding database path with different value: /home/ante/.stmcufinder/plugins/mcufinder/ => /home/ante/.stmcufinder/plugins/mcufinder
2024-11-06 10:59:28,358 [INFO] CrossReferenceDbSqlite:203 - Set database path to: /home/ante/.stmcufinder/plugins/mcufinder//mcu/cs/
2024-11-06 10:59:28,432 [INFO] MainPanel:268 - HeapMemory: 268435456
2024-11-06 10:59:28,559 [INFO] DbMcusXml:78 - Set database path to: /home/ante/st/stm32cubeide_1.16.1/plugins/com.st.stm32cube.common.mx_6.12.1.202409122256//db//mcu/
2024-11-06 10:59:28,559 [INFO] ApiDb:274 - Set plugin database path to: /home/ante/st/stm32cubeide_1.16.1/plugins/com.st.stm32cube.common.mx_6.12.1.202409122256//db//plugins/boardmanager/
2024-11-06 10:59:28,559 [INFO] ApiDb:261 - Set plugin images path to: /home/ante/st/stm32cubeide_1.16.1/plugins/com.st.stm32cube.common.mx_6.12.1.202409122256//db//plugins/mcufinder/images/
2024-11-06 10:59:28,560 [WARN] DbFile:41 - Overriding database path with different value: /home/ante/.stmcufinder/plugins/mcufinder/ => /home/ante/.stmcufinder/plugins/mcufinder
2024-11-06 10:59:28,560 [INFO] ApiDb:250 - Set database path to: /home/ante/.stmcufinder/plugins/mcufinder//mcu/
2024-11-06 10:59:28,560 [WARN] DbFile:41 - Overriding database path with different value: /home/ante/.stmcufinder/plugins/mcufinder/ => /home/ante/.stmcufinder/plugins/mcufinder
2024-11-06 10:59:28,560 [INFO] DbMcusAds:125 - Set database path to: /home/ante/.stmcufinder/plugins/mcufinder//mcu/
2024-11-06 10:59:28,560 [WARN] DbFile:41 - Overriding database path with different value: /home/ante/.stmcufinder/plugins/mcufinder/ => /home/ante/.stmcufinder/plugins/mcufinder
2024-11-06 10:59:28,560 [WARN] DbFile:41 - Overriding database path with different value: /home/ante/.stmcufinder/plugins/mcufinder/ => /home/ante/.stmcufinder/plugins/mcufinder
2024-11-06 10:59:28,560 [INFO] CrossReferenceDbSqlite:203 - Set database path to: /home/ante/.stmcufinder/plugins/mcufinder//mcu/cs/
2024-11-06 10:59:28,574 [INFO] ApplicationProperties:184 - Using Application install path: /home/ante/st/stm32cubeide_1.16.1/plugins/com.st.stm32cube.common.mx_6.12.1.202409122256
2024-11-06 10:59:28,575 [INFO] PluginManage:196 - Search for loadable plugins [exclusion list=, ]
2024-11-06 10:59:28,577 [INFO] PluginManage:310 - Check plugin analytics
2024-11-06 10:59:28,724 [INFO] AnalyticsPlugin:253 - Accepted Software Licenses: 
2024-11-06 10:59:28,724 [INFO] AnalyticsPlugin:255 - Accepted CMSIS Pack Licenses: 
2024-11-06 10:59:28,724 [INFO] AnalyticsPlugin:257 - Accepted Firmware Licenses: FW.WL.1.3.0
2024-11-06 10:59:28,728 [INFO] PluginManage:359 - Loaded plugin analytics (category:tool,tabindex:-1)
2024-11-06 10:59:28,728 [INFO] PluginManage:310 - Check plugin cadmodel
2024-11-06 10:59:28,732 [INFO] CADModel:105 - Init CAD model plugin
2024-11-06 10:59:28,733 [INFO] PluginManage:359 - Loaded plugin cadmodel (category:power,tabindex:5)
2024-11-06 10:59:28,733 [INFO] PluginManage:310 - Check plugin clock
2024-11-06 10:59:28,742 [INFO] PluginManage:359 - Loaded plugin clock (category:base,tabindex:2)
2024-11-06 10:59:28,742 [INFO] PluginManage:310 - Check plugin ddr
2024-11-06 10:59:28,744 [INFO] PluginManage:359 - Loaded plugin ddr (category:tool,tabindex:6)
2024-11-06 10:59:28,744 [INFO] PluginManage:310 - Check plugin filemanager
2024-11-06 10:59:28,875 [INFO] PluginManage:359 - Loaded plugin filemanager (category:base,tabindex:10)
2024-11-06 10:59:28,876 [INFO] PluginManage:310 - Check plugin ipmanager
2024-11-06 10:59:28,881 [INFO] PluginManage:359 - Loaded plugin ipmanager (category:base,tabindex:5)
2024-11-06 10:59:28,881 [INFO] PluginManage:310 - Check plugin lpbam
2024-11-06 10:59:28,891 [INFO] PluginManage:359 - Loaded plugin lpbam (category:base,tabindex:0)
2024-11-06 10:59:28,891 [INFO] PluginManage:310 - Check plugin memorymap
2024-11-06 10:59:28,903 [INFO] PluginManage:359 - Loaded plugin memorymap (category:base,tabindex:4)
2024-11-06 10:59:28,903 [INFO] PluginManage:310 - Check plugin pinoutandconfiguration
2024-11-06 10:59:28,911 [INFO] PluginManage:359 - Loaded plugin pinoutandconfiguration (category:base,tabindex:1)
2024-11-06 10:59:28,911 [INFO] PluginManage:310 - Check plugin pinoutconfig
2024-11-06 10:59:28,990 [WARN] SupportedApi:132 - Cannot load RTOS API schema: s4s-elt-must-match.1: The content of 'definitions' must match (annotation?, (simpleType | complexType)?, (unique | key | keyref)*)). A problem was found starting at: attribute.
2024-11-06 10:59:29,115 [INFO] PluginManage:359 - Loaded plugin pinoutconfig (category:base,tabindex:0)
2024-11-06 10:59:29,115 [INFO] PluginManage:310 - Check plugin power
2024-11-06 10:59:29,124 [INFO] PluginManage:359 - Loaded plugin power (category:power,tabindex:4)
2024-11-06 10:59:29,125 [INFO] PluginManage:310 - Check plugin projectmanager
2024-11-06 10:59:29,148 [INFO] PluginManage:359 - Loaded plugin projectmanager (category:projectmanager,tabindex:4)
2024-11-06 10:59:29,149 [INFO] PluginManage:310 - Check plugin rif
2024-11-06 10:59:29,155 [INFO] PluginManage:359 - Loaded plugin rif (category:base,tabindex:3)
2024-11-06 10:59:29,156 [INFO] PluginManage:310 - Check plugin thirdparty
2024-11-06 10:59:29,320 [WARN] IntegrityCheckThread:84 - waiting for thirdparty lock release [integrity check]
2024-11-06 10:59:29,321 [INFO] IntegrityCheckThread:86 - entering critical section [integrity check]
2024-11-06 10:59:29,321 [INFO] PluginManage:359 - Loaded plugin thirdparty (category:base,tabindex:-1)
2024-11-06 10:59:29,321 [INFO] PluginManage:310 - Check plugin tools
2024-11-06 10:59:29,321 [INFO] ThirdPartyUpdaterWithRetryManager:70 - Updater plugin not ready yet. [1/15]
2024-11-06 10:59:29,325 [INFO] PluginManage:359 - Loaded plugin tools (category:base,tabindex:7)
2024-11-06 10:59:29,325 [INFO] PluginManage:310 - Check plugin tutovideos
2024-11-06 10:59:29,556 [INFO] PluginManage:359 - Loaded plugin tutovideos (category:base,tabindex:-1)
2024-11-06 10:59:29,556 [INFO] PluginManage:310 - Check plugin updater
2024-11-06 10:59:29,574 [INFO] PluginManage:359 - Loaded plugin updater (category:base,tabindex:12)
2024-11-06 10:59:29,574 [INFO] PluginManage:310 - Check plugin userauth
2024-11-06 10:59:29,579 [INFO] UserAuth:113 - Init User Auth plugin
2024-11-06 10:59:29,580 [INFO] PluginManage:359 - Loaded plugin userauth (category:base,tabindex:14)
2024-11-06 10:59:29,580 [INFO] PluginManage:283 - PluginManage : Loaded plugins [18]
2024-11-06 10:59:29,795 [INFO] PinOutPanel:1561 - setPackage(No Configuration,No Configuration)
2024-11-06 10:59:29,884 [INFO] CADModel:165 - CPN selected for project level
2024-11-06 10:59:29,885 [INFO] CADModel:114 - Register for checkConnection events
2024-11-06 10:59:29,895 [INFO] IPUIPlugin:80 - create IPUIPlugin
2024-11-06 10:59:29,896 [INFO] PluginManager:220 - loadIPPluginJar : add genericplugin
2024-11-06 10:59:29,897 [INFO] IPUIPlugin:80 - create IPUIPlugin
2024-11-06 10:59:29,898 [INFO] PluginManager:220 - loadIPPluginJar : add ltdc
2024-11-06 10:59:29,903 [INFO] IPUIPlugin:80 - create IPUIPlugin
2024-11-06 10:59:29,903 [INFO] PluginManager:220 - loadIPPluginJar : add i2c
2024-11-06 10:59:29,906 [INFO] IPUIPlugin:80 - create IPUIPlugin
2024-11-06 10:59:29,906 [INFO] PluginManager:220 - loadIPPluginJar : add ucpd
2024-11-06 10:59:29,910 [INFO] IPUIPlugin:80 - create IPUIPlugin
2024-11-06 10:59:29,910 [INFO] PluginManager:220 - loadIPPluginJar : add sai
2024-11-06 10:59:29,914 [INFO] IPUIPlugin:80 - create IPUIPlugin
2024-11-06 10:59:29,915 [INFO] PluginManager:220 - loadIPPluginJar : add pdm2pcm
2024-11-06 10:59:29,917 [INFO] IPUIPlugin:80 - create IPUIPlugin
2024-11-06 10:59:29,918 [INFO] PluginManager:220 - loadIPPluginJar : add radio
2024-11-06 10:59:29,927 [INFO] IPUIPlugin:80 - create IPUIPlugin
2024-11-06 10:59:29,931 [INFO] PluginManager:220 - loadIPPluginJar : add plateformsettings
2024-11-06 10:59:29,938 [INFO] IPUIPlugin:80 - create IPUIPlugin
2024-11-06 10:59:29,938 [INFO] PluginManager:220 - loadIPPluginJar : add adc
2024-11-06 10:59:29,943 [INFO] IPUIPlugin:80 - create IPUIPlugin
2024-11-06 10:59:29,943 [INFO] PluginManager:220 - loadIPPluginJar : add mdma
2024-11-06 10:59:29,946 [INFO] IPUIPlugin:80 - create IPUIPlugin
2024-11-06 10:59:29,946 [INFO] PluginManager:220 - loadIPPluginJar : add nvic
2024-11-06 10:59:29,947 [INFO] IPUIPlugin:80 - create IPUIPlugin
2024-11-06 10:59:29,947 [INFO] PluginManager:220 - loadIPPluginJar : add comp
2024-11-06 10:59:29,949 [INFO] IPUIPlugin:80 - create IPUIPlugin
2024-11-06 10:59:29,949 [INFO] PluginManager:220 - loadIPPluginJar : add spi
2024-11-06 10:59:29,950 [INFO] IPUIPlugin:80 - create IPUIPlugin
2024-11-06 10:59:29,951 [INFO] PluginManager:220 - loadIPPluginJar : add hash
2024-11-06 10:59:29,954 [INFO] IPUIPlugin:80 - create IPUIPlugin
2024-11-06 10:59:29,954 [INFO] PluginManager:220 - loadIPPluginJar : add resmgrutility
2024-11-06 10:59:29,956 [INFO] IPUIPlugin:80 - create IPUIPlugin
2024-11-06 10:59:29,956 [INFO] PluginManager:220 - loadIPPluginJar : add gfxmmu
2024-11-06 10:59:29,958 [INFO] IPUIPlugin:80 - create IPUIPlugin
2024-11-06 10:59:29,958 [INFO] PluginManager:220 - loadIPPluginJar : add gtzc
2024-11-06 10:59:29,961 [INFO] IPUIPlugin:80 - create IPUIPlugin
2024-11-06 10:59:29,961 [INFO] PluginManager:220 - loadIPPluginJar : add gpio
2024-11-06 10:59:29,962 [INFO] IPUIPlugin:80 - create IPUIPlugin
2024-11-06 10:59:29,962 [INFO] PluginManager:220 - loadIPPluginJar : add lorawan
2024-11-06 10:59:29,964 [INFO] IPUIPlugin:80 - create IPUIPlugin
2024-11-06 10:59:29,964 [INFO] PluginManager:220 - loadIPPluginJar : add quadspi
2024-11-06 10:59:29,966 [INFO] IPUIPlugin:80 - create IPUIPlugin
2024-11-06 10:59:29,966 [INFO] PluginManager:220 - loadIPPluginJar : add can
2024-11-06 10:59:29,968 [INFO] IPUIPlugin:80 - create IPUIPlugin
2024-11-06 10:59:29,969 [INFO] PluginManager:220 - loadIPPluginJar : add aes
2024-11-06 10:59:29,970 [INFO] IPUIPlugin:80 - create IPUIPlugin
2024-11-06 10:59:29,971 [INFO] PluginManager:220 - loadIPPluginJar : add i3c
2024-11-06 10:59:29,974 [INFO] IPUIPlugin:80 - create IPUIPlugin
2024-11-06 10:59:29,975 [INFO] PluginManager:220 - loadIPPluginJar : add touchsensing
2024-11-06 10:59:29,978 [INFO] IPUIPlugin:80 - create IPUIPlugin
2024-11-06 10:59:29,978 [INFO] PluginManager:220 - loadIPPluginJar : add ddr_ctrl_phy
2024-11-06 10:59:29,981 [INFO] IPUIPlugin:80 - create IPUIPlugin
2024-11-06 10:59:29,981 [INFO] PluginManager:220 - loadIPPluginJar : add ts
2024-11-06 10:59:29,985 [INFO] IPUIPlugin:80 - create IPUIPlugin
2024-11-06 10:59:29,986 [INFO] PluginManager:220 - loadIPPluginJar : add freertos
2024-11-06 10:59:29,989 [INFO] IPUIPlugin:80 - create IPUIPlugin
2024-11-06 10:59:29,989 [INFO] PluginManager:220 - loadIPPluginJar : add ipddr
2024-11-06 10:59:29,991 [INFO] IPUIPlugin:80 - create IPUIPlugin
2024-11-06 10:59:29,991 [INFO] PluginManager:220 - loadIPPluginJar : add dfsdm
2024-11-06 10:59:29,994 [INFO] IPUIPlugin:80 - create IPUIPlugin
2024-11-06 10:59:29,994 [INFO] PluginManager:220 - loadIPPluginJar : add extmemmanager
2024-11-06 10:59:29,997 [INFO] IPUIPlugin:80 - create IPUIPlugin
2024-11-06 10:59:29,997 [INFO] PluginManager:220 - loadIPPluginJar : add cryp
2024-11-06 10:59:30,003 [INFO] IPUIPlugin:80 - create IPUIPlugin
2024-11-06 10:59:30,003 [INFO] PluginManager:220 - loadIPPluginJar : add gic
2024-11-06 10:59:30,005 [INFO] IPUIPlugin:80 - create IPUIPlugin
2024-11-06 10:59:30,005 [INFO] PluginManager:220 - loadIPPluginJar : add usbx
2024-11-06 10:59:30,008 [INFO] IPUIPlugin:80 - create IPUIPlugin
2024-11-06 10:59:30,008 [INFO] PluginManager:220 - loadIPPluginJar : add openamp
2024-11-06 10:59:30,010 [INFO] IPUIPlugin:80 - create IPUIPlugin
2024-11-06 10:59:30,011 [INFO] PluginManager:220 - loadIPPluginJar : add tracer_emb
2024-11-06 10:59:30,013 [INFO] IPUIPlugin:80 - create IPUIPlugin
2024-11-06 10:59:30,013 [INFO] PluginManager:220 - loadIPPluginJar : add usart
2024-11-06 10:59:30,014 [INFO] IPUIPlugin:80 - create IPUIPlugin
2024-11-06 10:59:30,014 [INFO] PluginManager:220 - loadIPPluginJar : add fatfs
2024-11-06 10:59:30,016 [INFO] IPUIPlugin:80 - create IPUIPlugin
2024-11-06 10:59:30,017 [INFO] PluginManager:220 - loadIPPluginJar : add opamp
2024-11-06 10:59:30,022 [INFO] IPUIPlugin:80 - create IPUIPlugin
2024-11-06 10:59:30,022 [INFO] PluginManager:220 - loadIPPluginJar : add stm32_wpan
2024-11-06 10:59:30,027 [INFO] IPUIPlugin:80 - create IPUIPlugin
2024-11-06 10:59:30,027 [INFO] PluginManager:220 - loadIPPluginJar : add fmc
2024-11-06 10:59:30,036 [INFO] IPUIPlugin:80 - create IPUIPlugin
2024-11-06 10:59:30,036 [INFO] PluginManager:220 - loadIPPluginJar : add linkedlist
2024-11-06 10:59:30,038 [INFO] IPUIPlugin:80 - create IPUIPlugin
2024-11-06 10:59:30,038 [INFO] PluginManager:220 - loadIPPluginJar : add tim
2024-11-06 10:59:30,039 [INFO] IPUIPlugin:80 - create IPUIPlugin
2024-11-06 10:59:30,039 [INFO] PluginManager:220 - loadIPPluginJar : add tsc
2024-11-06 10:59:30,045 [INFO] IPUIPlugin:80 - create IPUIPlugin
2024-11-06 10:59:30,046 [INFO] PluginManager:220 - loadIPPluginJar : add dma
2024-11-06 10:59:30,049 [INFO] IPUIPlugin:80 - create IPUIPlugin
2024-11-06 10:59:30,049 [INFO] PluginManager:220 - loadIPPluginJar : add i2s
2024-11-06 10:59:30,052 [INFO] IPUIPlugin:80 - create IPUIPlugin
2024-11-06 10:59:30,052 [INFO] PluginManager:220 - loadIPPluginJar : add dma3
2024-11-06 10:59:30,158 [INFO] CADModel:165 - CPN selected for project level
2024-11-06 10:59:30,159 [INFO] CADModel:114 - Register for checkConnection events
2024-11-06 10:59:30,159 [FATAL] Updater:334 - Updater called before beeing initialized
2024-11-06 10:59:30,159 [ERROR] CADModel:125 - Updater not yet initialized, retry later 
2024-11-06 10:59:30,281 [INFO] CADModel:165 - CPN selected for project level
2024-11-06 10:59:30,281 [INFO] CADModel:114 - Register for checkConnection events
2024-11-06 10:59:30,281 [FATAL] Updater:334 - Updater called before beeing initialized
2024-11-06 10:59:30,281 [ERROR] CADModel:125 - Updater not yet initialized, retry later 
2024-11-06 10:59:30,285 [FATAL] Updater:334 - Updater called before beeing initialized
2024-11-06 10:59:30,360 [FATAL] Updater:334 - Updater called before beeing initialized
2024-11-06 10:59:30,364 [INFO] DbMcusAds:53 - JSON generation date=Fri Sep 20 15:04:23 CEST 2024 (1726837463113)
2024-11-06 10:59:30,364 [FATAL] Updater:334 - Updater called before beeing initialized
2024-11-06 10:59:30,399 [WARN] DetailPanel:346 - Failed to get advertising image, set to default
2024-11-06 10:59:30,491 [FATAL] Updater:334 - Updater called before beeing initialized
2024-11-06 10:59:30,493 [FATAL] Updater:334 - Updater called before beeing initialized
2024-11-06 10:59:30,493 [FATAL] Updater:334 - Updater called before beeing initialized
2024-11-06 10:59:30,493 [WARN] DetailPanel:346 - Failed to get advertising image, set to default
2024-11-06 10:59:30,494 [FATAL] Updater:334 - Updater called before beeing initialized
2024-11-06 10:59:30,542 [ERROR] Updater:1164 - MainUpdater not yet initialized. External WinMGr cannot be set.
2024-11-06 10:59:30,544 [INFO] Updater:1100 - Updater Version found : 6.12.1
2024-11-06 10:59:30,569 [INFO] ApplicationProperties:184 - Using Application install path: /home/ante/st/stm32cubeide_1.16.1/plugins/com.st.stm32cube.common.mx_6.12.1.202409122256
2024-11-06 10:59:30,834 [INFO] MainUpdater:2873 - connection check result : 10
2024-11-06 10:59:30,834 [INFO] MainUpdater:290 - Updater Check For Update Now.
2024-11-06 10:59:30,835 [INFO] MicroXplorer:498 - Change Database Version : DB.6.0.121
2024-11-06 10:59:30,839 [INFO] McuFinderGlobals:63 - Set McuFinder mode to 2 (CubeIDE integrated)
2024-11-06 10:59:30,840 [INFO] UserAuth:179 - activating auth plugin
2024-11-06 10:59:30,843 [INFO] UserAuth:417 - Internet connection configuration mode: 1
2024-11-06 10:59:30,859 [INFO] JxBrowserEngine:152 - Initiate JxBrowser Engine with user profile folder
2024-11-06 10:59:31,011 [INFO] CheckServerUpdateThread:120 - End of CheckServer Thread
2024-11-06 10:59:31,803 [INFO] WebApp:167 - Instantiating new browser for Auth
2024-11-06 10:59:32,675 [WARN] PackLoader:240 - Cannot read IP mode file for STMicroelectronics.FP-SNS-MOTENVWB1.1.4.0
2024-11-06 10:59:32,695 [WARN] PackLoader:240 - Cannot read IP mode file for STMicroelectronics.X-CUBE-SMBUS.2.1.0
2024-11-06 10:59:32,718 [WARN] PackLoader:240 - Cannot read IP mode file for STMicroelectronics.X-CUBE-WB05N.1.1.0
2024-11-06 10:59:32,784 [INFO] WebApp:448 - Apply proxy settings
2024-11-06 10:59:32,784 [INFO] WebApp:533 - Chromium requires no authentication
2024-11-06 10:59:32,790 [WARN] PackLoader:240 - Cannot read IP mode file for STMicroelectronics.X-CUBE-AZRTOS-F7.1.1.0
2024-11-06 10:59:32,801 [INFO] WebApp:476 - Direct internet connection detected
2024-11-06 10:59:32,841 [INFO] WebApp:869 - Register for checkConnection events
2024-11-06 10:59:32,842 [INFO] WebApp:448 - Apply proxy settings
2024-11-06 10:59:32,842 [INFO] WebApp:533 - Chromium requires no authentication
2024-11-06 10:59:32,843 [INFO] WebApp:476 - Direct internet connection detected
2024-11-06 10:59:32,913 [WARN] PackLoader:240 - Cannot read IP mode file for STMicroelectronics.X-CUBE-MEMS1.11.0.0
2024-11-06 10:59:33,073 [INFO] WebApp:220 - Starting web application
2024-11-06 10:59:33,074 [INFO] WebApp:578 - Web application path used /home/ante/st/stm32cubeide_1.16.1/plugins/com.st.stm32cube.common.mx_6.12.1.202409122256/db/plugins/mcufinder/reactClient1/index.html
2024-11-06 10:59:33,170 [WARN] PackLoader:240 - Cannot read IP mode file for STMicroelectronics.FP-SNS-FLIGHT1.5.0.2
2024-11-06 10:59:33,183 [WARN] PackLoader:240 - Cannot read IP mode file for STMicroelectronics.X-CUBE-DISPLAY.3.0.0
2024-11-06 10:59:33,208 [WARN] PackLoader:240 - Cannot read IP mode file for STMicroelectronics.X-CUBE-BLE1.7.0.0
2024-11-06 10:59:33,216 [WARN] PackLoader:240 - Cannot read IP mode file for STMicroelectronics.X-CUBE-NFC10.1.0.0
2024-11-06 10:59:33,229 [WARN] PackLoader:240 - Cannot read IP mode file for emotas.I-CUBE-CANOPEN.1.3.0
2024-11-06 10:59:33,243 [WARN] PackLoader:240 - Cannot read IP mode file for STMicroelectronics.X-CUBE-BLEMGR.3.1.0
2024-11-06 10:59:33,252 [WARN] PackLoader:240 - Cannot read IP mode file for STMicroelectronics.FP-SNS-SMARTAG2.1.2.0
2024-11-06 10:59:33,266 [INFO] LogOutputStream:77 - [STDOUT_REDIRECT] 1 : Invalid condition id : UX_CORESTACK_Condition cause : null
2024-11-06 10:59:33,267 [INFO] LogOutputStream:77 - [STDOUT_REDIRECT] 1 : Invalid condition id : UX_CORESTACK_Condition cause : null
2024-11-06 10:59:33,267 [INFO] LogOutputStream:77 - [STDOUT_REDIRECT] 1 : Invalid condition id : UX_CORESTACK_Condition cause : null
2024-11-06 10:59:33,268 [INFO] LogOutputStream:77 - [STDOUT_REDIRECT] 1 : Invalid condition id : UX_CORESTACK_Condition cause : null
2024-11-06 10:59:33,268 [INFO] LogOutputStream:77 - [STDOUT_REDIRECT] 1 : Invalid condition id : UX_CORESTACK_Condition cause : null
2024-11-06 10:59:33,273 [WARN] PackLoader:240 - Cannot read IP mode file for STMicroelectronics.X-CUBE-AZRTOS-WL.2.0.0
2024-11-06 10:59:33,299 [WARN] PackLoader:240 - Cannot read IP mode file for STMicroelectronics.FP-SNS-MOTENV1.5.0.0
2024-11-06 10:59:33,306 [WARN] PackLoader:240 - Cannot read IP mode file for wolfSSL.I-CUBE-wolfMQTT.1.19.0
2024-11-06 10:59:33,325 [WARN] PackLoader:240 - Cannot read IP mode file for WES.I-CUBE-Cesium.1.3.0
2024-11-06 10:59:33,339 [WARN] PackLoader:240 - Cannot read IP mode file for STMicroelectronics.X-CUBE-BLE2.3.3.0
2024-11-06 10:59:33,351 [WARN] PackLoader:240 - Cannot read IP mode file for STMicroelectronics.X-CUBE-NFC9.1.0.0
2024-11-06 10:59:33,366 [WARN] PackLoader:240 - Cannot read IP mode file for STMicroelectronics.X-CUBE-TCPP.4.1.0
2024-11-06 10:59:33,409 [WARN] PackLoader:240 - Cannot read IP mode file for STMicroelectronics.X-CUBE-AZRTOS-G0.1.1.0
2024-11-06 10:59:33,431 [WARN] PackLoader:240 - Cannot read IP mode file for STMicroelectronics.X-CUBE-SAFEA1.1.2.2
2024-11-06 10:59:33,439 [WARN] PackLoader:240 - Cannot read IP mode file for STMicroelectronics.X-CUBE-NFC4.3.0.0
2024-11-06 10:59:33,457 [WARN] PackLoader:240 - Cannot read IP mode file for EmbeddedOffice.I-CUBE-FS-RTOS.1.0.1
2024-11-06 10:59:33,461 [ERROR] ConditionMgr:805 - Attr not supported : Dmpu
2024-11-06 10:59:33,462 [ERROR] ConditionMgr:805 - Attr not supported : Dmpu
2024-11-06 10:59:33,462 [ERROR] ConditionMgr:805 - Attr not supported : Dmpu
2024-11-06 10:59:33,462 [ERROR] ConditionMgr:805 - Attr not supported : Dmpu
2024-11-06 10:59:33,462 [ERROR] ConditionMgr:805 - Attr not supported : Dmpu
2024-11-06 10:59:33,462 [ERROR] ConditionMgr:805 - Attr not supported : Dmpu
2024-11-06 10:59:33,463 [ERROR] ConditionMgr:805 - Attr not supported : Dmpu
2024-11-06 10:59:33,463 [ERROR] ConditionMgr:805 - Attr not supported : Dmpu
2024-11-06 10:59:33,463 [ERROR] ConditionMgr:805 - Attr not supported : Dmpu
2024-11-06 10:59:33,463 [ERROR] ConditionMgr:805 - Attr not supported : Dmpu
2024-11-06 10:59:33,463 [ERROR] ConditionMgr:805 - Attr not supported : Dmpu
2024-11-06 10:59:33,463 [ERROR] ConditionMgr:805 - Attr not supported : Dmpu
2024-11-06 10:59:33,463 [ERROR] ConditionMgr:805 - Attr not supported : Dmpu
2024-11-06 10:59:33,463 [ERROR] ConditionMgr:805 - Attr not supported : Dmpu
2024-11-06 10:59:33,463 [ERROR] ConditionMgr:805 - Attr not supported : Dmpu
2024-11-06 10:59:33,463 [ERROR] ConditionMgr:805 - Attr not supported : Dmpu
2024-11-06 10:59:33,463 [ERROR] ConditionMgr:805 - Attr not supported : Dmpu
2024-11-06 10:59:33,464 [ERROR] ConditionMgr:805 - Attr not supported : Dmpu
2024-11-06 10:59:33,464 [ERROR] ConditionMgr:805 - Attr not supported : Dmpu
2024-11-06 10:59:33,464 [ERROR] ConditionMgr:805 - Attr not supported : Dmpu
2024-11-06 10:59:33,464 [ERROR] ConditionMgr:805 - Attr not supported : Dmpu
2024-11-06 10:59:33,464 [ERROR] ConditionMgr:805 - Attr not supported : Dmpu
2024-11-06 10:59:33,464 [ERROR] ConditionMgr:805 - Attr not supported : Dmpu
2024-11-06 10:59:33,464 [ERROR] ConditionMgr:805 - Attr not supported : Dmpu
2024-11-06 10:59:33,464 [ERROR] ConditionMgr:805 - Attr not supported : Dmpu
2024-11-06 10:59:33,466 [ERROR] ConditionMgr:805 - Attr not supported : Dmpu
2024-11-06 10:59:33,466 [ERROR] ConditionMgr:805 - Attr not supported : Dmpu
2024-11-06 10:59:33,467 [ERROR] ConditionMgr:805 - Attr not supported : Dmpu
2024-11-06 10:59:33,467 [ERROR] ConditionMgr:805 - Attr not supported : Dmpu
2024-11-06 10:59:33,467 [ERROR] ConditionMgr:805 - Attr not supported : Dmpu
2024-11-06 10:59:33,467 [ERROR] ConditionMgr:805 - Attr not supported : Dmpu
2024-11-06 10:59:33,467 [ERROR] ConditionMgr:805 - Attr not supported : Dmpu
2024-11-06 10:59:33,467 [ERROR] ConditionMgr:805 - Attr not supported : Dmpu
2024-11-06 10:59:33,467 [ERROR] ConditionMgr:805 - Attr not supported : Dmpu
2024-11-06 10:59:33,467 [ERROR] ConditionMgr:805 - Attr not supported : Dmpu
2024-11-06 10:59:33,467 [ERROR] ConditionMgr:805 - Attr not supported : Dmpu
2024-11-06 10:59:33,468 [ERROR] ConditionMgr:805 - Attr not supported : Dmpu
2024-11-06 10:59:33,468 [ERROR] ConditionMgr:805 - Attr not supported : Dmpu
2024-11-06 10:59:33,468 [ERROR] ConditionMgr:805 - Attr not supported : Dmpu
2024-11-06 10:59:33,468 [ERROR] ConditionMgr:805 - Attr not supported : Dmpu
2024-11-06 10:59:33,468 [ERROR] ConditionMgr:805 - Attr not supported : Dmpu
2024-11-06 10:59:33,468 [ERROR] ConditionMgr:805 - Attr not supported : Dmpu
2024-11-06 10:59:33,468 [ERROR] ConditionMgr:805 - Attr not supported : Dmpu
2024-11-06 10:59:33,469 [ERROR] ConditionMgr:805 - Attr not supported : Dmpu
2024-11-06 10:59:33,469 [ERROR] ConditionMgr:805 - Attr not supported : Dmpu
2024-11-06 10:59:33,469 [ERROR] ConditionMgr:805 - Attr not supported : Dmpu
2024-11-06 10:59:33,469 [ERROR] ConditionMgr:805 - Attr not supported : Dmpu
2024-11-06 10:59:33,469 [ERROR] ConditionMgr:805 - Attr not supported : Dmpu
2024-11-06 10:59:33,469 [ERROR] ConditionMgr:805 - Attr not supported : Dmpu
2024-11-06 10:59:33,470 [ERROR] ConditionMgr:805 - Attr not supported : Dmpu
2024-11-06 10:59:33,471 [ERROR] ConditionMgr:805 - Attr not supported : Dmpu
2024-11-06 10:59:33,471 [ERROR] ConditionMgr:805 - Attr not supported : Dmpu
2024-11-06 10:59:33,471 [ERROR] ConditionMgr:805 - Attr not supported : Dmpu
2024-11-06 10:59:33,471 [ERROR] ConditionMgr:805 - Attr not supported : Dmpu
2024-11-06 10:59:33,472 [ERROR] ConditionMgr:805 - Attr not supported : Dmpu
2024-11-06 10:59:33,472 [ERROR] ConditionMgr:805 - Attr not supported : Dmpu
2024-11-06 10:59:33,472 [ERROR] ConditionMgr:805 - Attr not supported : Dmpu
2024-11-06 10:59:33,472 [ERROR] ConditionMgr:805 - Attr not supported : Dmpu
2024-11-06 10:59:33,473 [ERROR] ConditionMgr:805 - Attr not supported : Dmpu
2024-11-06 10:59:33,473 [ERROR] ConditionMgr:805 - Attr not supported : Dmpu
2024-11-06 10:59:33,473 [ERROR] ConditionMgr:805 - Attr not supported : Dmpu
2024-11-06 10:59:33,473 [ERROR] ConditionMgr:805 - Attr not supported : Dmpu
2024-11-06 10:59:33,473 [ERROR] ConditionMgr:805 - Attr not supported : Dmpu
2024-11-06 10:59:33,474 [ERROR] ConditionMgr:805 - Attr not supported : Dmpu
2024-11-06 10:59:33,482 [WARN] PackLoader:240 - Cannot read IP mode file for RealThread.X-CUBE-RT-Thread_Nano.4.1.1
2024-11-06 10:59:33,488 [WARN] PackLoader:240 - Cannot read IP mode file for STMicroelectronics.FP-ATR-SIGFOX1.3.2.0
2024-11-06 10:59:33,496 [WARN] PackLoader:240 - Cannot read IP mode file for wolfSSL.I-CUBE-wolfSSL.5.7.2
2024-11-06 10:59:33,504 [WARN] PackLoader:240 - Cannot read IP mode file for STMicroelectronics.X-CUBE-EEPRMA1.5.1.0
2024-11-06 10:59:33,517 [WARN] PackLoader:240 - Cannot read IP mode file for ITTIA_DB.I-CUBE-ITTIADB.8.9.0
2024-11-06 10:59:33,555 [INFO] WebApp:186 - Connection restablished
2024-11-06 10:59:33,570 [WARN] PackLoader:240 - Cannot read IP mode file for SEGGER.I-CUBE-embOS.1.3.1
2024-11-06 10:59:33,655 [WARN] PackLoader:240 - Cannot read IP mode file for STMicroelectronics.X-CUBE-ALGOBUILD.1.4.0
2024-11-06 10:59:33,660 [WARN] PackLoader:240 - Cannot read IP mode file for STMicroelectronics.X-CUBE-AI.9.1.0
2024-11-06 10:59:33,685 [WARN] PackLoader:240 - Cannot read IP mode file for STMicroelectronics.X-CUBE-AZRTOS-F4.1.1.0
2024-11-06 10:59:33,693 [WARN] PackLoader:240 - Cannot read IP mode file for STMicroelectronics.X-CUBE-ISPU.2.1.0
2024-11-06 10:59:33,702 [WARN] PackLoader:240 - Cannot read IP mode file for STMicroelectronics.X-CUBE-FREERTOS.1.2.0
2024-11-06 10:59:33,722 [WARN] PackLoader:240 - Cannot read IP mode file for STMicroelectronics.X-CUBE-AZRTOS-L5.2.0.0
2024-11-06 10:59:33,735 [WARN] PackLoader:240 - Cannot read IP mode file for STMicroelectronics.X-CUBE-NFC6.3.1.0
2024-11-06 10:59:33,745 [WARN] PackLoader:240 - Cannot read IP mode file for STMicroelectronics.X-CUBE-DPower.1.2.0
2024-11-06 10:59:33,750 [WARN] PackLoader:240 - Cannot read IP mode file for STMicroelectronics.X-CUBE-AI.9.0.0
2024-11-06 10:59:33,756 [WARN] PackLoader:240 - Cannot read IP mode file for STMicroelectronics.X-CUBE-NFC7.1.0.1
2024-11-06 10:59:33,792 [WARN] ConditionMgr:438 - getConditionDescription Invalid condition id : LAN8742 Phy interface Condition cause : null
2024-11-06 10:59:33,794 [WARN] PackLoader:240 - Cannot read IP mode file for STMicroelectronics.X-CUBE-AZRTOS-L4.2.0.0
2024-11-06 10:59:33,796 [WARN] ConditionMgr:1039 - genDependencies : Invalid condition id : LAN8742 Phy interface Condition cause : null
2024-11-06 10:59:33,796 [WARN] ConditionMgr:1039 - genDependencies : Invalid condition id : LAN8742 Phy interface Condition cause : null
2024-11-06 10:59:33,797 [WARN] ConditionMgr:1039 - genDependencies : Invalid condition id : LAN8742 Phy interface Condition cause : null
2024-11-06 10:59:33,809 [WARN] PackLoader:240 - Cannot read IP mode file for STMicroelectronics.X-CUBE-SFXS2LP1.4.0.0
2024-11-06 10:59:33,845 [WARN] PackLoader:240 - Cannot read IP mode file for STMicroelectronics.X-CUBE-AZRTOS-H7.3.3.0
2024-11-06 10:59:33,867 [WARN] PackLoader:240 - Cannot read IP mode file for STMicroelectronics.X-CUBE-IPS.3.0.0
2024-11-06 10:59:33,889 [WARN] ConditionMgr:438 - getConditionDescription Invalid condition id : UX DEVICE CLASS RTOS Condition cause : null
2024-11-06 10:59:33,889 [WARN] ConditionMgr:438 - getConditionDescription Invalid condition id : UX DEVICE CLASS RTOS Condition cause : null
2024-11-06 10:59:33,892 [WARN] PackLoader:240 - Cannot read IP mode file for STMicroelectronics.X-CUBE-AZRTOS-WB.2.0.0
2024-11-06 10:59:33,893 [WARN] ConditionMgr:1039 - genDependencies : Invalid condition id : UX DEVICE CLASS RTOS Condition cause : null
2024-11-06 10:59:33,893 [WARN] ConditionMgr:1039 - genDependencies : Invalid condition id : UX DEVICE CLASS RTOS Condition cause : null
2024-11-06 10:59:33,894 [WARN] ConditionMgr:1039 - genDependencies : Invalid condition id : UX DEVICE CLASS RTOS Condition cause : null
2024-11-06 10:59:33,895 [WARN] ConditionMgr:1039 - genDependencies : Invalid condition id : UX DEVICE CLASS RTOS Condition cause : null
2024-11-06 10:59:33,895 [WARN] ConditionMgr:1039 - genDependencies : Invalid condition id : UX DEVICE CLASS RTOS Condition cause : null
2024-11-06 10:59:33,903 [WARN] PackLoader:240 - Cannot read IP mode file for STMicroelectronics.X-CUBE-GNSS1.7.0.0
2024-11-06 10:59:33,912 [WARN] PackLoader:240 - Cannot read IP mode file for STMicroelectronics.FP-SNS-STBOX1.2.0.0
2024-11-06 10:59:33,933 [WARN] PackLoader:240 - Cannot read IP mode file for STMicroelectronics.X-CUBE-SUBG2.5.0.0
2024-11-06 10:59:33,947 [WARN] PackLoader:240 - Cannot read IP mode file for Cesanta.I-CUBE-Mongoose.7.13.0
2024-11-06 10:59:33,975 [WARN] PackLoader:240 - Cannot read IP mode file for STMicroelectronics.X-CUBE-AZRTOS-G4.2.0.0
2024-11-06 10:59:33,985 [WARN] PackLoader:240 - Cannot read IP mode file for STMicroelectronics.X-CUBE-ALS.1.0.2
2024-11-06 10:59:33,993 [WARN] PackLoader:240 - Cannot read IP mode file for STMicroelectronics.X-CUBE-TOUCHGFX.4.24.1
2024-11-06 10:59:33,998 [WARN] PackLoader:240 - Cannot read IP mode file for wolfSSL.I-CUBE-wolfTPM.3.4.0
2024-11-06 10:59:34,010 [WARN] PackLoader:240 - Cannot read IP mode file for portGmbH.I-Cube-SoM-uGOAL.1.1.0
2024-11-06 10:59:34,045 [WARN] PackLoader:240 - Cannot read IP mode file for STMicroelectronics.X-CUBE-AZRTOS-H7RS.1.0.0
2024-11-06 10:59:34,054 [WARN] PackLoader:240 - Cannot read IP mode file for STMicroelectronics.FP-ATR-ASTRA1.2.0.0
2024-11-06 10:59:34,084 [WARN] PackLoader:240 - Cannot read IP mode file for STMicroelectronics.X-CUBE-TOF1.3.4.2
2024-11-06 10:59:34,150 [WARN] PackLoader:240 - Cannot read IP mode file for Infineon.AIROC-Wi-Fi-Bluetooth-STM32.1.6.1
2024-11-06 10:59:34,161 [WARN] PackLoader:240 - Cannot read IP mode file for wolfSSL.I-CUBE-wolfSSH.1.4.17
2024-11-06 10:59:34,162 [INFO] ThirdParty:978 - Integrity check success = true
2024-11-06 10:59:34,162 [INFO] IntegrityCheckThread:100 - exiting critical section [integrity check]
2024-11-06 10:59:34,162 [INFO] IntegrityCheckThread:103 - End integrity checks thread
2024-11-06 11:01:00,857 [ERROR] LogOutputStream:75 - [STDERR_REDIRECT] 
2024-11-06 11:01:10,451 [INFO] Activator:176 - 


2024-11-06 11:01:10,454 [INFO] Activator:177 - !SESSION log4j initialized
2024-11-06 11:01:14,855 [INFO] LogOutputStream:77 - [STDOUT_REDIRECT] 
2024-11-06 11:01:15,773 [INFO] ApplicationProperties:184 - Using Application install path: /home/ante/st/stm32cubeide_1.16.1/plugins/com.st.stm32cube.common.mx_6.12.1.202409122256
2024-11-06 11:01:15,804 [INFO] DbMcusXml:78 - Set database path to: /home/ante/st/stm32cubeide_1.16.1/plugins/com.st.stm32cube.common.mx_6.12.1.202409122256//db//mcu/
2024-11-06 11:01:15,805 [INFO] ApiDb:274 - Set plugin database path to: /home/ante/st/stm32cubeide_1.16.1/plugins/com.st.stm32cube.common.mx_6.12.1.202409122256//db//plugins/boardmanager/
2024-11-06 11:01:15,805 [WARN] ApiDb:259 - Overriding images path with different value:  => /home/ante/st/stm32cubeide_1.16.1/plugins/com.st.stm32cube.common.mx_6.12.1.202409122256//db//plugins/mcufinder/images/
2024-11-06 11:01:15,812 [INFO] ApiDb:250 - Set database path to: /home/ante/.stmcufinder/plugins/mcufinder//mcu/
2024-11-06 11:01:15,814 [INFO] DbMcusAds:125 - Set database path to: /home/ante/.stmcufinder/plugins/mcufinder//mcu/
2024-11-06 11:01:15,818 [INFO] CrossReferenceDbSqlite:203 - Set database path to: /home/ante/.stmcufinder/plugins/mcufinder//mcu/cs/
2024-11-06 11:01:16,036 [INFO] RulesReader:64 - Compatibility file has been processed (297 Rules)
2024-11-06 11:01:16,136 [INFO] DbMcusXml:78 - Set database path to: /home/ante/st/stm32cubeide_1.16.1/plugins/com.st.stm32cube.common.mx_6.12.1.202409122256//db//mcu/
2024-11-06 11:01:16,136 [INFO] ApiDb:274 - Set plugin database path to: /home/ante/st/stm32cubeide_1.16.1/plugins/com.st.stm32cube.common.mx_6.12.1.202409122256//db//plugins/boardmanager/
2024-11-06 11:01:16,137 [INFO] ApiDb:261 - Set plugin images path to: /home/ante/st/stm32cubeide_1.16.1/plugins/com.st.stm32cube.common.mx_6.12.1.202409122256//db//plugins/mcufinder/images/
2024-11-06 11:01:16,137 [WARN] DbFile:41 - Overriding database path with different value: /home/ante/.stmcufinder/plugins/mcufinder/ => /home/ante/.stmcufinder/plugins/mcufinder
2024-11-06 11:01:16,137 [INFO] ApiDb:250 - Set database path to: /home/ante/.stmcufinder/plugins/mcufinder//mcu/
2024-11-06 11:01:16,137 [WARN] DbFile:41 - Overriding database path with different value: /home/ante/.stmcufinder/plugins/mcufinder/ => /home/ante/.stmcufinder/plugins/mcufinder
2024-11-06 11:01:16,138 [INFO] DbMcusAds:125 - Set database path to: /home/ante/.stmcufinder/plugins/mcufinder//mcu/
2024-11-06 11:01:16,138 [WARN] DbFile:41 - Overriding database path with different value: /home/ante/.stmcufinder/plugins/mcufinder/ => /home/ante/.stmcufinder/plugins/mcufinder
2024-11-06 11:01:16,138 [WARN] DbFile:41 - Overriding database path with different value: /home/ante/.stmcufinder/plugins/mcufinder/ => /home/ante/.stmcufinder/plugins/mcufinder
2024-11-06 11:01:16,138 [INFO] CrossReferenceDbSqlite:203 - Set database path to: /home/ante/.stmcufinder/plugins/mcufinder//mcu/cs/
2024-11-06 11:01:16,288 [INFO] MainPanel:268 - HeapMemory: 268435456
2024-11-06 11:01:16,474 [INFO] DbMcusXml:78 - Set database path to: /home/ante/st/stm32cubeide_1.16.1/plugins/com.st.stm32cube.common.mx_6.12.1.202409122256//db//mcu/
2024-11-06 11:01:16,474 [INFO] ApiDb:274 - Set plugin database path to: /home/ante/st/stm32cubeide_1.16.1/plugins/com.st.stm32cube.common.mx_6.12.1.202409122256//db//plugins/boardmanager/
2024-11-06 11:01:16,474 [INFO] ApiDb:261 - Set plugin images path to: /home/ante/st/stm32cubeide_1.16.1/plugins/com.st.stm32cube.common.mx_6.12.1.202409122256//db//plugins/mcufinder/images/
2024-11-06 11:01:16,475 [WARN] DbFile:41 - Overriding database path with different value: /home/ante/.stmcufinder/plugins/mcufinder/ => /home/ante/.stmcufinder/plugins/mcufinder
2024-11-06 11:01:16,476 [INFO] ApiDb:250 - Set database path to: /home/ante/.stmcufinder/plugins/mcufinder//mcu/
2024-11-06 11:01:16,476 [WARN] DbFile:41 - Overriding database path with different value: /home/ante/.stmcufinder/plugins/mcufinder/ => /home/ante/.stmcufinder/plugins/mcufinder
2024-11-06 11:01:16,476 [INFO] DbMcusAds:125 - Set database path to: /home/ante/.stmcufinder/plugins/mcufinder//mcu/
2024-11-06 11:01:16,476 [WARN] DbFile:41 - Overriding database path with different value: /home/ante/.stmcufinder/plugins/mcufinder/ => /home/ante/.stmcufinder/plugins/mcufinder
2024-11-06 11:01:16,476 [WARN] DbFile:41 - Overriding database path with different value: /home/ante/.stmcufinder/plugins/mcufinder/ => /home/ante/.stmcufinder/plugins/mcufinder
2024-11-06 11:01:16,476 [INFO] CrossReferenceDbSqlite:203 - Set database path to: /home/ante/.stmcufinder/plugins/mcufinder//mcu/cs/
2024-11-06 11:01:16,501 [INFO] ApplicationProperties:184 - Using Application install path: /home/ante/st/stm32cubeide_1.16.1/plugins/com.st.stm32cube.common.mx_6.12.1.202409122256
2024-11-06 11:01:16,504 [INFO] PluginManage:196 - Search for loadable plugins [exclusion list=, ]
2024-11-06 11:01:16,507 [INFO] PluginManage:310 - Check plugin analytics
2024-11-06 11:01:16,772 [INFO] AnalyticsPlugin:253 - Accepted Software Licenses: 
2024-11-06 11:01:16,772 [INFO] AnalyticsPlugin:255 - Accepted CMSIS Pack Licenses: 
2024-11-06 11:01:16,772 [INFO] AnalyticsPlugin:257 - Accepted Firmware Licenses: FW.WL.1.3.0
2024-11-06 11:01:16,777 [INFO] PluginManage:359 - Loaded plugin analytics (category:tool,tabindex:-1)
2024-11-06 11:01:16,777 [INFO] PluginManage:310 - Check plugin cadmodel
2024-11-06 11:01:16,784 [INFO] CADModel:105 - Init CAD model plugin
2024-11-06 11:01:16,785 [INFO] PluginManage:359 - Loaded plugin cadmodel (category:power,tabindex:5)
2024-11-06 11:01:16,785 [INFO] PluginManage:310 - Check plugin clock
2024-11-06 11:01:16,799 [INFO] PluginManage:359 - Loaded plugin clock (category:base,tabindex:2)
2024-11-06 11:01:16,800 [INFO] PluginManage:310 - Check plugin ddr
2024-11-06 11:01:16,804 [INFO] PluginManage:359 - Loaded plugin ddr (category:tool,tabindex:6)
2024-11-06 11:01:16,804 [INFO] PluginManage:310 - Check plugin filemanager
2024-11-06 11:01:16,999 [INFO] PluginManage:359 - Loaded plugin filemanager (category:base,tabindex:10)
2024-11-06 11:01:16,999 [INFO] PluginManage:310 - Check plugin ipmanager
2024-11-06 11:01:17,004 [INFO] PluginManage:359 - Loaded plugin ipmanager (category:base,tabindex:5)
2024-11-06 11:01:17,004 [INFO] PluginManage:310 - Check plugin lpbam
2024-11-06 11:01:17,014 [INFO] PluginManage:359 - Loaded plugin lpbam (category:base,tabindex:0)
2024-11-06 11:01:17,015 [INFO] PluginManage:310 - Check plugin memorymap
2024-11-06 11:01:17,028 [INFO] PluginManage:359 - Loaded plugin memorymap (category:base,tabindex:4)
2024-11-06 11:01:17,028 [INFO] PluginManage:310 - Check plugin pinoutandconfiguration
2024-11-06 11:01:17,037 [INFO] PluginManage:359 - Loaded plugin pinoutandconfiguration (category:base,tabindex:1)
2024-11-06 11:01:17,038 [INFO] PluginManage:310 - Check plugin pinoutconfig
2024-11-06 11:01:17,137 [WARN] SupportedApi:132 - Cannot load RTOS API schema: s4s-elt-must-match.1: The content of 'definitions' must match (annotation?, (simpleType | complexType)?, (unique | key | keyref)*)). A problem was found starting at: attribute.
2024-11-06 11:01:17,288 [INFO] PluginManage:359 - Loaded plugin pinoutconfig (category:base,tabindex:0)
2024-11-06 11:01:17,289 [INFO] PluginManage:310 - Check plugin power
2024-11-06 11:01:17,300 [INFO] PluginManage:359 - Loaded plugin power (category:power,tabindex:4)
2024-11-06 11:01:17,300 [INFO] PluginManage:310 - Check plugin projectmanager
2024-11-06 11:01:17,318 [INFO] PluginManage:359 - Loaded plugin projectmanager (category:projectmanager,tabindex:4)
2024-11-06 11:01:17,318 [INFO] PluginManage:310 - Check plugin rif
2024-11-06 11:01:17,324 [INFO] PluginManage:359 - Loaded plugin rif (category:base,tabindex:3)
2024-11-06 11:01:17,325 [INFO] PluginManage:310 - Check plugin thirdparty
2024-11-06 11:01:17,460 [INFO] PluginManage:359 - Loaded plugin thirdparty (category:base,tabindex:-1)
2024-11-06 11:01:17,459 [WARN] IntegrityCheckThread:84 - waiting for thirdparty lock release [integrity check]
2024-11-06 11:01:17,460 [INFO] IntegrityCheckThread:86 - entering critical section [integrity check]
2024-11-06 11:01:17,460 [INFO] PluginManage:310 - Check plugin tools
2024-11-06 11:01:17,460 [INFO] ThirdPartyUpdaterWithRetryManager:70 - Updater plugin not ready yet. [1/15]
2024-11-06 11:01:17,463 [INFO] PluginManage:359 - Loaded plugin tools (category:base,tabindex:7)
2024-11-06 11:01:17,464 [INFO] PluginManage:310 - Check plugin tutovideos
2024-11-06 11:01:17,750 [INFO] PluginManage:359 - Loaded plugin tutovideos (category:base,tabindex:-1)
2024-11-06 11:01:17,750 [INFO] PluginManage:310 - Check plugin updater
2024-11-06 11:01:17,769 [INFO] PluginManage:359 - Loaded plugin updater (category:base,tabindex:12)
2024-11-06 11:01:17,769 [INFO] PluginManage:310 - Check plugin userauth
2024-11-06 11:01:17,775 [INFO] UserAuth:113 - Init User Auth plugin
2024-11-06 11:01:17,776 [INFO] PluginManage:359 - Loaded plugin userauth (category:base,tabindex:14)
2024-11-06 11:01:17,776 [INFO] PluginManage:283 - PluginManage : Loaded plugins [18]
2024-11-06 11:01:17,960 [INFO] PinOutPanel:1561 - setPackage(No Configuration,No Configuration)
2024-11-06 11:01:18,040 [INFO] CADModel:165 - CPN selected for project level
2024-11-06 11:01:18,040 [INFO] CADModel:114 - Register for checkConnection events
2024-11-06 11:01:18,051 [INFO] IPUIPlugin:80 - create IPUIPlugin
2024-11-06 11:01:18,052 [INFO] PluginManager:220 - loadIPPluginJar : add genericplugin
2024-11-06 11:01:18,053 [INFO] IPUIPlugin:80 - create IPUIPlugin
2024-11-06 11:01:18,053 [INFO] PluginManager:220 - loadIPPluginJar : add ltdc
2024-11-06 11:01:18,059 [INFO] IPUIPlugin:80 - create IPUIPlugin
2024-11-06 11:01:18,059 [INFO] PluginManager:220 - loadIPPluginJar : add i2c
2024-11-06 11:01:18,062 [INFO] IPUIPlugin:80 - create IPUIPlugin
2024-11-06 11:01:18,062 [INFO] PluginManager:220 - loadIPPluginJar : add ucpd
2024-11-06 11:01:18,065 [INFO] IPUIPlugin:80 - create IPUIPlugin
2024-11-06 11:01:18,065 [INFO] PluginManager:220 - loadIPPluginJar : add sai
2024-11-06 11:01:18,068 [INFO] IPUIPlugin:80 - create IPUIPlugin
2024-11-06 11:01:18,069 [INFO] PluginManager:220 - loadIPPluginJar : add pdm2pcm
2024-11-06 11:01:18,071 [INFO] IPUIPlugin:80 - create IPUIPlugin
2024-11-06 11:01:18,072 [INFO] PluginManager:220 - loadIPPluginJar : add radio
2024-11-06 11:01:18,079 [INFO] IPUIPlugin:80 - create IPUIPlugin
2024-11-06 11:01:18,082 [INFO] PluginManager:220 - loadIPPluginJar : add plateformsettings
2024-11-06 11:01:18,089 [INFO] IPUIPlugin:80 - create IPUIPlugin
2024-11-06 11:01:18,090 [INFO] PluginManager:220 - loadIPPluginJar : add adc
2024-11-06 11:01:18,096 [INFO] IPUIPlugin:80 - create IPUIPlugin
2024-11-06 11:01:18,096 [INFO] PluginManager:220 - loadIPPluginJar : add mdma
2024-11-06 11:01:18,100 [INFO] IPUIPlugin:80 - create IPUIPlugin
2024-11-06 11:01:18,100 [INFO] PluginManager:220 - loadIPPluginJar : add nvic
2024-11-06 11:01:18,101 [INFO] IPUIPlugin:80 - create IPUIPlugin
2024-11-06 11:01:18,101 [INFO] PluginManager:220 - loadIPPluginJar : add comp
2024-11-06 11:01:18,103 [INFO] IPUIPlugin:80 - create IPUIPlugin
2024-11-06 11:01:18,103 [INFO] PluginManager:220 - loadIPPluginJar : add spi
2024-11-06 11:01:18,105 [INFO] IPUIPlugin:80 - create IPUIPlugin
2024-11-06 11:01:18,105 [INFO] PluginManager:220 - loadIPPluginJar : add hash
2024-11-06 11:01:18,108 [INFO] IPUIPlugin:80 - create IPUIPlugin
2024-11-06 11:01:18,108 [INFO] PluginManager:220 - loadIPPluginJar : add resmgrutility
2024-11-06 11:01:18,110 [INFO] IPUIPlugin:80 - create IPUIPlugin
2024-11-06 11:01:18,110 [INFO] PluginManager:220 - loadIPPluginJar : add gfxmmu
2024-11-06 11:01:18,112 [INFO] IPUIPlugin:80 - create IPUIPlugin
2024-11-06 11:01:18,112 [INFO] PluginManager:220 - loadIPPluginJar : add gtzc
2024-11-06 11:01:18,115 [INFO] IPUIPlugin:80 - create IPUIPlugin
2024-11-06 11:01:18,115 [INFO] PluginManager:220 - loadIPPluginJar : add gpio
2024-11-06 11:01:18,117 [INFO] IPUIPlugin:80 - create IPUIPlugin
2024-11-06 11:01:18,118 [INFO] PluginManager:220 - loadIPPluginJar : add lorawan
2024-11-06 11:01:18,119 [INFO] IPUIPlugin:80 - create IPUIPlugin
2024-11-06 11:01:18,119 [INFO] PluginManager:220 - loadIPPluginJar : add quadspi
2024-11-06 11:01:18,122 [INFO] IPUIPlugin:80 - create IPUIPlugin
2024-11-06 11:01:18,122 [INFO] PluginManager:220 - loadIPPluginJar : add can
2024-11-06 11:01:18,125 [INFO] IPUIPlugin:80 - create IPUIPlugin
2024-11-06 11:01:18,125 [INFO] PluginManager:220 - loadIPPluginJar : add aes
2024-11-06 11:01:18,127 [INFO] IPUIPlugin:80 - create IPUIPlugin
2024-11-06 11:01:18,128 [INFO] PluginManager:220 - loadIPPluginJar : add i3c
2024-11-06 11:01:18,131 [INFO] IPUIPlugin:80 - create IPUIPlugin
2024-11-06 11:01:18,131 [INFO] PluginManager:220 - loadIPPluginJar : add touchsensing
2024-11-06 11:01:18,134 [INFO] IPUIPlugin:80 - create IPUIPlugin
2024-11-06 11:01:18,135 [INFO] PluginManager:220 - loadIPPluginJar : add ddr_ctrl_phy
2024-11-06 11:01:18,136 [INFO] IPUIPlugin:80 - create IPUIPlugin
2024-11-06 11:01:18,137 [INFO] PluginManager:220 - loadIPPluginJar : add ts
2024-11-06 11:01:18,142 [INFO] IPUIPlugin:80 - create IPUIPlugin
2024-11-06 11:01:18,142 [INFO] PluginManager:220 - loadIPPluginJar : add freertos
2024-11-06 11:01:18,145 [INFO] IPUIPlugin:80 - create IPUIPlugin
2024-11-06 11:01:18,145 [INFO] PluginManager:220 - loadIPPluginJar : add ipddr
2024-11-06 11:01:18,147 [INFO] IPUIPlugin:80 - create IPUIPlugin
2024-11-06 11:01:18,147 [INFO] PluginManager:220 - loadIPPluginJar : add dfsdm
2024-11-06 11:01:18,150 [INFO] IPUIPlugin:80 - create IPUIPlugin
2024-11-06 11:01:18,150 [INFO] PluginManager:220 - loadIPPluginJar : add extmemmanager
2024-11-06 11:01:18,152 [INFO] IPUIPlugin:80 - create IPUIPlugin
2024-11-06 11:01:18,152 [INFO] PluginManager:220 - loadIPPluginJar : add cryp
2024-11-06 11:01:18,157 [INFO] IPUIPlugin:80 - create IPUIPlugin
2024-11-06 11:01:18,157 [INFO] PluginManager:220 - loadIPPluginJar : add gic
2024-11-06 11:01:18,161 [INFO] IPUIPlugin:80 - create IPUIPlugin
2024-11-06 11:01:18,161 [INFO] PluginManager:220 - loadIPPluginJar : add usbx
2024-11-06 11:01:18,164 [INFO] IPUIPlugin:80 - create IPUIPlugin
2024-11-06 11:01:18,165 [INFO] PluginManager:220 - loadIPPluginJar : add openamp
2024-11-06 11:01:18,167 [INFO] IPUIPlugin:80 - create IPUIPlugin
2024-11-06 11:01:18,167 [INFO] PluginManager:220 - loadIPPluginJar : add tracer_emb
2024-11-06 11:01:18,171 [INFO] IPUIPlugin:80 - create IPUIPlugin
2024-11-06 11:01:18,171 [INFO] PluginManager:220 - loadIPPluginJar : add usart
2024-11-06 11:01:18,173 [INFO] IPUIPlugin:80 - create IPUIPlugin
2024-11-06 11:01:18,173 [INFO] PluginManager:220 - loadIPPluginJar : add fatfs
2024-11-06 11:01:18,177 [INFO] IPUIPlugin:80 - create IPUIPlugin
2024-11-06 11:01:18,177 [INFO] PluginManager:220 - loadIPPluginJar : add opamp
2024-11-06 11:01:18,184 [INFO] IPUIPlugin:80 - create IPUIPlugin
2024-11-06 11:01:18,184 [INFO] PluginManager:220 - loadIPPluginJar : add stm32_wpan
2024-11-06 11:01:18,190 [INFO] IPUIPlugin:80 - create IPUIPlugin
2024-11-06 11:01:18,190 [INFO] PluginManager:220 - loadIPPluginJar : add fmc
2024-11-06 11:01:18,200 [INFO] IPUIPlugin:80 - create IPUIPlugin
2024-11-06 11:01:18,201 [INFO] PluginManager:220 - loadIPPluginJar : add linkedlist
2024-11-06 11:01:18,203 [INFO] IPUIPlugin:80 - create IPUIPlugin
2024-11-06 11:01:18,203 [INFO] PluginManager:220 - loadIPPluginJar : add tim
2024-11-06 11:01:18,204 [INFO] IPUIPlugin:80 - create IPUIPlugin
2024-11-06 11:01:18,205 [INFO] PluginManager:220 - loadIPPluginJar : add tsc
2024-11-06 11:01:18,212 [INFO] IPUIPlugin:80 - create IPUIPlugin
2024-11-06 11:01:18,212 [INFO] PluginManager:220 - loadIPPluginJar : add dma
2024-11-06 11:01:18,215 [INFO] IPUIPlugin:80 - create IPUIPlugin
2024-11-06 11:01:18,215 [INFO] PluginManager:220 - loadIPPluginJar : add i2s
2024-11-06 11:01:18,218 [INFO] IPUIPlugin:80 - create IPUIPlugin
2024-11-06 11:01:18,218 [INFO] PluginManager:220 - loadIPPluginJar : add dma3
2024-11-06 11:01:18,327 [INFO] CADModel:165 - CPN selected for project level
2024-11-06 11:01:18,328 [INFO] CADModel:114 - Register for checkConnection events
2024-11-06 11:01:18,329 [FATAL] Updater:334 - Updater called before beeing initialized
2024-11-06 11:01:18,329 [ERROR] CADModel:125 - Updater not yet initialized, retry later 
2024-11-06 11:01:18,452 [INFO] CADModel:165 - CPN selected for project level
2024-11-06 11:01:18,452 [INFO] CADModel:114 - Register for checkConnection events
2024-11-06 11:01:18,452 [FATAL] Updater:334 - Updater called before beeing initialized
2024-11-06 11:01:18,452 [ERROR] CADModel:125 - Updater not yet initialized, retry later 
2024-11-06 11:01:18,456 [FATAL] Updater:334 - Updater called before beeing initialized
2024-11-06 11:01:18,532 [FATAL] Updater:334 - Updater called before beeing initialized
2024-11-06 11:01:18,536 [INFO] DbMcusAds:53 - JSON generation date=Fri Sep 20 15:04:23 CEST 2024 (1726837463113)
2024-11-06 11:01:18,537 [FATAL] Updater:334 - Updater called before beeing initialized
2024-11-06 11:01:18,572 [WARN] DetailPanel:346 - Failed to get advertising image, set to default
2024-11-06 11:01:18,652 [FATAL] Updater:334 - Updater called before beeing initialized
2024-11-06 11:01:18,653 [FATAL] Updater:334 - Updater called before beeing initialized
2024-11-06 11:01:18,653 [FATAL] Updater:334 - Updater called before beeing initialized
2024-11-06 11:01:18,653 [WARN] DetailPanel:346 - Failed to get advertising image, set to default
2024-11-06 11:01:18,654 [FATAL] Updater:334 - Updater called before beeing initialized
2024-11-06 11:01:18,680 [ERROR] Updater:1164 - MainUpdater not yet initialized. External WinMGr cannot be set.
2024-11-06 11:01:18,682 [INFO] Updater:1100 - Updater Version found : 6.12.1
2024-11-06 11:01:18,699 [INFO] ApplicationProperties:184 - Using Application install path: /home/ante/st/stm32cubeide_1.16.1/plugins/com.st.stm32cube.common.mx_6.12.1.202409122256
2024-11-06 11:01:19,003 [INFO] MainUpdater:2873 - connection check result : 10
2024-11-06 11:01:19,004 [INFO] MainUpdater:290 - Updater Check For Update Now.
2024-11-06 11:01:19,004 [INFO] MicroXplorer:498 - Change Database Version : DB.6.0.121
2024-11-06 11:01:19,018 [INFO] McuFinderGlobals:63 - Set McuFinder mode to 2 (CubeIDE integrated)
2024-11-06 11:01:19,018 [INFO] UserAuth:179 - activating auth plugin
2024-11-06 11:01:19,023 [INFO] UserAuth:417 - Internet connection configuration mode: 1
2024-11-06 11:01:19,041 [INFO] JxBrowserEngine:152 - Initiate JxBrowser Engine with user profile folder
2024-11-06 11:01:19,223 [INFO] CheckServerUpdateThread:120 - End of CheckServer Thread
2024-11-06 11:01:19,768 [INFO] WebApp:167 - Instantiating new browser for Auth
2024-11-06 11:01:20,627 [WARN] PackLoader:240 - Cannot read IP mode file for STMicroelectronics.FP-SNS-MOTENVWB1.1.4.0
2024-11-06 11:01:20,648 [WARN] PackLoader:240 - Cannot read IP mode file for STMicroelectronics.X-CUBE-SMBUS.2.1.0
2024-11-06 11:01:20,648 [INFO] WebApp:448 - Apply proxy settings
2024-11-06 11:01:20,648 [INFO] WebApp:533 - Chromium requires no authentication
2024-11-06 11:01:20,660 [WARN] PackLoader:240 - Cannot read IP mode file for STMicroelectronics.X-CUBE-WB05N.1.1.0
2024-11-06 11:01:20,663 [INFO] WebApp:476 - Direct internet connection detected
2024-11-06 11:01:20,698 [INFO] WebApp:869 - Register for checkConnection events
2024-11-06 11:01:20,698 [INFO] WebApp:448 - Apply proxy settings
2024-11-06 11:01:20,699 [INFO] WebApp:533 - Chromium requires no authentication
2024-11-06 11:01:20,700 [INFO] WebApp:476 - Direct internet connection detected
2024-11-06 11:01:20,708 [WARN] PackLoader:240 - Cannot read IP mode file for STMicroelectronics.X-CUBE-AZRTOS-F7.1.1.0
2024-11-06 11:01:20,869 [WARN] PackLoader:240 - Cannot read IP mode file for STMicroelectronics.X-CUBE-MEMS1.11.0.0
2024-11-06 11:01:21,113 [INFO] WebApp:220 - Starting web application
2024-11-06 11:01:21,113 [INFO] WebApp:578 - Web application path used /home/ante/st/stm32cubeide_1.16.1/plugins/com.st.stm32cube.common.mx_6.12.1.202409122256/db/plugins/mcufinder/reactClient1/index.html
2024-11-06 11:01:21,353 [WARN] PackLoader:240 - Cannot read IP mode file for STMicroelectronics.FP-SNS-FLIGHT1.5.0.2
2024-11-06 11:01:21,365 [WARN] PackLoader:240 - Cannot read IP mode file for STMicroelectronics.X-CUBE-DISPLAY.3.0.0
2024-11-06 11:01:21,379 [WARN] PackLoader:240 - Cannot read IP mode file for STMicroelectronics.X-CUBE-BLE1.7.0.0
2024-11-06 11:01:21,386 [INFO] WebApp:186 - Connection restablished
2024-11-06 11:01:21,395 [WARN] PackLoader:240 - Cannot read IP mode file for STMicroelectronics.X-CUBE-NFC10.1.0.0
2024-11-06 11:01:21,406 [WARN] PackLoader:240 - Cannot read IP mode file for emotas.I-CUBE-CANOPEN.1.3.0
2024-11-06 11:01:21,426 [WARN] PackLoader:240 - Cannot read IP mode file for STMicroelectronics.X-CUBE-BLEMGR.3.1.0
2024-11-06 11:01:21,441 [WARN] PackLoader:240 - Cannot read IP mode file for STMicroelectronics.FP-SNS-SMARTAG2.1.2.0
2024-11-06 11:01:21,460 [INFO] LogOutputStream:77 - [STDOUT_REDIRECT] 1 : Invalid condition id : UX_CORESTACK_Condition cause : null
2024-11-06 11:01:21,461 [INFO] LogOutputStream:77 - [STDOUT_REDIRECT] 1 : Invalid condition id : UX_CORESTACK_Condition cause : null
2024-11-06 11:01:21,462 [INFO] LogOutputStream:77 - [STDOUT_REDIRECT] 1 : Invalid condition id : UX_CORESTACK_Condition cause : null
2024-11-06 11:01:21,462 [INFO] LogOutputStream:77 - [STDOUT_REDIRECT] 1 : Invalid condition id : UX_CORESTACK_Condition cause : null
2024-11-06 11:01:21,463 [INFO] LogOutputStream:77 - [STDOUT_REDIRECT] 1 : Invalid condition id : UX_CORESTACK_Condition cause : null
2024-11-06 11:01:21,470 [WARN] PackLoader:240 - Cannot read IP mode file for STMicroelectronics.X-CUBE-AZRTOS-WL.2.0.0
2024-11-06 11:01:21,482 [WARN] PackLoader:240 - Cannot read IP mode file for STMicroelectronics.FP-SNS-MOTENV1.5.0.0
2024-11-06 11:01:21,496 [WARN] PackLoader:240 - Cannot read IP mode file for wolfSSL.I-CUBE-wolfMQTT.1.19.0
2024-11-06 11:01:21,516 [WARN] PackLoader:240 - Cannot read IP mode file for WES.I-CUBE-Cesium.1.3.0
2024-11-06 11:01:21,530 [WARN] PackLoader:240 - Cannot read IP mode file for STMicroelectronics.X-CUBE-BLE2.3.3.0
2024-11-06 11:01:21,549 [WARN] PackLoader:240 - Cannot read IP mode file for STMicroelectronics.X-CUBE-NFC9.1.0.0
2024-11-06 11:01:21,573 [WARN] PackLoader:240 - Cannot read IP mode file for STMicroelectronics.X-CUBE-TCPP.4.1.0
2024-11-06 11:01:21,609 [WARN] PackLoader:240 - Cannot read IP mode file for STMicroelectronics.X-CUBE-AZRTOS-G0.1.1.0
2024-11-06 11:01:21,621 [WARN] PackLoader:240 - Cannot read IP mode file for STMicroelectronics.X-CUBE-SAFEA1.1.2.2
2024-11-06 11:01:21,630 [WARN] PackLoader:240 - Cannot read IP mode file for STMicroelectronics.X-CUBE-NFC4.3.0.0
2024-11-06 11:01:21,650 [WARN] PackLoader:240 - Cannot read IP mode file for EmbeddedOffice.I-CUBE-FS-RTOS.1.0.1
2024-11-06 11:01:21,650 [ERROR] ConditionMgr:805 - Attr not supported : Dmpu
2024-11-06 11:01:21,651 [ERROR] ConditionMgr:805 - Attr not supported : Dmpu
2024-11-06 11:01:21,651 [ERROR] ConditionMgr:805 - Attr not supported : Dmpu
2024-11-06 11:01:21,651 [ERROR] ConditionMgr:805 - Attr not supported : Dmpu
2024-11-06 11:01:21,651 [ERROR] ConditionMgr:805 - Attr not supported : Dmpu
2024-11-06 11:01:21,651 [ERROR] ConditionMgr:805 - Attr not supported : Dmpu
2024-11-06 11:01:21,651 [ERROR] ConditionMgr:805 - Attr not supported : Dmpu
2024-11-06 11:01:21,652 [ERROR] ConditionMgr:805 - Attr not supported : Dmpu
2024-11-06 11:01:21,652 [ERROR] ConditionMgr:805 - Attr not supported : Dmpu
2024-11-06 11:01:21,652 [ERROR] ConditionMgr:805 - Attr not supported : Dmpu
2024-11-06 11:01:21,652 [ERROR] ConditionMgr:805 - Attr not supported : Dmpu
2024-11-06 11:01:21,652 [ERROR] ConditionMgr:805 - Attr not supported : Dmpu
2024-11-06 11:01:21,652 [ERROR] ConditionMgr:805 - Attr not supported : Dmpu
2024-11-06 11:01:21,653 [ERROR] ConditionMgr:805 - Attr not supported : Dmpu
2024-11-06 11:01:21,653 [ERROR] ConditionMgr:805 - Attr not supported : Dmpu
2024-11-06 11:01:21,653 [ERROR] ConditionMgr:805 - Attr not supported : Dmpu
2024-11-06 11:01:21,653 [ERROR] ConditionMgr:805 - Attr not supported : Dmpu
2024-11-06 11:01:21,653 [ERROR] ConditionMgr:805 - Attr not supported : Dmpu
2024-11-06 11:01:21,653 [ERROR] ConditionMgr:805 - Attr not supported : Dmpu
2024-11-06 11:01:21,653 [ERROR] ConditionMgr:805 - Attr not supported : Dmpu
2024-11-06 11:01:21,654 [ERROR] ConditionMgr:805 - Attr not supported : Dmpu
2024-11-06 11:01:21,654 [ERROR] ConditionMgr:805 - Attr not supported : Dmpu
2024-11-06 11:01:21,654 [ERROR] ConditionMgr:805 - Attr not supported : Dmpu
2024-11-06 11:01:21,654 [ERROR] ConditionMgr:805 - Attr not supported : Dmpu
2024-11-06 11:01:21,654 [ERROR] ConditionMgr:805 - Attr not supported : Dmpu
2024-11-06 11:01:21,654 [ERROR] ConditionMgr:805 - Attr not supported : Dmpu
2024-11-06 11:01:21,655 [ERROR] ConditionMgr:805 - Attr not supported : Dmpu
2024-11-06 11:01:21,655 [ERROR] ConditionMgr:805 - Attr not supported : Dmpu
2024-11-06 11:01:21,655 [ERROR] ConditionMgr:805 - Attr not supported : Dmpu
2024-11-06 11:01:21,655 [ERROR] ConditionMgr:805 - Attr not supported : Dmpu
2024-11-06 11:01:21,655 [ERROR] ConditionMgr:805 - Attr not supported : Dmpu
2024-11-06 11:01:21,655 [ERROR] ConditionMgr:805 - Attr not supported : Dmpu
2024-11-06 11:01:21,655 [ERROR] ConditionMgr:805 - Attr not supported : Dmpu
2024-11-06 11:01:21,655 [ERROR] ConditionMgr:805 - Attr not supported : Dmpu
2024-11-06 11:01:21,656 [ERROR] ConditionMgr:805 - Attr not supported : Dmpu
2024-11-06 11:01:21,656 [ERROR] ConditionMgr:805 - Attr not supported : Dmpu
2024-11-06 11:01:21,656 [ERROR] ConditionMgr:805 - Attr not supported : Dmpu
2024-11-06 11:01:21,656 [ERROR] ConditionMgr:805 - Attr not supported : Dmpu
2024-11-06 11:01:21,656 [ERROR] ConditionMgr:805 - Attr not supported : Dmpu
2024-11-06 11:01:21,656 [ERROR] ConditionMgr:805 - Attr not supported : Dmpu
2024-11-06 11:01:21,656 [ERROR] ConditionMgr:805 - Attr not supported : Dmpu
2024-11-06 11:01:21,657 [ERROR] ConditionMgr:805 - Attr not supported : Dmpu
2024-11-06 11:01:21,657 [ERROR] ConditionMgr:805 - Attr not supported : Dmpu
2024-11-06 11:01:21,657 [ERROR] ConditionMgr:805 - Attr not supported : Dmpu
2024-11-06 11:01:21,657 [ERROR] ConditionMgr:805 - Attr not supported : Dmpu
2024-11-06 11:01:21,657 [ERROR] ConditionMgr:805 - Attr not supported : Dmpu
2024-11-06 11:01:21,657 [ERROR] ConditionMgr:805 - Attr not supported : Dmpu
2024-11-06 11:01:21,657 [ERROR] ConditionMgr:805 - Attr not supported : Dmpu
2024-11-06 11:01:21,658 [ERROR] ConditionMgr:805 - Attr not supported : Dmpu
2024-11-06 11:01:21,658 [ERROR] ConditionMgr:805 - Attr not supported : Dmpu
2024-11-06 11:01:21,658 [ERROR] ConditionMgr:805 - Attr not supported : Dmpu
2024-11-06 11:01:21,658 [ERROR] ConditionMgr:805 - Attr not supported : Dmpu
2024-11-06 11:01:21,658 [ERROR] ConditionMgr:805 - Attr not supported : Dmpu
2024-11-06 11:01:21,658 [ERROR] ConditionMgr:805 - Attr not supported : Dmpu
2024-11-06 11:01:21,658 [ERROR] ConditionMgr:805 - Attr not supported : Dmpu
2024-11-06 11:01:21,659 [ERROR] ConditionMgr:805 - Attr not supported : Dmpu
2024-11-06 11:01:21,659 [ERROR] ConditionMgr:805 - Attr not supported : Dmpu
2024-11-06 11:01:21,659 [ERROR] ConditionMgr:805 - Attr not supported : Dmpu
2024-11-06 11:01:21,659 [ERROR] ConditionMgr:805 - Attr not supported : Dmpu
2024-11-06 11:01:21,659 [ERROR] ConditionMgr:805 - Attr not supported : Dmpu
2024-11-06 11:01:21,659 [ERROR] ConditionMgr:805 - Attr not supported : Dmpu
2024-11-06 11:01:21,659 [ERROR] ConditionMgr:805 - Attr not supported : Dmpu
2024-11-06 11:01:21,660 [ERROR] ConditionMgr:805 - Attr not supported : Dmpu
2024-11-06 11:01:21,660 [ERROR] ConditionMgr:805 - Attr not supported : Dmpu
2024-11-06 11:01:21,666 [WARN] PackLoader:240 - Cannot read IP mode file for RealThread.X-CUBE-RT-Thread_Nano.4.1.1
2024-11-06 11:01:21,671 [WARN] PackLoader:240 - Cannot read IP mode file for STMicroelectronics.FP-ATR-SIGFOX1.3.2.0
2024-11-06 11:01:21,678 [WARN] PackLoader:240 - Cannot read IP mode file for wolfSSL.I-CUBE-wolfSSL.5.7.2
2024-11-06 11:01:21,687 [WARN] PackLoader:240 - Cannot read IP mode file for STMicroelectronics.X-CUBE-EEPRMA1.5.1.0
2024-11-06 11:01:21,697 [WARN] PackLoader:240 - Cannot read IP mode file for ITTIA_DB.I-CUBE-ITTIADB.8.9.0
2024-11-06 11:01:21,755 [WARN] PackLoader:240 - Cannot read IP mode file for SEGGER.I-CUBE-embOS.1.3.1
2024-11-06 11:01:21,897 [WARN] PackLoader:240 - Cannot read IP mode file for STMicroelectronics.X-CUBE-ALGOBUILD.1.4.0
2024-11-06 11:01:21,904 [WARN] PackLoader:240 - Cannot read IP mode file for STMicroelectronics.X-CUBE-AI.9.1.0
2024-11-06 11:01:21,942 [WARN] PackLoader:240 - Cannot read IP mode file for STMicroelectronics.X-CUBE-AZRTOS-F4.1.1.0
2024-11-06 11:01:21,961 [WARN] PackLoader:240 - Cannot read IP mode file for STMicroelectronics.X-CUBE-ISPU.2.1.0
2024-11-06 11:01:21,983 [WARN] PackLoader:240 - Cannot read IP mode file for STMicroelectronics.X-CUBE-FREERTOS.1.2.0
2024-11-06 11:01:22,023 [WARN] PackLoader:240 - Cannot read IP mode file for STMicroelectronics.X-CUBE-AZRTOS-L5.2.0.0
2024-11-06 11:01:22,040 [WARN] PackLoader:240 - Cannot read IP mode file for STMicroelectronics.X-CUBE-NFC6.3.1.0
2024-11-06 11:01:22,062 [WARN] PackLoader:240 - Cannot read IP mode file for STMicroelectronics.X-CUBE-DPower.1.2.0
2024-11-06 11:01:22,067 [WARN] PackLoader:240 - Cannot read IP mode file for STMicroelectronics.X-CUBE-AI.9.0.0
2024-11-06 11:01:22,074 [WARN] PackLoader:240 - Cannot read IP mode file for STMicroelectronics.X-CUBE-NFC7.1.0.1
2024-11-06 11:01:22,106 [WARN] ConditionMgr:438 - getConditionDescription Invalid condition id : LAN8742 Phy interface Condition cause : null
2024-11-06 11:01:22,108 [WARN] PackLoader:240 - Cannot read IP mode file for STMicroelectronics.X-CUBE-AZRTOS-L4.2.0.0
2024-11-06 11:01:22,110 [WARN] ConditionMgr:1039 - genDependencies : Invalid condition id : LAN8742 Phy interface Condition cause : null
2024-11-06 11:01:22,110 [WARN] ConditionMgr:1039 - genDependencies : Invalid condition id : LAN8742 Phy interface Condition cause : null
2024-11-06 11:01:22,112 [WARN] ConditionMgr:1039 - genDependencies : Invalid condition id : LAN8742 Phy interface Condition cause : null
2024-11-06 11:01:22,124 [WARN] PackLoader:240 - Cannot read IP mode file for STMicroelectronics.X-CUBE-SFXS2LP1.4.0.0
2024-11-06 11:01:22,164 [WARN] PackLoader:240 - Cannot read IP mode file for STMicroelectronics.X-CUBE-AZRTOS-H7.3.3.0
2024-11-06 11:01:22,185 [WARN] PackLoader:240 - Cannot read IP mode file for STMicroelectronics.X-CUBE-IPS.3.0.0
2024-11-06 11:01:22,212 [WARN] ConditionMgr:438 - getConditionDescription Invalid condition id : UX DEVICE CLASS RTOS Condition cause : null
2024-11-06 11:01:22,213 [WARN] ConditionMgr:438 - getConditionDescription Invalid condition id : UX DEVICE CLASS RTOS Condition cause : null
2024-11-06 11:01:22,217 [WARN] PackLoader:240 - Cannot read IP mode file for STMicroelectronics.X-CUBE-AZRTOS-WB.2.0.0
2024-11-06 11:01:22,218 [WARN] ConditionMgr:1039 - genDependencies : Invalid condition id : UX DEVICE CLASS RTOS Condition cause : null
2024-11-06 11:01:22,218 [WARN] ConditionMgr:1039 - genDependencies : Invalid condition id : UX DEVICE CLASS RTOS Condition cause : null
2024-11-06 11:01:22,219 [WARN] ConditionMgr:1039 - genDependencies : Invalid condition id : UX DEVICE CLASS RTOS Condition cause : null
2024-11-06 11:01:22,219 [WARN] ConditionMgr:1039 - genDependencies : Invalid condition id : UX DEVICE CLASS RTOS Condition cause : null
2024-11-06 11:01:22,220 [WARN] ConditionMgr:1039 - genDependencies : Invalid condition id : UX DEVICE CLASS RTOS Condition cause : null
2024-11-06 11:01:22,227 [WARN] PackLoader:240 - Cannot read IP mode file for STMicroelectronics.X-CUBE-GNSS1.7.0.0
2024-11-06 11:01:22,251 [WARN] PackLoader:240 - Cannot read IP mode file for STMicroelectronics.FP-SNS-STBOX1.2.0.0
2024-11-06 11:01:22,271 [WARN] PackLoader:240 - Cannot read IP mode file for STMicroelectronics.X-CUBE-SUBG2.5.0.0
2024-11-06 11:01:22,285 [WARN] PackLoader:240 - Cannot read IP mode file for Cesanta.I-CUBE-Mongoose.7.13.0
2024-11-06 11:01:22,322 [WARN] PackLoader:240 - Cannot read IP mode file for STMicroelectronics.X-CUBE-AZRTOS-G4.2.0.0
2024-11-06 11:01:22,329 [WARN] PackLoader:240 - Cannot read IP mode file for STMicroelectronics.X-CUBE-ALS.1.0.2
2024-11-06 11:01:22,336 [WARN] PackLoader:240 - Cannot read IP mode file for STMicroelectronics.X-CUBE-TOUCHGFX.4.24.1
2024-11-06 11:01:22,344 [WARN] PackLoader:240 - Cannot read IP mode file for wolfSSL.I-CUBE-wolfTPM.3.4.0
2024-11-06 11:01:22,352 [WARN] PackLoader:240 - Cannot read IP mode file for portGmbH.I-Cube-SoM-uGOAL.1.1.0
2024-11-06 11:01:22,385 [WARN] PackLoader:240 - Cannot read IP mode file for STMicroelectronics.X-CUBE-AZRTOS-H7RS.1.0.0
2024-11-06 11:01:22,393 [WARN] PackLoader:240 - Cannot read IP mode file for STMicroelectronics.FP-ATR-ASTRA1.2.0.0
2024-11-06 11:01:22,406 [WARN] PackLoader:240 - Cannot read IP mode file for STMicroelectronics.X-CUBE-TOF1.3.4.2
2024-11-06 11:01:22,454 [WARN] PackLoader:240 - Cannot read IP mode file for Infineon.AIROC-Wi-Fi-Bluetooth-STM32.1.6.1
2024-11-06 11:01:22,462 [WARN] PackLoader:240 - Cannot read IP mode file for wolfSSL.I-CUBE-wolfSSH.1.4.17
2024-11-06 11:01:22,463 [INFO] ThirdParty:978 - Integrity check success = true
2024-11-06 11:01:22,463 [INFO] IntegrityCheckThread:100 - exiting critical section [integrity check]
2024-11-06 11:01:22,463 [INFO] IntegrityCheckThread:103 - End integrity checks thread
2024-11-06 12:36:40,798 [INFO] WebApp:189 - Connection lost
2024-11-06 12:36:45,735 [INFO] WebApp:186 - Connection restablished
2024-11-06 12:37:21,431 [INFO] WebApp:189 - Connection lost
2024-11-06 12:37:24,489 [INFO] WebApp:186 - Connection restablished
2024-11-06 12:37:26,399 [INFO] WebApp:189 - Connection lost
2024-11-06 12:37:26,532 [INFO] WebApp:186 - Connection restablished
2024-11-06 14:59:30,913 [ERROR] LogOutputStream:75 - [STDERR_REDIRECT] 
2024-11-06 15:02:39,400 [INFO] Activator:176 - 


2024-11-06 15:02:39,403 [INFO] Activator:177 - !SESSION log4j initialized
2024-11-06 15:02:44,378 [INFO] LogOutputStream:77 - [STDOUT_REDIRECT] 
2024-11-06 15:02:45,632 [INFO] ApplicationProperties:184 - Using Application install path: /home/ante/st/stm32cubeide_1.16.1/plugins/com.st.stm32cube.common.mx_6.12.1.202409122256
2024-11-06 15:02:45,663 [INFO] DbMcusXml:78 - Set database path to: /home/ante/st/stm32cubeide_1.16.1/plugins/com.st.stm32cube.common.mx_6.12.1.202409122256//db//mcu/
2024-11-06 15:02:45,664 [INFO] ApiDb:274 - Set plugin database path to: /home/ante/st/stm32cubeide_1.16.1/plugins/com.st.stm32cube.common.mx_6.12.1.202409122256//db//plugins/boardmanager/
2024-11-06 15:02:45,664 [WARN] ApiDb:259 - Overriding images path with different value:  => /home/ante/st/stm32cubeide_1.16.1/plugins/com.st.stm32cube.common.mx_6.12.1.202409122256//db//plugins/mcufinder/images/
2024-11-06 15:02:45,671 [INFO] ApiDb:250 - Set database path to: /home/ante/.stmcufinder/plugins/mcufinder//mcu/
2024-11-06 15:02:45,673 [INFO] DbMcusAds:125 - Set database path to: /home/ante/.stmcufinder/plugins/mcufinder//mcu/
2024-11-06 15:02:45,677 [INFO] CrossReferenceDbSqlite:203 - Set database path to: /home/ante/.stmcufinder/plugins/mcufinder//mcu/cs/
2024-11-06 15:02:45,936 [INFO] RulesReader:64 - Compatibility file has been processed (297 Rules)
2024-11-06 15:02:46,033 [INFO] DbMcusXml:78 - Set database path to: /home/ante/st/stm32cubeide_1.16.1/plugins/com.st.stm32cube.common.mx_6.12.1.202409122256//db//mcu/
2024-11-06 15:02:46,033 [INFO] ApiDb:274 - Set plugin database path to: /home/ante/st/stm32cubeide_1.16.1/plugins/com.st.stm32cube.common.mx_6.12.1.202409122256//db//plugins/boardmanager/
2024-11-06 15:02:46,033 [INFO] ApiDb:261 - Set plugin images path to: /home/ante/st/stm32cubeide_1.16.1/plugins/com.st.stm32cube.common.mx_6.12.1.202409122256//db//plugins/mcufinder/images/
2024-11-06 15:02:46,034 [WARN] DbFile:41 - Overriding database path with different value: /home/ante/.stmcufinder/plugins/mcufinder/ => /home/ante/.stmcufinder/plugins/mcufinder
2024-11-06 15:02:46,034 [INFO] ApiDb:250 - Set database path to: /home/ante/.stmcufinder/plugins/mcufinder//mcu/
2024-11-06 15:02:46,034 [WARN] DbFile:41 - Overriding database path with different value: /home/ante/.stmcufinder/plugins/mcufinder/ => /home/ante/.stmcufinder/plugins/mcufinder
2024-11-06 15:02:46,034 [INFO] DbMcusAds:125 - Set database path to: /home/ante/.stmcufinder/plugins/mcufinder//mcu/
2024-11-06 15:02:46,034 [WARN] DbFile:41 - Overriding database path with different value: /home/ante/.stmcufinder/plugins/mcufinder/ => /home/ante/.stmcufinder/plugins/mcufinder
2024-11-06 15:02:46,034 [WARN] DbFile:41 - Overriding database path with different value: /home/ante/.stmcufinder/plugins/mcufinder/ => /home/ante/.stmcufinder/plugins/mcufinder
2024-11-06 15:02:46,035 [INFO] CrossReferenceDbSqlite:203 - Set database path to: /home/ante/.stmcufinder/plugins/mcufinder//mcu/cs/
2024-11-06 15:02:46,113 [INFO] MainPanel:268 - HeapMemory: 268435456
2024-11-06 15:02:46,251 [INFO] DbMcusXml:78 - Set database path to: /home/ante/st/stm32cubeide_1.16.1/plugins/com.st.stm32cube.common.mx_6.12.1.202409122256//db//mcu/
2024-11-06 15:02:46,252 [INFO] ApiDb:274 - Set plugin database path to: /home/ante/st/stm32cubeide_1.16.1/plugins/com.st.stm32cube.common.mx_6.12.1.202409122256//db//plugins/boardmanager/
2024-11-06 15:02:46,252 [INFO] ApiDb:261 - Set plugin images path to: /home/ante/st/stm32cubeide_1.16.1/plugins/com.st.stm32cube.common.mx_6.12.1.202409122256//db//plugins/mcufinder/images/
2024-11-06 15:02:46,252 [WARN] DbFile:41 - Overriding database path with different value: /home/ante/.stmcufinder/plugins/mcufinder/ => /home/ante/.stmcufinder/plugins/mcufinder
2024-11-06 15:02:46,253 [INFO] ApiDb:250 - Set database path to: /home/ante/.stmcufinder/plugins/mcufinder//mcu/
2024-11-06 15:02:46,253 [WARN] DbFile:41 - Overriding database path with different value: /home/ante/.stmcufinder/plugins/mcufinder/ => /home/ante/.stmcufinder/plugins/mcufinder
2024-11-06 15:02:46,253 [INFO] DbMcusAds:125 - Set database path to: /home/ante/.stmcufinder/plugins/mcufinder//mcu/
2024-11-06 15:02:46,253 [WARN] DbFile:41 - Overriding database path with different value: /home/ante/.stmcufinder/plugins/mcufinder/ => /home/ante/.stmcufinder/plugins/mcufinder
2024-11-06 15:02:46,253 [WARN] DbFile:41 - Overriding database path with different value: /home/ante/.stmcufinder/plugins/mcufinder/ => /home/ante/.stmcufinder/plugins/mcufinder
2024-11-06 15:02:46,253 [INFO] CrossReferenceDbSqlite:203 - Set database path to: /home/ante/.stmcufinder/plugins/mcufinder//mcu/cs/
2024-11-06 15:02:46,275 [INFO] ApplicationProperties:184 - Using Application install path: /home/ante/st/stm32cubeide_1.16.1/plugins/com.st.stm32cube.common.mx_6.12.1.202409122256
2024-11-06 15:02:46,277 [INFO] PluginManage:196 - Search for loadable plugins [exclusion list=, ]
2024-11-06 15:02:46,280 [INFO] PluginManage:310 - Check plugin analytics
2024-11-06 15:02:46,518 [INFO] AnalyticsPlugin:253 - Accepted Software Licenses: 
2024-11-06 15:02:46,518 [INFO] AnalyticsPlugin:255 - Accepted CMSIS Pack Licenses: 
2024-11-06 15:02:46,518 [INFO] AnalyticsPlugin:257 - Accepted Firmware Licenses: FW.WL.1.3.0
2024-11-06 15:02:46,521 [INFO] PluginManage:359 - Loaded plugin analytics (category:tool,tabindex:-1)
2024-11-06 15:02:46,522 [INFO] PluginManage:310 - Check plugin cadmodel
2024-11-06 15:02:46,526 [INFO] CADModel:105 - Init CAD model plugin
2024-11-06 15:02:46,526 [INFO] PluginManage:359 - Loaded plugin cadmodel (category:power,tabindex:5)
2024-11-06 15:02:46,526 [INFO] PluginManage:310 - Check plugin clock
2024-11-06 15:02:46,536 [INFO] PluginManage:359 - Loaded plugin clock (category:base,tabindex:2)
2024-11-06 15:02:46,536 [INFO] PluginManage:310 - Check plugin ddr
2024-11-06 15:02:46,538 [INFO] PluginManage:359 - Loaded plugin ddr (category:tool,tabindex:6)
2024-11-06 15:02:46,538 [INFO] PluginManage:310 - Check plugin filemanager
2024-11-06 15:02:46,752 [INFO] PluginManage:359 - Loaded plugin filemanager (category:base,tabindex:10)
2024-11-06 15:02:46,752 [INFO] PluginManage:310 - Check plugin ipmanager
2024-11-06 15:02:46,759 [INFO] PluginManage:359 - Loaded plugin ipmanager (category:base,tabindex:5)
2024-11-06 15:02:46,759 [INFO] PluginManage:310 - Check plugin lpbam
2024-11-06 15:02:46,775 [INFO] PluginManage:359 - Loaded plugin lpbam (category:base,tabindex:0)
2024-11-06 15:02:46,775 [INFO] PluginManage:310 - Check plugin memorymap
2024-11-06 15:02:46,803 [INFO] PluginManage:359 - Loaded plugin memorymap (category:base,tabindex:4)
2024-11-06 15:02:46,803 [INFO] PluginManage:310 - Check plugin pinoutandconfiguration
2024-11-06 15:02:46,816 [INFO] PluginManage:359 - Loaded plugin pinoutandconfiguration (category:base,tabindex:1)
2024-11-06 15:02:46,816 [INFO] PluginManage:310 - Check plugin pinoutconfig
2024-11-06 15:02:46,958 [WARN] SupportedApi:132 - Cannot load RTOS API schema: s4s-elt-must-match.1: The content of 'definitions' must match (annotation?, (simpleType | complexType)?, (unique | key | keyref)*)). A problem was found starting at: attribute.
2024-11-06 15:02:47,154 [INFO] PluginManage:359 - Loaded plugin pinoutconfig (category:base,tabindex:0)
2024-11-06 15:02:47,155 [INFO] PluginManage:310 - Check plugin power
2024-11-06 15:02:47,165 [INFO] PluginManage:359 - Loaded plugin power (category:power,tabindex:4)
2024-11-06 15:02:47,166 [INFO] PluginManage:310 - Check plugin projectmanager
2024-11-06 15:02:47,194 [INFO] PluginManage:359 - Loaded plugin projectmanager (category:projectmanager,tabindex:4)
2024-11-06 15:02:47,195 [INFO] PluginManage:310 - Check plugin rif
2024-11-06 15:02:47,203 [INFO] PluginManage:359 - Loaded plugin rif (category:base,tabindex:3)
2024-11-06 15:02:47,203 [INFO] PluginManage:310 - Check plugin thirdparty
2024-11-06 15:02:47,405 [WARN] IntegrityCheckThread:84 - waiting for thirdparty lock release [integrity check]
2024-11-06 15:02:47,406 [INFO] PluginManage:359 - Loaded plugin thirdparty (category:base,tabindex:-1)
2024-11-06 15:02:47,406 [INFO] IntegrityCheckThread:86 - entering critical section [integrity check]
2024-11-06 15:02:47,406 [INFO] PluginManage:310 - Check plugin tools
2024-11-06 15:02:47,407 [INFO] ThirdPartyUpdaterWithRetryManager:70 - Updater plugin not ready yet. [1/15]
2024-11-06 15:02:47,409 [INFO] PluginManage:359 - Loaded plugin tools (category:base,tabindex:7)
2024-11-06 15:02:47,410 [INFO] PluginManage:310 - Check plugin tutovideos
2024-11-06 15:02:47,809 [INFO] PluginManage:359 - Loaded plugin tutovideos (category:base,tabindex:-1)
2024-11-06 15:02:47,810 [INFO] PluginManage:310 - Check plugin updater
2024-11-06 15:02:47,847 [INFO] PluginManage:359 - Loaded plugin updater (category:base,tabindex:12)
2024-11-06 15:02:47,848 [INFO] PluginManage:310 - Check plugin userauth
2024-11-06 15:02:47,858 [INFO] UserAuth:113 - Init User Auth plugin
2024-11-06 15:02:47,858 [INFO] PluginManage:359 - Loaded plugin userauth (category:base,tabindex:14)
2024-11-06 15:02:47,859 [INFO] PluginManage:283 - PluginManage : Loaded plugins [18]
2024-11-06 15:02:48,258 [INFO] PinOutPanel:1561 - setPackage(No Configuration,No Configuration)
2024-11-06 15:02:48,484 [INFO] CADModel:165 - CPN selected for project level
2024-11-06 15:02:48,485 [INFO] CADModel:114 - Register for checkConnection events
2024-11-06 15:02:48,504 [INFO] IPUIPlugin:80 - create IPUIPlugin
2024-11-06 15:02:48,504 [INFO] PluginManager:220 - loadIPPluginJar : add genericplugin
2024-11-06 15:02:48,507 [INFO] IPUIPlugin:80 - create IPUIPlugin
2024-11-06 15:02:48,507 [INFO] PluginManager:220 - loadIPPluginJar : add ltdc
2024-11-06 15:02:48,516 [INFO] IPUIPlugin:80 - create IPUIPlugin
2024-11-06 15:02:48,516 [INFO] PluginManager:220 - loadIPPluginJar : add i2c
2024-11-06 15:02:48,519 [INFO] IPUIPlugin:80 - create IPUIPlugin
2024-11-06 15:02:48,520 [INFO] PluginManager:220 - loadIPPluginJar : add ucpd
2024-11-06 15:02:48,525 [INFO] IPUIPlugin:80 - create IPUIPlugin
2024-11-06 15:02:48,525 [INFO] PluginManager:220 - loadIPPluginJar : add sai
2024-11-06 15:02:48,530 [INFO] IPUIPlugin:80 - create IPUIPlugin
2024-11-06 15:02:48,531 [INFO] PluginManager:220 - loadIPPluginJar : add pdm2pcm
2024-11-06 15:02:48,533 [INFO] IPUIPlugin:80 - create IPUIPlugin
2024-11-06 15:02:48,535 [INFO] PluginManager:220 - loadIPPluginJar : add radio
2024-11-06 15:02:48,546 [INFO] IPUIPlugin:80 - create IPUIPlugin
2024-11-06 15:02:48,552 [INFO] PluginManager:220 - loadIPPluginJar : add plateformsettings
2024-11-06 15:02:48,565 [INFO] IPUIPlugin:80 - create IPUIPlugin
2024-11-06 15:02:48,566 [INFO] PluginManager:220 - loadIPPluginJar : add adc
2024-11-06 15:02:48,580 [INFO] IPUIPlugin:80 - create IPUIPlugin
2024-11-06 15:02:48,581 [INFO] PluginManager:220 - loadIPPluginJar : add mdma
2024-11-06 15:02:48,588 [INFO] IPUIPlugin:80 - create IPUIPlugin
2024-11-06 15:02:48,588 [INFO] PluginManager:220 - loadIPPluginJar : add nvic
2024-11-06 15:02:48,594 [INFO] IPUIPlugin:80 - create IPUIPlugin
2024-11-06 15:02:48,594 [INFO] PluginManager:220 - loadIPPluginJar : add comp
2024-11-06 15:02:48,603 [INFO] IPUIPlugin:80 - create IPUIPlugin
2024-11-06 15:02:48,603 [INFO] PluginManager:220 - loadIPPluginJar : add spi
2024-11-06 15:02:48,615 [INFO] IPUIPlugin:80 - create IPUIPlugin
2024-11-06 15:02:48,616 [INFO] PluginManager:220 - loadIPPluginJar : add hash
2024-11-06 15:02:48,621 [INFO] IPUIPlugin:80 - create IPUIPlugin
2024-11-06 15:02:48,622 [INFO] PluginManager:220 - loadIPPluginJar : add resmgrutility
2024-11-06 15:02:48,625 [INFO] IPUIPlugin:80 - create IPUIPlugin
2024-11-06 15:02:48,625 [INFO] PluginManager:220 - loadIPPluginJar : add gfxmmu
2024-11-06 15:02:48,630 [INFO] IPUIPlugin:80 - create IPUIPlugin
2024-11-06 15:02:48,630 [INFO] PluginManager:220 - loadIPPluginJar : add gtzc
2024-11-06 15:02:48,637 [INFO] IPUIPlugin:80 - create IPUIPlugin
2024-11-06 15:02:48,638 [INFO] PluginManager:220 - loadIPPluginJar : add gpio
2024-11-06 15:02:48,642 [INFO] IPUIPlugin:80 - create IPUIPlugin
2024-11-06 15:02:48,642 [INFO] PluginManager:220 - loadIPPluginJar : add lorawan
2024-11-06 15:02:48,645 [INFO] IPUIPlugin:80 - create IPUIPlugin
2024-11-06 15:02:48,645 [INFO] PluginManager:220 - loadIPPluginJar : add quadspi
2024-11-06 15:02:48,649 [INFO] IPUIPlugin:80 - create IPUIPlugin
2024-11-06 15:02:48,650 [INFO] PluginManager:220 - loadIPPluginJar : add can
2024-11-06 15:02:48,653 [INFO] IPUIPlugin:80 - create IPUIPlugin
2024-11-06 15:02:48,654 [INFO] PluginManager:220 - loadIPPluginJar : add aes
2024-11-06 15:02:48,658 [INFO] IPUIPlugin:80 - create IPUIPlugin
2024-11-06 15:02:48,659 [INFO] PluginManager:220 - loadIPPluginJar : add i3c
2024-11-06 15:02:48,664 [INFO] IPUIPlugin:80 - create IPUIPlugin
2024-11-06 15:02:48,665 [INFO] PluginManager:220 - loadIPPluginJar : add touchsensing
2024-11-06 15:02:48,670 [INFO] IPUIPlugin:80 - create IPUIPlugin
2024-11-06 15:02:48,670 [INFO] PluginManager:220 - loadIPPluginJar : add ddr_ctrl_phy
2024-11-06 15:02:48,673 [INFO] IPUIPlugin:80 - create IPUIPlugin
2024-11-06 15:02:48,674 [INFO] PluginManager:220 - loadIPPluginJar : add ts
2024-11-06 15:02:48,682 [INFO] IPUIPlugin:80 - create IPUIPlugin
2024-11-06 15:02:48,682 [INFO] PluginManager:220 - loadIPPluginJar : add freertos
2024-11-06 15:02:48,687 [INFO] IPUIPlugin:80 - create IPUIPlugin
2024-11-06 15:02:48,687 [INFO] PluginManager:220 - loadIPPluginJar : add ipddr
2024-11-06 15:02:48,690 [INFO] IPUIPlugin:80 - create IPUIPlugin
2024-11-06 15:02:48,690 [INFO] PluginManager:220 - loadIPPluginJar : add dfsdm
2024-11-06 15:02:48,694 [INFO] IPUIPlugin:80 - create IPUIPlugin
2024-11-06 15:02:48,695 [INFO] PluginManager:220 - loadIPPluginJar : add extmemmanager
2024-11-06 15:02:48,698 [INFO] IPUIPlugin:80 - create IPUIPlugin
2024-11-06 15:02:48,698 [INFO] PluginManager:220 - loadIPPluginJar : add cryp
2024-11-06 15:02:48,705 [INFO] IPUIPlugin:80 - create IPUIPlugin
2024-11-06 15:02:48,705 [INFO] PluginManager:220 - loadIPPluginJar : add gic
2024-11-06 15:02:48,709 [INFO] IPUIPlugin:80 - create IPUIPlugin
2024-11-06 15:02:48,710 [INFO] PluginManager:220 - loadIPPluginJar : add usbx
2024-11-06 15:02:48,713 [INFO] IPUIPlugin:80 - create IPUIPlugin
2024-11-06 15:02:48,714 [INFO] PluginManager:220 - loadIPPluginJar : add openamp
2024-11-06 15:02:48,716 [INFO] IPUIPlugin:80 - create IPUIPlugin
2024-11-06 15:02:48,717 [INFO] PluginManager:220 - loadIPPluginJar : add tracer_emb
2024-11-06 15:02:48,720 [INFO] IPUIPlugin:80 - create IPUIPlugin
2024-11-06 15:02:48,721 [INFO] PluginManager:220 - loadIPPluginJar : add usart
2024-11-06 15:02:48,722 [INFO] IPUIPlugin:80 - create IPUIPlugin
2024-11-06 15:02:48,723 [INFO] PluginManager:220 - loadIPPluginJar : add fatfs
2024-11-06 15:02:48,727 [INFO] IPUIPlugin:80 - create IPUIPlugin
2024-11-06 15:02:48,727 [INFO] PluginManager:220 - loadIPPluginJar : add opamp
2024-11-06 15:02:48,735 [INFO] IPUIPlugin:80 - create IPUIPlugin
2024-11-06 15:02:48,735 [INFO] PluginManager:220 - loadIPPluginJar : add stm32_wpan
2024-11-06 15:02:48,742 [INFO] IPUIPlugin:80 - create IPUIPlugin
2024-11-06 15:02:48,743 [INFO] PluginManager:220 - loadIPPluginJar : add fmc
2024-11-06 15:02:48,754 [INFO] IPUIPlugin:80 - create IPUIPlugin
2024-11-06 15:02:48,755 [INFO] PluginManager:220 - loadIPPluginJar : add linkedlist
2024-11-06 15:02:48,757 [INFO] IPUIPlugin:80 - create IPUIPlugin
2024-11-06 15:02:48,757 [INFO] PluginManager:220 - loadIPPluginJar : add tim
2024-11-06 15:02:48,759 [INFO] IPUIPlugin:80 - create IPUIPlugin
2024-11-06 15:02:48,760 [INFO] PluginManager:220 - loadIPPluginJar : add tsc
2024-11-06 15:02:48,769 [INFO] IPUIPlugin:80 - create IPUIPlugin
2024-11-06 15:02:48,770 [INFO] PluginManager:220 - loadIPPluginJar : add dma
2024-11-06 15:02:48,773 [INFO] IPUIPlugin:80 - create IPUIPlugin
2024-11-06 15:02:48,773 [INFO] PluginManager:220 - loadIPPluginJar : add i2s
2024-11-06 15:02:48,777 [INFO] IPUIPlugin:80 - create IPUIPlugin
2024-11-06 15:02:48,777 [INFO] PluginManager:220 - loadIPPluginJar : add dma3
2024-11-06 15:02:48,898 [INFO] CADModel:165 - CPN selected for project level
2024-11-06 15:02:48,898 [INFO] CADModel:114 - Register for checkConnection events
2024-11-06 15:02:48,899 [FATAL] Updater:334 - Updater called before beeing initialized
2024-11-06 15:02:48,899 [ERROR] CADModel:125 - Updater not yet initialized, retry later 
2024-11-06 15:02:49,032 [INFO] CADModel:165 - CPN selected for project level
2024-11-06 15:02:49,032 [INFO] CADModel:114 - Register for checkConnection events
2024-11-06 15:02:49,032 [FATAL] Updater:334 - Updater called before beeing initialized
2024-11-06 15:02:49,032 [ERROR] CADModel:125 - Updater not yet initialized, retry later 
2024-11-06 15:02:49,037 [FATAL] Updater:334 - Updater called before beeing initialized
2024-11-06 15:02:49,137 [FATAL] Updater:334 - Updater called before beeing initialized
2024-11-06 15:02:49,143 [INFO] DbMcusAds:53 - JSON generation date=Fri Sep 20 15:04:23 CEST 2024 (1726837463113)
2024-11-06 15:02:49,143 [FATAL] Updater:334 - Updater called before beeing initialized
2024-11-06 15:02:49,183 [WARN] DetailPanel:346 - Failed to get advertising image, set to default
2024-11-06 15:02:49,304 [FATAL] Updater:334 - Updater called before beeing initialized
2024-11-06 15:02:49,306 [FATAL] Updater:334 - Updater called before beeing initialized
2024-11-06 15:02:49,306 [FATAL] Updater:334 - Updater called before beeing initialized
2024-11-06 15:02:49,306 [WARN] DetailPanel:346 - Failed to get advertising image, set to default
2024-11-06 15:02:49,307 [FATAL] Updater:334 - Updater called before beeing initialized
2024-11-06 15:02:49,365 [ERROR] Updater:1164 - MainUpdater not yet initialized. External WinMGr cannot be set.
2024-11-06 15:02:49,367 [INFO] Updater:1100 - Updater Version found : 6.12.1
2024-11-06 15:02:49,406 [INFO] ApplicationProperties:184 - Using Application install path: /home/ante/st/stm32cubeide_1.16.1/plugins/com.st.stm32cube.common.mx_6.12.1.202409122256
2024-11-06 15:02:49,669 [INFO] MainUpdater:2873 - connection check result : 10
2024-11-06 15:02:49,669 [INFO] MainUpdater:290 - Updater Check For Update Now.
2024-11-06 15:02:49,670 [INFO] MicroXplorer:498 - Change Database Version : DB.6.0.121
2024-11-06 15:02:49,674 [INFO] McuFinderGlobals:63 - Set McuFinder mode to 2 (CubeIDE integrated)
2024-11-06 15:02:49,674 [INFO] UserAuth:179 - activating auth plugin
2024-11-06 15:02:49,678 [INFO] UserAuth:417 - Internet connection configuration mode: 1
2024-11-06 15:02:49,687 [INFO] JxBrowserEngine:152 - Initiate JxBrowser Engine with user profile folder
2024-11-06 15:02:49,883 [INFO] CheckServerUpdateThread:120 - End of CheckServer Thread
2024-11-06 15:02:50,263 [INFO] WebApp:167 - Instantiating new browser for Auth
2024-11-06 15:02:50,577 [WARN] PackLoader:240 - Cannot read IP mode file for STMicroelectronics.FP-SNS-MOTENVWB1.1.4.0
2024-11-06 15:02:50,591 [WARN] PackLoader:240 - Cannot read IP mode file for STMicroelectronics.X-CUBE-SMBUS.2.1.0
2024-11-06 15:02:50,606 [WARN] PackLoader:240 - Cannot read IP mode file for STMicroelectronics.X-CUBE-WB05N.1.1.0
2024-11-06 15:02:50,670 [WARN] PackLoader:240 - Cannot read IP mode file for STMicroelectronics.X-CUBE-AZRTOS-F7.1.1.0
2024-11-06 15:02:50,829 [WARN] PackLoader:240 - Cannot read IP mode file for STMicroelectronics.X-CUBE-MEMS1.11.0.0
2024-11-06 15:02:51,083 [INFO] WebApp:448 - Apply proxy settings
2024-11-06 15:02:51,083 [INFO] WebApp:533 - Chromium requires no authentication
2024-11-06 15:02:51,097 [INFO] WebApp:476 - Direct internet connection detected
2024-11-06 15:02:51,125 [INFO] WebApp:869 - Register for checkConnection events
2024-11-06 15:02:51,125 [INFO] WebApp:448 - Apply proxy settings
2024-11-06 15:02:51,125 [INFO] WebApp:533 - Chromium requires no authentication
2024-11-06 15:02:51,126 [INFO] WebApp:476 - Direct internet connection detected
2024-11-06 15:02:51,198 [WARN] PackLoader:240 - Cannot read IP mode file for STMicroelectronics.FP-SNS-FLIGHT1.5.0.2
2024-11-06 15:02:51,212 [WARN] PackLoader:240 - Cannot read IP mode file for STMicroelectronics.X-CUBE-DISPLAY.3.0.0
2024-11-06 15:02:51,232 [WARN] PackLoader:240 - Cannot read IP mode file for STMicroelectronics.X-CUBE-BLE1.7.0.0
2024-11-06 15:02:51,245 [WARN] PackLoader:240 - Cannot read IP mode file for STMicroelectronics.X-CUBE-NFC10.1.0.0
2024-11-06 15:02:51,257 [WARN] PackLoader:240 - Cannot read IP mode file for emotas.I-CUBE-CANOPEN.1.3.0
2024-11-06 15:02:51,274 [WARN] PackLoader:240 - Cannot read IP mode file for STMicroelectronics.X-CUBE-BLEMGR.3.1.0
2024-11-06 15:02:51,286 [WARN] PackLoader:240 - Cannot read IP mode file for STMicroelectronics.FP-SNS-SMARTAG2.1.2.0
2024-11-06 15:02:51,304 [INFO] LogOutputStream:77 - [STDOUT_REDIRECT] 1 : Invalid condition id : UX_CORESTACK_Condition cause : null
2024-11-06 15:02:51,305 [INFO] LogOutputStream:77 - [STDOUT_REDIRECT] 1 : Invalid condition id : UX_CORESTACK_Condition cause : null
2024-11-06 15:02:51,305 [INFO] LogOutputStream:77 - [STDOUT_REDIRECT] 1 : Invalid condition id : UX_CORESTACK_Condition cause : null
2024-11-06 15:02:51,305 [INFO] LogOutputStream:77 - [STDOUT_REDIRECT] 1 : Invalid condition id : UX_CORESTACK_Condition cause : null
2024-11-06 15:02:51,306 [INFO] LogOutputStream:77 - [STDOUT_REDIRECT] 1 : Invalid condition id : UX_CORESTACK_Condition cause : null
2024-11-06 15:02:51,312 [WARN] PackLoader:240 - Cannot read IP mode file for STMicroelectronics.X-CUBE-AZRTOS-WL.2.0.0
2024-11-06 15:02:51,321 [WARN] PackLoader:240 - Cannot read IP mode file for STMicroelectronics.FP-SNS-MOTENV1.5.0.0
2024-11-06 15:02:51,330 [WARN] PackLoader:240 - Cannot read IP mode file for wolfSSL.I-CUBE-wolfMQTT.1.19.0
2024-11-06 15:02:51,341 [WARN] PackLoader:240 - Cannot read IP mode file for WES.I-CUBE-Cesium.1.3.0
2024-11-06 15:02:51,364 [WARN] PackLoader:240 - Cannot read IP mode file for STMicroelectronics.X-CUBE-BLE2.3.3.0
2024-11-06 15:02:51,374 [WARN] PackLoader:240 - Cannot read IP mode file for STMicroelectronics.X-CUBE-NFC9.1.0.0
2024-11-06 15:02:51,388 [WARN] PackLoader:240 - Cannot read IP mode file for STMicroelectronics.X-CUBE-TCPP.4.1.0
2024-11-06 15:02:51,416 [WARN] PackLoader:240 - Cannot read IP mode file for STMicroelectronics.X-CUBE-AZRTOS-G0.1.1.0
2024-11-06 15:02:51,427 [WARN] PackLoader:240 - Cannot read IP mode file for STMicroelectronics.X-CUBE-SAFEA1.1.2.2
2024-11-06 15:02:51,436 [WARN] PackLoader:240 - Cannot read IP mode file for STMicroelectronics.X-CUBE-NFC4.3.0.0
2024-11-06 15:02:51,440 [INFO] WebApp:220 - Starting web application
2024-11-06 15:02:51,440 [INFO] WebApp:578 - Web application path used /home/ante/st/stm32cubeide_1.16.1/plugins/com.st.stm32cube.common.mx_6.12.1.202409122256/db/plugins/mcufinder/reactClient1/index.html
2024-11-06 15:02:51,455 [WARN] PackLoader:240 - Cannot read IP mode file for EmbeddedOffice.I-CUBE-FS-RTOS.1.0.1
2024-11-06 15:02:51,455 [ERROR] ConditionMgr:805 - Attr not supported : Dmpu
2024-11-06 15:02:51,455 [ERROR] ConditionMgr:805 - Attr not supported : Dmpu
2024-11-06 15:02:51,455 [ERROR] ConditionMgr:805 - Attr not supported : Dmpu
2024-11-06 15:02:51,455 [ERROR] ConditionMgr:805 - Attr not supported : Dmpu
2024-11-06 15:02:51,456 [ERROR] ConditionMgr:805 - Attr not supported : Dmpu
2024-11-06 15:02:51,456 [ERROR] ConditionMgr:805 - Attr not supported : Dmpu
2024-11-06 15:02:51,456 [ERROR] ConditionMgr:805 - Attr not supported : Dmpu
2024-11-06 15:02:51,456 [ERROR] ConditionMgr:805 - Attr not supported : Dmpu
2024-11-06 15:02:51,456 [ERROR] ConditionMgr:805 - Attr not supported : Dmpu
2024-11-06 15:02:51,456 [ERROR] ConditionMgr:805 - Attr not supported : Dmpu
2024-11-06 15:02:51,456 [ERROR] ConditionMgr:805 - Attr not supported : Dmpu
2024-11-06 15:02:51,456 [ERROR] ConditionMgr:805 - Attr not supported : Dmpu
2024-11-06 15:02:51,457 [ERROR] ConditionMgr:805 - Attr not supported : Dmpu
2024-11-06 15:02:51,457 [ERROR] ConditionMgr:805 - Attr not supported : Dmpu
2024-11-06 15:02:51,457 [ERROR] ConditionMgr:805 - Attr not supported : Dmpu
2024-11-06 15:02:51,457 [ERROR] ConditionMgr:805 - Attr not supported : Dmpu
2024-11-06 15:02:51,458 [ERROR] ConditionMgr:805 - Attr not supported : Dmpu
2024-11-06 15:02:51,458 [ERROR] ConditionMgr:805 - Attr not supported : Dmpu
2024-11-06 15:02:51,458 [ERROR] ConditionMgr:805 - Attr not supported : Dmpu
2024-11-06 15:02:51,458 [ERROR] ConditionMgr:805 - Attr not supported : Dmpu
2024-11-06 15:02:51,458 [ERROR] ConditionMgr:805 - Attr not supported : Dmpu
2024-11-06 15:02:51,458 [ERROR] ConditionMgr:805 - Attr not supported : Dmpu
2024-11-06 15:02:51,459 [ERROR] ConditionMgr:805 - Attr not supported : Dmpu
2024-11-06 15:02:51,459 [ERROR] ConditionMgr:805 - Attr not supported : Dmpu
2024-11-06 15:02:51,459 [ERROR] ConditionMgr:805 - Attr not supported : Dmpu
2024-11-06 15:02:51,459 [ERROR] ConditionMgr:805 - Attr not supported : Dmpu
2024-11-06 15:02:51,459 [ERROR] ConditionMgr:805 - Attr not supported : Dmpu
2024-11-06 15:02:51,460 [ERROR] ConditionMgr:805 - Attr not supported : Dmpu
2024-11-06 15:02:51,460 [ERROR] ConditionMgr:805 - Attr not supported : Dmpu
2024-11-06 15:02:51,460 [ERROR] ConditionMgr:805 - Attr not supported : Dmpu
2024-11-06 15:02:51,460 [ERROR] ConditionMgr:805 - Attr not supported : Dmpu
2024-11-06 15:02:51,460 [ERROR] ConditionMgr:805 - Attr not supported : Dmpu
2024-11-06 15:02:51,460 [ERROR] ConditionMgr:805 - Attr not supported : Dmpu
2024-11-06 15:02:51,460 [ERROR] ConditionMgr:805 - Attr not supported : Dmpu
2024-11-06 15:02:51,460 [ERROR] ConditionMgr:805 - Attr not supported : Dmpu
2024-11-06 15:02:51,461 [ERROR] ConditionMgr:805 - Attr not supported : Dmpu
2024-11-06 15:02:51,461 [ERROR] ConditionMgr:805 - Attr not supported : Dmpu
2024-11-06 15:02:51,461 [ERROR] ConditionMgr:805 - Attr not supported : Dmpu
2024-11-06 15:02:51,461 [ERROR] ConditionMgr:805 - Attr not supported : Dmpu
2024-11-06 15:02:51,461 [ERROR] ConditionMgr:805 - Attr not supported : Dmpu
2024-11-06 15:02:51,462 [ERROR] ConditionMgr:805 - Attr not supported : Dmpu
2024-11-06 15:02:51,462 [ERROR] ConditionMgr:805 - Attr not supported : Dmpu
2024-11-06 15:02:51,462 [ERROR] ConditionMgr:805 - Attr not supported : Dmpu
2024-11-06 15:02:51,462 [ERROR] ConditionMgr:805 - Attr not supported : Dmpu
2024-11-06 15:02:51,462 [ERROR] ConditionMgr:805 - Attr not supported : Dmpu
2024-11-06 15:02:51,462 [ERROR] ConditionMgr:805 - Attr not supported : Dmpu
2024-11-06 15:02:51,463 [ERROR] ConditionMgr:805 - Attr not supported : Dmpu
2024-11-06 15:02:51,463 [ERROR] ConditionMgr:805 - Attr not supported : Dmpu
2024-11-06 15:02:51,463 [ERROR] ConditionMgr:805 - Attr not supported : Dmpu
2024-11-06 15:02:51,463 [ERROR] ConditionMgr:805 - Attr not supported : Dmpu
2024-11-06 15:02:51,463 [ERROR] ConditionMgr:805 - Attr not supported : Dmpu
2024-11-06 15:02:51,463 [ERROR] ConditionMgr:805 - Attr not supported : Dmpu
2024-11-06 15:02:51,463 [ERROR] ConditionMgr:805 - Attr not supported : Dmpu
2024-11-06 15:02:51,464 [ERROR] ConditionMgr:805 - Attr not supported : Dmpu
2024-11-06 15:02:51,464 [ERROR] ConditionMgr:805 - Attr not supported : Dmpu
2024-11-06 15:02:51,464 [ERROR] ConditionMgr:805 - Attr not supported : Dmpu
2024-11-06 15:02:51,464 [ERROR] ConditionMgr:805 - Attr not supported : Dmpu
2024-11-06 15:02:51,464 [ERROR] ConditionMgr:805 - Attr not supported : Dmpu
2024-11-06 15:02:51,464 [ERROR] ConditionMgr:805 - Attr not supported : Dmpu
2024-11-06 15:02:51,464 [ERROR] ConditionMgr:805 - Attr not supported : Dmpu
2024-11-06 15:02:51,465 [ERROR] ConditionMgr:805 - Attr not supported : Dmpu
2024-11-06 15:02:51,465 [ERROR] ConditionMgr:805 - Attr not supported : Dmpu
2024-11-06 15:02:51,465 [ERROR] ConditionMgr:805 - Attr not supported : Dmpu
2024-11-06 15:02:51,465 [ERROR] ConditionMgr:805 - Attr not supported : Dmpu
2024-11-06 15:02:51,470 [WARN] PackLoader:240 - Cannot read IP mode file for RealThread.X-CUBE-RT-Thread_Nano.4.1.1
2024-11-06 15:02:51,476 [WARN] PackLoader:240 - Cannot read IP mode file for STMicroelectronics.FP-ATR-SIGFOX1.3.2.0
2024-11-06 15:02:51,481 [WARN] PackLoader:240 - Cannot read IP mode file for wolfSSL.I-CUBE-wolfSSL.5.7.2
2024-11-06 15:02:51,488 [WARN] PackLoader:240 - Cannot read IP mode file for STMicroelectronics.X-CUBE-EEPRMA1.5.1.0
2024-11-06 15:02:51,497 [WARN] PackLoader:240 - Cannot read IP mode file for ITTIA_DB.I-CUBE-ITTIADB.8.9.0
2024-11-06 15:02:51,588 [WARN] PackLoader:240 - Cannot read IP mode file for SEGGER.I-CUBE-embOS.1.3.1
2024-11-06 15:02:51,695 [WARN] PackLoader:240 - Cannot read IP mode file for STMicroelectronics.X-CUBE-ALGOBUILD.1.4.0
2024-11-06 15:02:51,703 [WARN] PackLoader:240 - Cannot read IP mode file for STMicroelectronics.X-CUBE-AI.9.1.0
2024-11-06 15:02:51,745 [WARN] PackLoader:240 - Cannot read IP mode file for STMicroelectronics.X-CUBE-AZRTOS-F4.1.1.0
2024-11-06 15:02:51,751 [INFO] WebApp:186 - Connection restablished
2024-11-06 15:02:51,759 [WARN] PackLoader:240 - Cannot read IP mode file for STMicroelectronics.X-CUBE-ISPU.2.1.0
2024-11-06 15:02:51,769 [WARN] PackLoader:240 - Cannot read IP mode file for STMicroelectronics.X-CUBE-FREERTOS.1.2.0
2024-11-06 15:02:51,813 [WARN] PackLoader:240 - Cannot read IP mode file for STMicroelectronics.X-CUBE-AZRTOS-L5.2.0.0
2024-11-06 15:02:51,830 [WARN] PackLoader:240 - Cannot read IP mode file for STMicroelectronics.X-CUBE-NFC6.3.1.0
2024-11-06 15:02:51,839 [WARN] PackLoader:240 - Cannot read IP mode file for STMicroelectronics.X-CUBE-DPower.1.2.0
2024-11-06 15:02:51,845 [WARN] PackLoader:240 - Cannot read IP mode file for STMicroelectronics.X-CUBE-AI.9.0.0
2024-11-06 15:02:51,853 [WARN] PackLoader:240 - Cannot read IP mode file for STMicroelectronics.X-CUBE-NFC7.1.0.1
2024-11-06 15:02:51,884 [WARN] ConditionMgr:438 - getConditionDescription Invalid condition id : LAN8742 Phy interface Condition cause : null
2024-11-06 15:02:51,884 [WARN] PackLoader:240 - Cannot read IP mode file for STMicroelectronics.X-CUBE-AZRTOS-L4.2.0.0
2024-11-06 15:02:51,886 [WARN] ConditionMgr:1039 - genDependencies : Invalid condition id : LAN8742 Phy interface Condition cause : null
2024-11-06 15:02:51,887 [WARN] ConditionMgr:1039 - genDependencies : Invalid condition id : LAN8742 Phy interface Condition cause : null
2024-11-06 15:02:51,888 [WARN] ConditionMgr:1039 - genDependencies : Invalid condition id : LAN8742 Phy interface Condition cause : null
2024-11-06 15:02:51,901 [WARN] PackLoader:240 - Cannot read IP mode file for STMicroelectronics.X-CUBE-SFXS2LP1.4.0.0
2024-11-06 15:02:51,942 [WARN] PackLoader:240 - Cannot read IP mode file for STMicroelectronics.X-CUBE-AZRTOS-H7.3.3.0
2024-11-06 15:02:51,962 [WARN] PackLoader:240 - Cannot read IP mode file for STMicroelectronics.X-CUBE-IPS.3.0.0
2024-11-06 15:02:52,024 [WARN] ConditionMgr:438 - getConditionDescription Invalid condition id : UX DEVICE CLASS RTOS Condition cause : null
2024-11-06 15:02:52,024 [WARN] ConditionMgr:438 - getConditionDescription Invalid condition id : UX DEVICE CLASS RTOS Condition cause : null
2024-11-06 15:02:52,031 [WARN] PackLoader:240 - Cannot read IP mode file for STMicroelectronics.X-CUBE-AZRTOS-WB.2.0.0
2024-11-06 15:02:52,032 [WARN] ConditionMgr:1039 - genDependencies : Invalid condition id : UX DEVICE CLASS RTOS Condition cause : null
2024-11-06 15:02:52,032 [WARN] ConditionMgr:1039 - genDependencies : Invalid condition id : UX DEVICE CLASS RTOS Condition cause : null
2024-11-06 15:02:52,034 [WARN] ConditionMgr:1039 - genDependencies : Invalid condition id : UX DEVICE CLASS RTOS Condition cause : null
2024-11-06 15:02:52,035 [WARN] ConditionMgr:1039 - genDependencies : Invalid condition id : UX DEVICE CLASS RTOS Condition cause : null
2024-11-06 15:02:52,035 [WARN] ConditionMgr:1039 - genDependencies : Invalid condition id : UX DEVICE CLASS RTOS Condition cause : null
2024-11-06 15:02:52,051 [WARN] PackLoader:240 - Cannot read IP mode file for STMicroelectronics.X-CUBE-GNSS1.7.0.0
2024-11-06 15:02:52,067 [WARN] PackLoader:240 - Cannot read IP mode file for STMicroelectronics.FP-SNS-STBOX1.2.0.0
2024-11-06 15:02:52,103 [WARN] PackLoader:240 - Cannot read IP mode file for STMicroelectronics.X-CUBE-SUBG2.5.0.0
2024-11-06 15:02:52,125 [WARN] PackLoader:240 - Cannot read IP mode file for Cesanta.I-CUBE-Mongoose.7.13.0
2024-11-06 15:02:52,169 [WARN] PackLoader:240 - Cannot read IP mode file for STMicroelectronics.X-CUBE-AZRTOS-G4.2.0.0
2024-11-06 15:02:52,181 [WARN] PackLoader:240 - Cannot read IP mode file for STMicroelectronics.X-CUBE-ALS.1.0.2
2024-11-06 15:02:52,189 [WARN] PackLoader:240 - Cannot read IP mode file for STMicroelectronics.X-CUBE-TOUCHGFX.4.24.1
2024-11-06 15:02:52,194 [WARN] PackLoader:240 - Cannot read IP mode file for wolfSSL.I-CUBE-wolfTPM.3.4.0
2024-11-06 15:02:52,221 [WARN] PackLoader:240 - Cannot read IP mode file for portGmbH.I-Cube-SoM-uGOAL.1.1.0
2024-11-06 15:02:52,265 [WARN] PackLoader:240 - Cannot read IP mode file for STMicroelectronics.X-CUBE-AZRTOS-H7RS.1.0.0
2024-11-06 15:02:52,277 [WARN] PackLoader:240 - Cannot read IP mode file for STMicroelectronics.FP-ATR-ASTRA1.2.0.0
2024-11-06 15:02:52,300 [WARN] PackLoader:240 - Cannot read IP mode file for STMicroelectronics.X-CUBE-TOF1.3.4.2
2024-11-06 15:02:52,374 [WARN] PackLoader:240 - Cannot read IP mode file for Infineon.AIROC-Wi-Fi-Bluetooth-STM32.1.6.1
2024-11-06 15:02:52,383 [WARN] PackLoader:240 - Cannot read IP mode file for wolfSSL.I-CUBE-wolfSSH.1.4.17
2024-11-06 15:02:52,384 [INFO] ThirdParty:978 - Integrity check success = true
2024-11-06 15:02:52,384 [INFO] IntegrityCheckThread:100 - exiting critical section [integrity check]
2024-11-06 15:02:52,384 [INFO] IntegrityCheckThread:103 - End integrity checks thread
2024-11-06 15:04:11,538 [ERROR] LogOutputStream:75 - [STDERR_REDIRECT] 
