2024-11-05 12:51:36,521 [INFO] WebApp:189 - Connection lost
2024-11-05 12:51:41,693 [INFO] WebApp:186 - Connection restablished
2024-11-05 14:13:31,240 [INFO] MainUpdater:2873 - connection check result : 10
2024-11-05 14:13:31,242 [INFO] MainUpdater:2873 - connection check result : 10
2024-11-05 14:13:31,251 [ERROR] IocParser:95 - Exception caught: null
2024-11-05 14:13:31,306 [INFO] I2cTimingTraitement:330 - 0x00100D14
2024-11-05 14:13:31,315 [INFO] MicroXplorer:468 - Change Database Path : 
2024-11-05 14:13:31,315 [INFO] MicroXplorer:498 - Change Database Version : DB.6.0.121
2024-11-05 14:13:31,334 [ERROR] ProjectManagerView:394 - 
java.lang.NullPointerException: Cannot invoke "javax.swing.JTextField.getText()" because the return value of "java.util.List.get(int)" is null
	at com.st.microxplorer.plugins.projectmanager.gui.ProjectChoiceTab$10.caretUpdate(ProjectChoiceTab.java:2622) ~[filemanager.jar:?]
	at javax.swing.text.JTextComponent.fireCaretUpdate(JTextComponent.java:412) ~[?:?]
	at javax.swing.text.JTextComponent$MutableCaretEvent.fire(JTextComponent.java:4491) ~[?:?]
	at javax.swing.text.JTextComponent$MutableCaretEvent.stateChanged(JTextComponent.java:4513) ~[?:?]
	at javax.swing.text.DefaultCaret.fireStateChanged(DefaultCaret.java:842) ~[?:?]
	at javax.swing.text.DefaultCaret.changeCaretPosition(DefaultCaret.java:1313) ~[?:?]
	at javax.swing.text.DefaultCaret.handleSetDot(DefaultCaret.java:1212) ~[?:?]
	at javax.swing.text.DefaultCaret.setDot(DefaultCaret.java:1193) ~[?:?]
	at javax.swing.text.DefaultCaret$Handler.insertUpdate(DefaultCaret.java:1789) ~[?:?]
	at javax.swing.text.AbstractDocument.fireInsertUpdate(AbstractDocument.java:226) ~[?:?]
	at javax.swing.text.AbstractDocument.handleInsertString(AbstractDocument.java:780) ~[?:?]
	at javax.swing.text.AbstractDocument.insertString(AbstractDocument.java:739) ~[?:?]
	at javax.swing.text.PlainDocument.insertString(PlainDocument.java:131) ~[?:?]
	at javax.swing.text.AbstractDocument.replace(AbstractDocument.java:698) ~[?:?]
	at javax.swing.text.JTextComponent.setText(JTextComponent.java:1729) ~[?:?]
	at com.st.microxplorer.plugins.projectmanager.gui.ProjectChoiceTab.createHeapStackFields(ProjectChoiceTab.java:972) ~[filemanager.jar:?]
	at com.st.microxplorer.plugins.projectmanager.gui.ProjectChoiceTab.buildLinkSettingsPanel(ProjectChoiceTab.java:3597) ~[filemanager.jar:?]
	at com.st.microxplorer.plugins.projectmanager.gui.ProjectChoiceTab.defineWindowsFields(ProjectChoiceTab.java:1940) ~[filemanager.jar:?]
	at com.st.microxplorer.plugins.projectmanager.gui.ProjectChoiceTab.updateSettings(ProjectChoiceTab.java:550) ~[filemanager.jar:?]
	at com.st.microxplorer.plugins.projectmanager.gui.ProjectSettingsPanel.UpdateDialog(ProjectSettingsPanel.java:245) ~[filemanager.jar:?]
	at com.st.microxplorer.plugins.projectmanager.ProjectManagerView.propertyChange(ProjectManagerView.java:391) ~[filemanager.jar:?]
	at java.beans.PropertyChangeSupport.fire(PropertyChangeSupport.java:343) ~[?:?]
	at java.beans.PropertyChangeSupport.firePropertyChange(PropertyChangeSupport.java:335) ~[?:?]
	at java.beans.PropertyChangeSupport.firePropertyChange(PropertyChangeSupport.java:268) ~[?:?]
	at com.st.microxplorer.util.MXPropertyChangeSupport.firePropertyChange(MXPropertyChangeSupport.java:54) ~[STM32CubeMX.jar:?]
	at com.st.microxplorer.mxsystem.MxSystem.closeConfig(MxSystem.java:900) ~[STM32CubeMX.jar:?]
	at com.st.microxplorer.maingui.MainPanel.closeConfig(MainPanel.java:781) ~[STM32CubeMX.jar:?]
	at com.st.microxplorer.plugins.filemanager.engine.OpenFileManager.loadConfigurationFile(OpenFileManager.java:265) ~[filemanager.jar:?]
	at com.st.microxplorer.plugins.filemanager.engine.MainFileManager.userLoadConfig(MainFileManager.java:352) ~[filemanager.jar:?]
	at com.st.microxplorer.plugins.filemanager.engine.MainFileManager.userLoadConfig(MainFileManager.java:330) ~[filemanager.jar:?]
	at com.st.microxplorer.plugins.filemanager.FileManagerView.getSpecificTask(FileManagerView.java:246) ~[filemanager.jar:?]
	at com.st.stm32cube.common.mx.editor.CubeMxEditor.getMxTabbedPaneInstance(CubeMxEditor.java:1198) ~[com.st.stm32cube.common.mx_6.12.1.202409122256/:?]
	at com.st.stm32cube.common.mx.editor.CubeMxEditor$12$1.createSwingComponent(CubeMxEditor.java:1068) ~[com.st.stm32cube.common.mx_6.12.1.202409122256/:?]
	at com.st.stm32cube.common.mx.oss.core.awtswtbridge.EmbeddedSwingComposite.doComponentCreation(EmbeddedSwingComposite.java:492) ~[com.st.stm32cube.common.mx.oss_6.12.1.202409122256/:?]
	at com.st.stm32cube.common.mx.oss.core.awtswtbridge.EmbeddedSwingComposite$4.run(EmbeddedSwingComposite.java:291) ~[com.st.stm32cube.common.mx.oss_6.12.1.202409122256/:?]
	at com.st.stm32cube.common.mx.oss.core.awtswtbridge.AwtEnvironment$2.run(AwtEnvironment.java:166) ~[com.st.stm32cube.common.mx.oss_6.12.1.202409122256/:?]
	at java.awt.event.InvocationEvent.dispatch(InvocationEvent.java:318) ~[?:?]
	at java.awt.EventQueue.dispatchEventImpl(EventQueue.java:773) ~[?:?]
	at java.awt.EventQueue$4.run(EventQueue.java:720) ~[?:?]
	at java.awt.EventQueue$4.run(EventQueue.java:714) ~[?:?]
	at java.security.AccessController.doPrivileged(AccessController.java:399) ~[?:?]
	at java.security.ProtectionDomain$JavaSecurityAccessImpl.doIntersectionPrivilege(ProtectionDomain.java:86) ~[?:?]
	at java.awt.EventQueue.dispatchEvent(EventQueue.java:742) ~[?:?]
	at java.awt.EventDispatchThread.pumpOneEventForFilters(EventDispatchThread.java:203) ~[?:?]
	at java.awt.EventDispatchThread.pumpEventsForFilter(EventDispatchThread.java:124) ~[?:?]
	at java.awt.EventDispatchThread.pumpEventsForHierarchy(EventDispatchThread.java:113) ~[?:?]
	at java.awt.EventDispatchThread.pumpEvents(EventDispatchThread.java:109) ~[?:?]
	at java.awt.EventDispatchThread.pumpEvents(EventDispatchThread.java:101) ~[?:?]
	at java.awt.EventDispatchThread.run(EventDispatchThread.java:90) ~[?:?]
2024-11-05 14:13:31,343 [WARN] ThirdParty:871 - waiting for thirdparty lock release [close project]
2024-11-05 14:13:31,343 [INFO] ThirdParty:873 - entering critical section [close project]
2024-11-05 14:13:31,344 [INFO] ThirdParty:883 - exiting critical section [close project]
2024-11-05 14:13:31,346 [INFO] PinOutPanel:1561 - setPackage(No Configuration,No Configuration)
2024-11-05 14:13:31,357 [INFO] UtilMem:75 - Begin LoadConfig() Used Memory: 400825256 Bytes (814743552)
2024-11-05 14:13:31,358 [INFO] MicroXplorer:468 - Change Database Path : 
2024-11-05 14:13:31,358 [INFO] MicroXplorer:498 - Change Database Version : DB.6.0.121
2024-11-05 14:13:31,359 [INFO] OpenFileManager:332 - Change cursor
2024-11-05 14:13:31,379 [INFO] RulesReader:64 - Compatibility file has been processed (297 Rules)
2024-11-05 14:13:31,386 [INFO] Mcu:2032 - Initializing MCU STM32WL55JCIx STM32WL55JCIx STM32WL55JCI6
2024-11-05 14:13:32,226 [INFO] Context:742 - Trying to add GPIOservice into a context  which must be forbidden
2024-11-05 14:13:32,226 [INFO] Context:742 - Trying to add GPIOservice into a context  which must be forbidden
2024-11-05 14:13:32,226 [INFO] Context:742 - Trying to add GPIOservice into a context  which must be forbidden
2024-11-05 14:13:32,452 [INFO] ApiDbMcu:508 - Load IP Config File for NUCLEO-WL55JC1
2024-11-05 14:13:32,656 [INFO] RtosManager:555 - Registered RTOS mode: class=CMSIS, group=RTOS, mode=CMSIS_V1, owner=FREERTOS
2024-11-05 14:13:32,656 [INFO] RtosManager:555 - Registered RTOS mode: class=CMSIS, group=RTOS2, mode=CMSIS_V2, owner=FREERTOS
2024-11-05 14:13:32,656 [INFO] RtosManager:555 - Registered RTOS mode: class=RTOS, group=Core, mode=CMSIS_V1, owner=FREERTOS
2024-11-05 14:13:32,657 [INFO] RtosManager:555 - Registered RTOS mode: class=RTOS, group=Core, mode=CMSIS_V2, owner=FREERTOS
2024-11-05 14:13:32,657 [WARN] ModelIntegratedComponent:184 - Missing modes for component STMicroelectronics:FreeRTOS:0.0.1:STMicroelectronics:RTOS:FreeRTOS:Core:::10.2.0:
2024-11-05 14:13:32,664 [WARN] ModelIntegratedComponent:63 - No mode defined for component null
2024-11-05 14:13:32,664 [WARN] ModelIntegratedComponent:63 - No mode defined for component null
2024-11-05 14:13:32,664 [WARN] ModelIntegratedComponent:63 - No mode defined for component null
2024-11-05 14:13:32,664 [WARN] ModelIntegratedComponent:63 - No mode defined for component null
2024-11-05 14:13:32,664 [WARN] ModelIntegratedComponent:63 - No mode defined for component null
2024-11-05 14:13:32,664 [WARN] ModelIntegratedComponent:63 - No mode defined for component null
2024-11-05 14:13:32,664 [WARN] ModelIntegratedComponent:63 - No mode defined for component null
2024-11-05 14:13:32,664 [WARN] ModelIntegratedComponent:63 - No mode defined for component null
2024-11-05 14:13:32,664 [WARN] ModelIntegratedComponent:63 - No mode defined for component null
2024-11-05 14:13:32,664 [WARN] ModelIntegratedComponent:63 - No mode defined for component null
2024-11-05 14:13:32,664 [WARN] ModelIntegratedComponent:63 - No mode defined for component null
2024-11-05 14:13:32,664 [WARN] ModelIntegratedComponent:63 - No mode defined for component null
2024-11-05 14:13:32,664 [WARN] ModelIntegratedComponent:63 - No mode defined for component null
2024-11-05 14:13:32,664 [WARN] ModelIntegratedComponent:63 - No mode defined for component null
2024-11-05 14:13:32,664 [WARN] ModelIntegratedComponent:63 - No mode defined for component null
2024-11-05 14:13:32,664 [WARN] ModelIntegratedComponent:63 - No mode defined for component null
2024-11-05 14:13:32,664 [WARN] ModelIntegratedComponent:63 - No mode defined for component null
2024-11-05 14:13:32,664 [WARN] ModelIntegratedComponent:63 - No mode defined for component null
2024-11-05 14:13:32,664 [WARN] ModelIntegratedComponent:63 - No mode defined for component null
2024-11-05 14:13:32,665 [WARN] ModelIntegratedComponent:63 - No mode defined for component null
2024-11-05 14:13:32,665 [WARN] ModelIntegratedComponent:63 - No mode defined for component null
2024-11-05 14:13:32,665 [WARN] ModelIntegratedComponent:63 - No mode defined for component null
2024-11-05 14:13:32,665 [WARN] ModelIntegratedComponent:63 - No mode defined for component null
2024-11-05 14:13:32,665 [WARN] ModelIntegratedComponent:63 - No mode defined for component null
2024-11-05 14:13:32,665 [WARN] ModelIntegratedComponent:63 - No mode defined for component null
2024-11-05 14:13:32,665 [WARN] ModelIntegratedComponent:63 - No mode defined for component null
2024-11-05 14:13:32,665 [WARN] ModelIntegratedComponent:63 - No mode defined for component null
2024-11-05 14:13:32,665 [WARN] ModelIntegratedComponent:63 - No mode defined for component null
2024-11-05 14:13:32,665 [WARN] ModelIntegratedComponent:63 - No mode defined for component null
2024-11-05 14:13:32,665 [WARN] ModelIntegratedComponent:63 - No mode defined for component null
2024-11-05 14:13:32,665 [WARN] ModelIntegratedComponent:63 - No mode defined for component null
2024-11-05 14:13:32,665 [WARN] ModelIntegratedComponent:63 - No mode defined for component null
2024-11-05 14:13:32,665 [WARN] ModelIntegratedComponent:63 - No mode defined for component null
2024-11-05 14:13:32,665 [WARN] ModelIntegratedComponent:63 - No mode defined for component null
2024-11-05 14:13:32,665 [WARN] ModelIntegratedComponent:63 - No mode defined for component null
2024-11-05 14:13:32,665 [WARN] ModelPack:524 - Component already loaded: STMicroelectronics:HAL Drivers:0.0.0:STMicroelectronics:Device:STMicro_Driver:XSPI:HAL::0.0.1:HAL_XSPI
2024-11-05 14:13:32,691 [INFO] ThirdPartyModel:298 - Start build external matchings
2024-11-05 14:13:33,018 [INFO] ThirdPartyModel:316 - End build external matchings
2024-11-05 14:13:33,032 [INFO] ImportTextPane:205 - (OptionalMessage_ERROR) IP (ADC) : Parameter (NbrOfConversion) has invalid value (1)
2024-11-05 14:13:33,033 [INFO] ImportTextPane:205 - (OptionalMessage_ERROR) IP (DMA) : Parameter (Instance) has Id (USART2_TX) currently not set
2024-11-05 14:13:33,033 [INFO] ImportTextPane:205 - (OptionalMessage_ERROR) IP (DMA) : Parameter (Request) has Id (USART2_TX) currently not set
2024-11-05 14:13:33,033 [INFO] ImportTextPane:205 - (OptionalMessage_ERROR) IP (DMA) : Parameter (Direction) has Id (USART2_TX) currently not set
2024-11-05 14:13:33,033 [INFO] ImportTextPane:205 - (OptionalMessage_ERROR) IP (DMA) : Parameter (PeriphInc) has Id (USART2_TX) currently not set
2024-11-05 14:13:33,033 [INFO] ImportTextPane:205 - (OptionalMessage_ERROR) IP (DMA) : Parameter (MemInc) has Id (USART2_TX) currently not set
2024-11-05 14:13:33,033 [INFO] ImportTextPane:205 - (OptionalMessage_ERROR) IP (DMA) : Parameter (PeriphDataAlignment) has Id (USART2_TX) currently not set
2024-11-05 14:13:33,033 [INFO] ImportTextPane:205 - (OptionalMessage_ERROR) IP (DMA) : Parameter (MemDataAlignment) has Id (USART2_TX) currently not set
2024-11-05 14:13:33,033 [INFO] ImportTextPane:205 - (OptionalMessage_ERROR) IP (DMA) : Parameter (Mode) has Id (USART2_TX) currently not set
2024-11-05 14:13:33,033 [INFO] ImportTextPane:205 - (OptionalMessage_ERROR) IP (DMA) : Parameter (Priority) has Id (USART2_TX) currently not set
2024-11-05 14:13:33,033 [INFO] ImportTextPane:205 - (OptionalMessage_ERROR) IP (DMA) : Parameter (SignalID) has Id (USART2_TX) currently not set
2024-11-05 14:13:33,034 [INFO] ImportTextPane:205 - (OptionalMessage_ERROR) IP (DMA) : Parameter (Polarity) has Id (USART2_TX) currently not set
2024-11-05 14:13:33,034 [INFO] ImportTextPane:205 - (OptionalMessage_ERROR) IP (DMA) : Parameter (RequestNumber) has Id (USART2_TX) currently not set
2024-11-05 14:13:33,034 [INFO] ImportTextPane:205 - (OptionalMessage_ERROR) IP (DMA) : Parameter (SyncSignalID) has Id (USART2_TX) currently not set
2024-11-05 14:13:33,034 [INFO] ImportTextPane:205 - (OptionalMessage_ERROR) IP (DMA) : Parameter (SyncPolarity) has Id (USART2_TX) currently not set
2024-11-05 14:13:33,034 [INFO] ImportTextPane:205 - (OptionalMessage_ERROR) IP (DMA) : Parameter (SyncEnable) has Id (USART2_TX) currently not set
2024-11-05 14:13:33,034 [INFO] ImportTextPane:205 - (OptionalMessage_ERROR) IP (DMA) : Parameter (EventEnable) has Id (USART2_TX) currently not set
2024-11-05 14:13:33,034 [INFO] ImportTextPane:205 - (OptionalMessage_ERROR) IP (DMA) : Parameter (SyncRequestNumber) has Id (USART2_TX) currently not set
2024-11-05 14:13:33,034 [INFO] ImportTextPane:205 - (OptionalMessage_ERROR) IP (DMA) : Parameter (Channel_PRIV_NPRIV) has Id (USART2_TX) currently not set
2024-11-05 14:13:33,039 [INFO] ImportTextPane:205 - (OptionalMessage_ERROR) IP (RCC) : Invalid parameter (FamilyName)
2024-11-05 14:13:33,039 [WARN] IP:2191 - HourFormat not found: check if there is a RefParameter without a condition.
2024-11-05 14:13:33,040 [WARN] IP:2191 - SynchPrediv not found: check if there is a RefParameter without a condition.
2024-11-05 14:13:33,040 [WARN] IP:2191 - OutPut1 not found: check if there is a RefParameter without a condition.
2024-11-05 14:13:33,040 [WARN] IP:2191 - OutPut2 not found: check if there is a RefParameter without a condition.
2024-11-05 14:13:33,040 [WARN] IP:2191 - OutPut3 not found: check if there is a RefParameter without a condition.
2024-11-05 14:13:33,040 [WARN] IP:2191 - BinMixBcdU not found: check if there is a RefParameter without a condition.
2024-11-05 14:13:33,040 [WARN] IP:2191 - HourFormat not found: check if there is a RefParameter without a condition.
2024-11-05 14:13:33,040 [WARN] IP:2191 - SynchPrediv not found: check if there is a RefParameter without a condition.
2024-11-05 14:13:33,040 [WARN] IP:2191 - BinMixBcdU not found: check if there is a RefParameter without a condition.
2024-11-05 14:13:33,041 [WARN] IP:2191 - Hours not found: check if there is a RefParameter without a condition.
2024-11-05 14:13:33,041 [WARN] IP:2191 - Minutes not found: check if there is a RefParameter without a condition.
2024-11-05 14:13:33,041 [WARN] IP:2191 - Seconds not found: check if there is a RefParameter without a condition.
2024-11-05 14:13:33,041 [WARN] IP:2191 - TimeFormat not found: check if there is a RefParameter without a condition.
2024-11-05 14:13:33,041 [WARN] IP:2191 - DayLightSaving not found: check if there is a RefParameter without a condition.
2024-11-05 14:13:33,041 [WARN] IP:2191 - StoreOperation not found: check if there is a RefParameter without a condition.
2024-11-05 14:13:33,041 [WARN] IP:2191 - WeekDay not found: check if there is a RefParameter without a condition.
2024-11-05 14:13:33,041 [WARN] IP:2191 - Month not found: check if there is a RefParameter without a condition.
2024-11-05 14:13:33,041 [WARN] IP:2191 - Date not found: check if there is a RefParameter without a condition.
2024-11-05 14:13:33,041 [WARN] IP:2191 - Year not found: check if there is a RefParameter without a condition.
2024-11-05 14:13:33,041 [WARN] IP:2191 - HourFormat not found: check if there is a RefParameter without a condition.
2024-11-05 14:13:33,041 [WARN] IP:2191 - SynchPrediv not found: check if there is a RefParameter without a condition.
2024-11-05 14:13:33,041 [WARN] IP:2191 - OutPut1 not found: check if there is a RefParameter without a condition.
2024-11-05 14:13:33,041 [WARN] IP:2191 - OutPut2 not found: check if there is a RefParameter without a condition.
2024-11-05 14:13:33,041 [WARN] IP:2191 - OutPut3 not found: check if there is a RefParameter without a condition.
2024-11-05 14:13:33,063 [WARN] IP:2191 - BinMixBcdU not found: check if there is a RefParameter without a condition.
2024-11-05 14:13:33,063 [WARN] IP:2191 - Hours_A not found: check if there is a RefParameter without a condition.
2024-11-05 14:13:33,063 [WARN] IP:2191 - Minutes_A not found: check if there is a RefParameter without a condition.
2024-11-05 14:13:33,063 [WARN] IP:2191 - Seconds_A not found: check if there is a RefParameter without a condition.
2024-11-05 14:13:33,063 [WARN] IP:2191 - AlarmMaskDateWeekDay not found: check if there is a RefParameter without a condition.
2024-11-05 14:13:33,063 [WARN] IP:2191 - AlarmMaskHours not found: check if there is a RefParameter without a condition.
2024-11-05 14:13:33,063 [WARN] IP:2191 - AlarmMaskMinutes not found: check if there is a RefParameter without a condition.
2024-11-05 14:13:33,063 [WARN] IP:2191 - AlarmMaskSeconds not found: check if there is a RefParameter without a condition.
2024-11-05 14:13:33,063 [WARN] IP:2191 - AlarmDateWeekDaySel not found: check if there is a RefParameter without a condition.
2024-11-05 14:13:33,064 [WARN] IP:2191 - AlarmDateWeekDay not found: check if there is a RefParameter without a condition.
2024-11-05 14:13:33,064 [WARN] IP:2191 - AlarmDateWeekDayARG not found: check if there is a RefParameter without a condition.
2024-11-05 14:13:33,064 [WARN] IP:2191 - HourFormat not found: check if there is a RefParameter without a condition.
2024-11-05 14:13:33,064 [WARN] IP:2191 - SynchPrediv not found: check if there is a RefParameter without a condition.
2024-11-05 14:13:33,064 [WARN] IP:2191 - OutPut1 not found: check if there is a RefParameter without a condition.
2024-11-05 14:13:33,064 [WARN] IP:2191 - OutPut2 not found: check if there is a RefParameter without a condition.
2024-11-05 14:13:33,064 [WARN] IP:2191 - OutPut3 not found: check if there is a RefParameter without a condition.
2024-11-05 14:13:33,064 [WARN] IP:2191 - BinMixBcdU not found: check if there is a RefParameter without a condition.
2024-11-05 14:13:33,064 [WARN] IP:2191 - HourFormat not found: check if there is a RefParameter without a condition.
2024-11-05 14:13:33,064 [WARN] IP:2191 - SynchPrediv not found: check if there is a RefParameter without a condition.
2024-11-05 14:13:33,064 [WARN] IP:2191 - BinMixBcdU not found: check if there is a RefParameter without a condition.
2024-11-05 14:13:33,064 [WARN] IP:2191 - Hours not found: check if there is a RefParameter without a condition.
2024-11-05 14:13:33,064 [WARN] IP:2191 - Minutes not found: check if there is a RefParameter without a condition.
2024-11-05 14:13:33,064 [WARN] IP:2191 - Seconds not found: check if there is a RefParameter without a condition.
2024-11-05 14:13:33,064 [WARN] IP:2191 - TimeFormat not found: check if there is a RefParameter without a condition.
2024-11-05 14:13:33,064 [WARN] IP:2191 - DayLightSaving not found: check if there is a RefParameter without a condition.
2024-11-05 14:13:33,064 [WARN] IP:2191 - StoreOperation not found: check if there is a RefParameter without a condition.
2024-11-05 14:13:33,065 [WARN] IP:2191 - WeekDay not found: check if there is a RefParameter without a condition.
2024-11-05 14:13:33,065 [WARN] IP:2191 - Month not found: check if there is a RefParameter without a condition.
2024-11-05 14:13:33,065 [WARN] IP:2191 - Date not found: check if there is a RefParameter without a condition.
2024-11-05 14:13:33,065 [WARN] IP:2191 - Year not found: check if there is a RefParameter without a condition.
2024-11-05 14:13:33,163 [INFO] UtilMem:75 - End LoadConfig() Used Memory: 424577824 Bytes (814743552)
2024-11-05 14:13:33,168 [WARN] ThirdParty:833 - waiting for thirdparty lock release [change project]
2024-11-05 14:13:33,169 [INFO] ThirdParty:835 - entering critical section [change project]
2024-11-05 14:13:33,169 [INFO] ThirdParty:1030 - CMSIS Pack Vendor :STMicroelectronics USBPD 4.1
2024-11-05 14:13:33,169 [INFO] ThirdParty:1030 - CMSIS Pack Vendor :STMicroelectronics X-CUBE-AZRTOS-H7 3.3.0
2024-11-05 14:13:33,169 [INFO] ThirdParty:1030 - CMSIS Pack Vendor :STMicroelectronics X-CUBE-NFC9 1.0.0
2024-11-05 14:13:33,169 [INFO] ThirdParty:1030 - CMSIS Pack Vendor :STMicroelectronics USB_HOST 2.0.0
2024-11-05 14:13:33,169 [INFO] ThirdParty:1030 - CMSIS Pack Vendor :STMicroelectronics FP-SNS-MOTENVWB1 1.4.0
2024-11-05 14:13:33,169 [INFO] ThirdParty:1030 - CMSIS Pack Vendor :STMicroelectronics X-CUBE-AZRTOS-F4 1.1.0
2024-11-05 14:13:33,169 [INFO] ThirdParty:1030 - CMSIS Pack Vendor :STMicroelectronics LIBJPEG 8.0.0
2024-11-05 14:13:33,169 [INFO] ThirdParty:1030 - CMSIS Pack Vendor :STMicroelectronics X-CUBE-SMBUS 2.1.0
2024-11-05 14:13:33,169 [INFO] ThirdParty:1030 - CMSIS Pack Vendor :STMicroelectronics X-CUBE-WB05N 1.1.0
2024-11-05 14:13:33,169 [INFO] ThirdParty:1030 - CMSIS Pack Vendor :STMicroelectronics USB_DEVICE 3.0.0
2024-11-05 14:13:33,169 [INFO] ThirdParty:1030 - CMSIS Pack Vendor :STMicroelectronics X-CUBE-TCPP 4.1.0
2024-11-05 14:13:33,169 [INFO] ThirdParty:1030 - CMSIS Pack Vendor :STMicroelectronics X-CUBE-ISPU 2.1.0
2024-11-05 14:13:33,169 [INFO] ThirdParty:1030 - CMSIS Pack Vendor :STMicroelectronics X-CUBE-FREERTOS 1.2.0
2024-11-05 14:13:33,169 [INFO] ThirdParty:1030 - CMSIS Pack Vendor :STMicroelectronics X-CUBE-IPS 3.0.0
2024-11-05 14:13:33,169 [INFO] ThirdParty:1030 - CMSIS Pack Vendor :STMicroelectronics X-CUBE-AZRTOS-WB 2.0.0
2024-11-05 14:13:33,169 [INFO] ThirdParty:1030 - CMSIS Pack Vendor :STMicroelectronics X-CUBE-GNSS1 7.0.0
2024-11-05 14:13:33,169 [INFO] ThirdParty:1030 - CMSIS Pack Vendor :STMicroelectronics X-CUBE-AZRTOS-F7 1.1.0
2024-11-05 14:13:33,169 [INFO] ThirdParty:1030 - CMSIS Pack Vendor :STMicroelectronics X-CUBE-AZRTOS-L5 2.0.0
2024-11-05 14:13:33,169 [INFO] ThirdParty:1030 - CMSIS Pack Vendor :STMicroelectronics USB_DEVICE 2.0.0
2024-11-05 14:13:33,169 [INFO] ThirdParty:1030 - CMSIS Pack Vendor :STMicroelectronics X-CUBE-NFC6 3.1.0
2024-11-05 14:13:33,169 [INFO] ThirdParty:1030 - CMSIS Pack Vendor :STMicroelectronics FP-SNS-STBOX1 2.0.0
2024-11-05 14:13:33,169 [INFO] ThirdParty:1030 - CMSIS Pack Vendor :STMicroelectronics X-CUBE-MEMS1 11.0.0
2024-11-05 14:13:33,169 [INFO] ThirdParty:1030 - CMSIS Pack Vendor :STMicroelectronics FreeRTOS 0.0.1
2024-11-05 14:13:33,169 [INFO] ThirdParty:1030 - CMSIS Pack Vendor :STMicroelectronics X-CUBE-AZRTOS-G0 1.1.0
2024-11-05 14:13:33,169 [INFO] ThirdParty:1030 - CMSIS Pack Vendor :STMicroelectronics X-CUBE-SAFEA1 1.2.2
2024-11-05 14:13:33,169 [INFO] ThirdParty:1030 - CMSIS Pack Vendor :STMicroelectronics X-CUBE-NFC4 3.0.0
2024-11-05 14:13:33,170 [INFO] ThirdParty:1030 - CMSIS Pack Vendor :STMicroelectronics X-CUBE-DPower 1.2.0
2024-11-05 14:13:33,170 [INFO] ThirdParty:1030 - CMSIS Pack Vendor :STMicroelectronics X-CUBE-SUBG2 5.0.0
2024-11-05 14:13:33,170 [INFO] ThirdParty:1030 - CMSIS Pack Vendor :STMicroelectronics STM32_WPAN 1.0.0
2024-11-05 14:13:33,170 [INFO] ThirdParty:1030 - CMSIS Pack Vendor :EmbeddedOffice I-CUBE-FS-RTOS 1.0.1
2024-11-05 14:13:33,170 [INFO] ThirdParty:1030 - CMSIS Pack Vendor :STMicroelectronics lwIP 2.0.3
2024-11-05 14:13:33,170 [INFO] ThirdParty:1030 - CMSIS Pack Vendor :STMicroelectronics FP-SNS-FLIGHT1 5.0.2
2024-11-05 14:13:33,170 [INFO] ThirdParty:1030 - CMSIS Pack Vendor :Cesanta I-CUBE-Mongoose 7.13.0
2024-11-05 14:13:33,170 [INFO] ThirdParty:1030 - CMSIS Pack Vendor :STMicroelectronics USB_HOST 1.0.0
2024-11-05 14:13:33,170 [INFO] ThirdParty:1030 - CMSIS Pack Vendor :STMicroelectronics X-CUBE-AI 9.0.0
2024-11-05 14:13:33,170 [INFO] ThirdParty:1030 - CMSIS Pack Vendor :STMicroelectronics X-CUBE-AZRTOS-G4 2.0.0
2024-11-05 14:13:33,170 [INFO] ThirdParty:1030 - CMSIS Pack Vendor :STMicroelectronics PDM2PCM 3.1.0
2024-11-05 14:13:33,170 [INFO] ThirdParty:1030 - CMSIS Pack Vendor :STMicroelectronics PDM2PCM 3.3.0
2024-11-05 14:13:33,170 [INFO] ThirdParty:1030 - CMSIS Pack Vendor :STMicroelectronics X-CUBE-DISPLAY 3.0.0
2024-11-05 14:13:33,170 [INFO] ThirdParty:1030 - CMSIS Pack Vendor :RealThread X-CUBE-RT-Thread_Nano 4.1.1
2024-11-05 14:13:33,170 [INFO] ThirdParty:1030 - CMSIS Pack Vendor :STMicroelectronics X-CUBE-BLE1 7.0.0
2024-11-05 14:13:33,170 [INFO] ThirdParty:1030 - CMSIS Pack Vendor :STMicroelectronics FP-ATR-SIGFOX1 3.2.0
2024-11-05 14:13:33,170 [INFO] ThirdParty:1030 - CMSIS Pack Vendor :STMicroelectronics X-CUBE-NFC10 1.0.0
2024-11-05 14:13:33,170 [INFO] ThirdParty:1030 - CMSIS Pack Vendor :wolfSSL I-CUBE-wolfSSL 5.7.2
2024-11-05 14:13:33,170 [INFO] ThirdParty:1030 - CMSIS Pack Vendor :STMicroelectronics X-CUBE-EEPRMA1 5.1.0
2024-11-05 14:13:33,170 [INFO] ThirdParty:1030 - CMSIS Pack Vendor :STMicroelectronics HAL Drivers 0.0.0
2024-11-05 14:13:33,170 [INFO] ThirdParty:1030 - CMSIS Pack Vendor :STMicroelectronics MBEDTLS 2.16.2
2024-11-05 14:13:33,170 [INFO] ThirdParty:1030 - CMSIS Pack Vendor :STMicroelectronics X-CUBE-ALS 1.0.2
2024-11-05 14:13:33,170 [INFO] ThirdParty:1030 - CMSIS Pack Vendor :emotas I-CUBE-CANOPEN 1.3.0
2024-11-05 14:13:33,170 [INFO] ThirdParty:1030 - CMSIS Pack Vendor :STMicroelectronics X-CUBE-NFC7 1.0.1
2024-11-05 14:13:33,170 [INFO] ThirdParty:1030 - CMSIS Pack Vendor :STMicroelectronics MBEDTLS 2.14.1
2024-11-05 14:13:33,170 [INFO] ThirdParty:1030 - CMSIS Pack Vendor :ITTIA_DB I-CUBE-ITTIADB 8.9.0
2024-11-05 14:13:33,171 [INFO] ThirdParty:1030 - CMSIS Pack Vendor :STMicroelectronics X-CUBE-TOUCHGFX 4.24.1
2024-11-05 14:13:33,171 [INFO] ThirdParty:1030 - CMSIS Pack Vendor :wolfSSL I-CUBE-wolfTPM 3.4.0
2024-11-05 14:13:33,171 [INFO] ThirdParty:1030 - CMSIS Pack Vendor :portGmbH I-Cube-SoM-uGOAL 1.1.0
2024-11-05 14:13:33,171 [INFO] ThirdParty:1030 - CMSIS Pack Vendor :STMicroelectronics X-CUBE-BLEMGR 3.1.0
2024-11-05 14:13:33,171 [INFO] ThirdParty:1030 - CMSIS Pack Vendor :STMicroelectronics ThreadX 1.0.0
2024-11-05 14:13:33,171 [INFO] ThirdParty:1030 - CMSIS Pack Vendor :STMicroelectronics FP-SNS-SMARTAG2 1.2.0
2024-11-05 14:13:33,171 [INFO] ThirdParty:1030 - CMSIS Pack Vendor :STMicroelectronics X-CUBE-AZRTOS-WL 2.0.0
2024-11-05 14:13:33,171 [INFO] ThirdParty:1030 - CMSIS Pack Vendor :SEGGER I-CUBE-embOS 1.3.1
2024-11-05 14:13:33,171 [INFO] ThirdParty:1030 - CMSIS Pack Vendor :STMicroelectronics X-CUBE-ALGOBUILD 1.4.0
2024-11-05 14:13:33,171 [INFO] ThirdParty:1030 - CMSIS Pack Vendor :STMicroelectronics FP-SNS-MOTENV1 5.0.0
2024-11-05 14:13:33,171 [INFO] ThirdParty:1030 - CMSIS Pack Vendor :STMicroelectronics USB_DEVICE 1.0.0
2024-11-05 14:13:33,171 [INFO] ThirdParty:1030 - CMSIS Pack Vendor :STMicroelectronics X-CUBE-AZRTOS-H7RS 1.0.0
2024-11-05 14:13:33,171 [INFO] ThirdParty:1030 - CMSIS Pack Vendor :wolfSSL I-CUBE-wolfMQTT 1.19.0
2024-11-05 14:13:33,171 [INFO] ThirdParty:1030 - CMSIS Pack Vendor :STMicroelectronics X-CUBE-AZRTOS-L4 2.0.0
2024-11-05 14:13:33,171 [INFO] ThirdParty:1030 - CMSIS Pack Vendor :STMicroelectronics ThreadX 0.0.2
2024-11-05 14:13:33,171 [INFO] ThirdParty:1030 - CMSIS Pack Vendor :WES I-CUBE-Cesium 1.3.0
2024-11-05 14:13:33,171 [INFO] ThirdParty:1030 - CMSIS Pack Vendor :STMicroelectronics FP-ATR-ASTRA1 2.0.0
2024-11-05 14:13:33,171 [INFO] ThirdParty:1030 - CMSIS Pack Vendor :STMicroelectronics lwIP 2.1.2
2024-11-05 14:13:33,171 [INFO] ThirdParty:1030 - CMSIS Pack Vendor :STMicroelectronics X-CUBE-SFXS2LP1 4.0.0
2024-11-05 14:13:33,171 [INFO] ThirdParty:1030 - CMSIS Pack Vendor :STMicroelectronics X-CUBE-BLE2 3.3.0
2024-11-05 14:13:33,171 [INFO] ThirdParty:1030 - CMSIS Pack Vendor :STMicroelectronics X-CUBE-TOF1 3.4.2
2024-11-05 14:13:33,171 [INFO] ThirdParty:1030 - CMSIS Pack Vendor :STMicroelectronics X-CUBE-AI 9.1.0
2024-11-05 14:13:33,171 [INFO] ThirdParty:1030 - CMSIS Pack Vendor :Infineon AIROC-Wi-Fi-Bluetooth-STM32 1.6.1
2024-11-05 14:13:33,172 [INFO] ThirdParty:1030 - CMSIS Pack Vendor :STMicroelectronics PDM2PCM 3.2.0
2024-11-05 14:13:33,172 [INFO] ThirdParty:1030 - CMSIS Pack Vendor :wolfSSL I-CUBE-wolfSSH 1.4.17
2024-11-05 14:13:33,172 [INFO] ThirdParty:841 - exiting critical section [change project]
2024-11-05 14:13:33,340 [INFO] PinOutPanel:1561 - setPackage(No Configuration,No Configuration)
2024-11-05 14:13:33,348 [INFO] PinOutPanel:1561 - setPackage(STM32WL55JCIx,UFBGA73)
2024-11-05 14:13:33,571 [INFO] UtilMem:75 - Before build in PCC Used Memory: 310284656 Bytes (814743552)
2024-11-05 14:13:33,874 [INFO] UtilMem:75 - After build in PCC Used Memory: 393648496 Bytes (814743552)
2024-11-05 14:13:33,896 [INFO] ApiDbMcu:508 - Load IP Config File for LoRaWAN
2024-11-05 14:13:33,896 [INFO] Middleware:612 - instanceName : LORAWAN bspName : USART check condition failed for : SEM_LORA_AT_SLAVE
2024-11-05 14:13:33,896 [INFO] Middleware:617 - instanceName : LORAWAN bspName : USART check condition success for : SEM_LORA_END_NODE  | SEM_LORA_USE_UART
2024-11-05 14:13:33,896 [INFO] Middleware:617 - instanceName : LORAWAN bspName : ADC check condition success for : !SEM_LORA_USER_APPLICATION | SEM_LORA_USE_ADC
2024-11-05 14:13:33,896 [INFO] Middleware:617 - instanceName : LORAWAN bspName : RTC check condition success for : !SEM_LORA_USER_APPLICATION | SEM_LORA_USE_RTC
2024-11-05 14:13:33,896 [INFO] Middleware:617 - instanceName : LORAWAN bspName : Debug Line 1 check condition success for : SEM_PROBE_LINE_FOR_LORA
2024-11-05 14:13:33,896 [INFO] Middleware:617 - instanceName : LORAWAN bspName : Debug Line 2 check condition success for : SEM_PROBE_LINE_FOR_LORA
2024-11-05 14:13:33,896 [INFO] Middleware:617 - instanceName : LORAWAN bspName : Debug Line 3 check condition success for : SEM_PROBE_LINE_FOR_LORA
2024-11-05 14:13:33,896 [INFO] Middleware:617 - instanceName : LORAWAN bspName : Debug Line 4 check condition success for : SEM_PROBE_LINE_FOR_LORA
2024-11-05 14:13:33,917 [INFO] IPUIPlugin:80 - create IPUIPlugin
2024-11-05 14:13:33,918 [INFO] IPUIPlugin:80 - create IPUIPlugin
2024-11-05 14:13:33,918 [INFO] IPUIPlugin:80 - create IPUIPlugin
2024-11-05 14:13:33,918 [INFO] IPUIPlugin:80 - create IPUIPlugin
2024-11-05 14:13:33,918 [INFO] IPUIPlugin:80 - create IPUIPlugin
2024-11-05 14:13:33,918 [INFO] IPUIPlugin:80 - create IPUIPlugin
2024-11-05 14:13:33,918 [INFO] IPUIPlugin:80 - create IPUIPlugin
2024-11-05 14:13:33,918 [INFO] IPUIPlugin:80 - create IPUIPlugin
2024-11-05 14:13:33,918 [INFO] IPUIPlugin:80 - create IPUIPlugin
2024-11-05 14:13:33,919 [INFO] IPUIPlugin:80 - create IPUIPlugin
2024-11-05 14:13:33,919 [INFO] IPUIPlugin:80 - create IPUIPlugin
2024-11-05 14:13:33,919 [INFO] IPUIPlugin:80 - create IPUIPlugin
2024-11-05 14:13:33,920 [INFO] IPUIPlugin:80 - create IPUIPlugin
2024-11-05 14:13:33,920 [INFO] IPUIPlugin:80 - create IPUIPlugin
2024-11-05 14:13:33,920 [INFO] IPUIPlugin:80 - create IPUIPlugin
2024-11-05 14:13:33,920 [INFO] IPUIPlugin:80 - create IPUIPlugin
2024-11-05 14:13:33,920 [INFO] IPUIPlugin:80 - create IPUIPlugin
2024-11-05 14:13:33,920 [INFO] IPUIPlugin:80 - create IPUIPlugin
2024-11-05 14:13:33,921 [INFO] IPUIPlugin:80 - create IPUIPlugin
2024-11-05 14:13:33,921 [INFO] IPUIPlugin:80 - create IPUIPlugin
2024-11-05 14:13:33,921 [INFO] IPUIPlugin:80 - create IPUIPlugin
2024-11-05 14:13:33,921 [INFO] IPUIPlugin:80 - create IPUIPlugin
2024-11-05 14:13:33,921 [INFO] IPUIPlugin:80 - create IPUIPlugin
2024-11-05 14:13:33,922 [INFO] IPUIPlugin:80 - create IPUIPlugin
2024-11-05 14:13:33,922 [INFO] IPUIPlugin:80 - create IPUIPlugin
2024-11-05 14:13:33,922 [INFO] IPUIPlugin:80 - create IPUIPlugin
2024-11-05 14:13:33,922 [INFO] IPUIPlugin:80 - create IPUIPlugin
2024-11-05 14:13:33,922 [INFO] IPUIPlugin:80 - create IPUIPlugin
2024-11-05 14:13:33,922 [INFO] IPUIPlugin:80 - create IPUIPlugin
2024-11-05 14:13:33,923 [INFO] IPUIPlugin:80 - create IPUIPlugin
2024-11-05 14:13:33,923 [INFO] IPUIPlugin:80 - create IPUIPlugin
2024-11-05 14:13:33,924 [INFO] IPUIPlugin:80 - create IPUIPlugin
2024-11-05 14:13:33,924 [INFO] IPUIPlugin:80 - create IPUIPlugin
2024-11-05 14:13:33,924 [INFO] IPUIPlugin:80 - create IPUIPlugin
2024-11-05 14:13:33,924 [INFO] IPUIPlugin:80 - create IPUIPlugin
2024-11-05 14:13:33,924 [INFO] IPUIPlugin:80 - create IPUIPlugin
2024-11-05 14:13:33,925 [INFO] IPUIPlugin:80 - create IPUIPlugin
2024-11-05 14:13:33,925 [INFO] IPUIPlugin:80 - create IPUIPlugin
2024-11-05 14:13:33,925 [INFO] IPUIPlugin:80 - create IPUIPlugin
2024-11-05 14:13:33,925 [INFO] IPUIPlugin:80 - create IPUIPlugin
2024-11-05 14:13:33,925 [INFO] IPUIPlugin:80 - create IPUIPlugin
2024-11-05 14:13:33,926 [INFO] IPUIPlugin:80 - create IPUIPlugin
2024-11-05 14:13:33,926 [INFO] IPUIPlugin:80 - create IPUIPlugin
2024-11-05 14:13:33,926 [INFO] IPUIPlugin:80 - create IPUIPlugin
2024-11-05 14:13:33,926 [INFO] IPUIPlugin:80 - create IPUIPlugin
2024-11-05 14:13:33,927 [INFO] IPUIPlugin:80 - create IPUIPlugin
2024-11-05 14:13:33,927 [INFO] IPUIPlugin:80 - create IPUIPlugin
2024-11-05 14:13:33,927 [INFO] IPUIPlugin:80 - create IPUIPlugin
2024-11-05 14:13:33,928 [INFO] IPUIPlugin:80 - create IPUIPlugin
2024-11-05 14:13:33,928 [INFO] IPUIPlugin:80 - create IPUIPlugin
2024-11-05 14:13:33,928 [INFO] IPUIPlugin:80 - create IPUIPlugin
2024-11-05 14:13:33,948 [INFO] CADModel:165 - CPN selected for project levelSTM32WL55JCI6
2024-11-05 14:13:33,948 [INFO] CADModel:114 - Register for checkConnection events
2024-11-05 14:13:33,984 [INFO] OpenFileManager:363 - Restore cursor
2024-11-05 14:13:34,260 [WARN] IP:2191 - HourFormat not found: check if there is a RefParameter without a condition.
2024-11-05 14:13:34,260 [WARN] IP:2191 - SynchPrediv not found: check if there is a RefParameter without a condition.
2024-11-05 14:13:34,260 [WARN] IP:2191 - OutPut1 not found: check if there is a RefParameter without a condition.
2024-11-05 14:13:34,260 [WARN] IP:2191 - OutPut2 not found: check if there is a RefParameter without a condition.
2024-11-05 14:13:34,260 [WARN] IP:2191 - OutPut3 not found: check if there is a RefParameter without a condition.
2024-11-05 14:13:34,261 [WARN] IP:2191 - BinMixBcdU not found: check if there is a RefParameter without a condition.
2024-11-05 14:13:34,261 [WARN] IP:2191 - HourFormat not found: check if there is a RefParameter without a condition.
2024-11-05 14:13:34,261 [WARN] IP:2191 - SynchPrediv not found: check if there is a RefParameter without a condition.
2024-11-05 14:13:34,261 [WARN] IP:2191 - BinMixBcdU not found: check if there is a RefParameter without a condition.
2024-11-05 14:13:34,261 [WARN] IP:2191 - Hours not found: check if there is a RefParameter without a condition.
2024-11-05 14:13:34,261 [WARN] IP:2191 - Minutes not found: check if there is a RefParameter without a condition.
2024-11-05 14:13:34,261 [WARN] IP:2191 - Seconds not found: check if there is a RefParameter without a condition.
2024-11-05 14:13:34,261 [WARN] IP:2191 - TimeFormat not found: check if there is a RefParameter without a condition.
2024-11-05 14:13:34,261 [WARN] IP:2191 - DayLightSaving not found: check if there is a RefParameter without a condition.
2024-11-05 14:13:34,261 [WARN] IP:2191 - StoreOperation not found: check if there is a RefParameter without a condition.
2024-11-05 14:13:34,261 [WARN] IP:2191 - WeekDay not found: check if there is a RefParameter without a condition.
2024-11-05 14:13:34,261 [WARN] IP:2191 - Month not found: check if there is a RefParameter without a condition.
2024-11-05 14:13:34,261 [WARN] IP:2191 - Date not found: check if there is a RefParameter without a condition.
2024-11-05 14:13:34,261 [WARN] IP:2191 - Year not found: check if there is a RefParameter without a condition.
2024-11-05 14:13:34,261 [WARN] IP:2191 - HourFormat not found: check if there is a RefParameter without a condition.
2024-11-05 14:13:34,261 [WARN] IP:2191 - SynchPrediv not found: check if there is a RefParameter without a condition.
2024-11-05 14:13:34,261 [WARN] IP:2191 - OutPut1 not found: check if there is a RefParameter without a condition.
2024-11-05 14:13:34,261 [WARN] IP:2191 - OutPut2 not found: check if there is a RefParameter without a condition.
2024-11-05 14:13:34,262 [WARN] IP:2191 - OutPut3 not found: check if there is a RefParameter without a condition.
2024-11-05 14:13:34,262 [WARN] IP:2191 - BinMixBcdU not found: check if there is a RefParameter without a condition.
2024-11-05 14:13:34,262 [WARN] IP:2191 - Hours_A not found: check if there is a RefParameter without a condition.
2024-11-05 14:13:34,262 [WARN] IP:2191 - Minutes_A not found: check if there is a RefParameter without a condition.
2024-11-05 14:13:34,262 [WARN] IP:2191 - Seconds_A not found: check if there is a RefParameter without a condition.
2024-11-05 14:13:34,262 [WARN] IP:2191 - AlarmMaskDateWeekDay not found: check if there is a RefParameter without a condition.
2024-11-05 14:13:34,262 [WARN] IP:2191 - AlarmMaskHours not found: check if there is a RefParameter without a condition.
2024-11-05 14:13:34,262 [WARN] IP:2191 - AlarmMaskMinutes not found: check if there is a RefParameter without a condition.
2024-11-05 14:13:34,262 [WARN] IP:2191 - AlarmMaskSeconds not found: check if there is a RefParameter without a condition.
2024-11-05 14:13:34,262 [WARN] IP:2191 - AlarmDateWeekDaySel not found: check if there is a RefParameter without a condition.
2024-11-05 14:13:34,262 [WARN] IP:2191 - AlarmDateWeekDay not found: check if there is a RefParameter without a condition.
2024-11-05 14:13:34,262 [WARN] IP:2191 - AlarmDateWeekDayARG not found: check if there is a RefParameter without a condition.
2024-11-05 14:13:34,262 [WARN] IP:2191 - HourFormat not found: check if there is a RefParameter without a condition.
2024-11-05 14:13:34,263 [WARN] IP:2191 - SynchPrediv not found: check if there is a RefParameter without a condition.
2024-11-05 14:13:34,263 [WARN] IP:2191 - OutPut1 not found: check if there is a RefParameter without a condition.
2024-11-05 14:13:34,263 [WARN] IP:2191 - OutPut2 not found: check if there is a RefParameter without a condition.
2024-11-05 14:13:34,263 [WARN] IP:2191 - OutPut3 not found: check if there is a RefParameter without a condition.
2024-11-05 14:13:34,263 [WARN] IP:2191 - BinMixBcdU not found: check if there is a RefParameter without a condition.
2024-11-05 14:13:34,263 [WARN] IP:2191 - HourFormat not found: check if there is a RefParameter without a condition.
2024-11-05 14:13:34,263 [WARN] IP:2191 - SynchPrediv not found: check if there is a RefParameter without a condition.
2024-11-05 14:13:34,263 [WARN] IP:2191 - BinMixBcdU not found: check if there is a RefParameter without a condition.
2024-11-05 14:13:34,263 [WARN] IP:2191 - Hours not found: check if there is a RefParameter without a condition.
2024-11-05 14:13:34,263 [WARN] IP:2191 - Minutes not found: check if there is a RefParameter without a condition.
2024-11-05 14:13:34,263 [WARN] IP:2191 - Seconds not found: check if there is a RefParameter without a condition.
2024-11-05 14:13:34,263 [WARN] IP:2191 - TimeFormat not found: check if there is a RefParameter without a condition.
2024-11-05 14:13:34,263 [WARN] IP:2191 - DayLightSaving not found: check if there is a RefParameter without a condition.
2024-11-05 14:13:34,263 [WARN] IP:2191 - StoreOperation not found: check if there is a RefParameter without a condition.
2024-11-05 14:13:34,263 [WARN] IP:2191 - WeekDay not found: check if there is a RefParameter without a condition.
2024-11-05 14:13:34,263 [WARN] IP:2191 - Month not found: check if there is a RefParameter without a condition.
2024-11-05 14:13:34,263 [WARN] IP:2191 - Date not found: check if there is a RefParameter without a condition.
2024-11-05 14:13:34,263 [WARN] IP:2191 - Year not found: check if there is a RefParameter without a condition.
2024-11-05 14:13:34,263 [WARN] IP:2191 - HourFormat not found: check if there is a RefParameter without a condition.
2024-11-05 14:13:34,264 [WARN] IP:2191 - SynchPrediv not found: check if there is a RefParameter without a condition.
2024-11-05 14:13:34,264 [WARN] IP:2191 - OutPut1 not found: check if there is a RefParameter without a condition.
2024-11-05 14:13:34,264 [WARN] IP:2191 - OutPut2 not found: check if there is a RefParameter without a condition.
2024-11-05 14:13:34,264 [WARN] IP:2191 - OutPut3 not found: check if there is a RefParameter without a condition.
2024-11-05 14:13:34,264 [WARN] IP:2191 - BinMixBcdU not found: check if there is a RefParameter without a condition.
2024-11-05 14:13:34,264 [WARN] IP:2191 - Hours_A not found: check if there is a RefParameter without a condition.
2024-11-05 14:13:34,264 [WARN] IP:2191 - Minutes_A not found: check if there is a RefParameter without a condition.
2024-11-05 14:13:34,264 [WARN] IP:2191 - Seconds_A not found: check if there is a RefParameter without a condition.
2024-11-05 14:13:34,264 [WARN] IP:2191 - AlarmMaskDateWeekDay not found: check if there is a RefParameter without a condition.
2024-11-05 14:13:34,264 [WARN] IP:2191 - AlarmMaskHours not found: check if there is a RefParameter without a condition.
2024-11-05 14:13:34,264 [WARN] IP:2191 - AlarmMaskMinutes not found: check if there is a RefParameter without a condition.
2024-11-05 14:13:34,264 [WARN] IP:2191 - AlarmMaskSeconds not found: check if there is a RefParameter without a condition.
2024-11-05 14:13:34,265 [WARN] IP:2191 - AlarmDateWeekDaySel not found: check if there is a RefParameter without a condition.
2024-11-05 14:13:34,265 [WARN] IP:2191 - AlarmDateWeekDay not found: check if there is a RefParameter without a condition.
2024-11-05 14:13:34,265 [WARN] IP:2191 - AlarmDateWeekDayARG not found: check if there is a RefParameter without a condition.
2024-11-05 14:13:34,292 [INFO] Middleware:612 - instanceName : LORAWAN bspName : USART check condition failed for : SEM_LORA_AT_SLAVE
2024-11-05 14:13:34,293 [INFO] Middleware:617 - instanceName : LORAWAN bspName : USART check condition success for : SEM_LORA_END_NODE  | SEM_LORA_USE_UART
2024-11-05 14:13:34,293 [INFO] Middleware:617 - instanceName : LORAWAN bspName : ADC check condition success for : !SEM_LORA_USER_APPLICATION | SEM_LORA_USE_ADC
2024-11-05 14:13:34,293 [INFO] Middleware:617 - instanceName : LORAWAN bspName : RTC check condition success for : !SEM_LORA_USER_APPLICATION | SEM_LORA_USE_RTC
2024-11-05 14:13:34,293 [INFO] Middleware:617 - instanceName : LORAWAN bspName : Debug Line 1 check condition success for : SEM_PROBE_LINE_FOR_LORA
2024-11-05 14:13:34,293 [INFO] Middleware:617 - instanceName : LORAWAN bspName : Debug Line 2 check condition success for : SEM_PROBE_LINE_FOR_LORA
2024-11-05 14:13:34,293 [INFO] Middleware:617 - instanceName : LORAWAN bspName : Debug Line 3 check condition success for : SEM_PROBE_LINE_FOR_LORA
2024-11-05 14:13:34,293 [INFO] Middleware:617 - instanceName : LORAWAN bspName : Debug Line 4 check condition success for : SEM_PROBE_LINE_FOR_LORA
2024-11-05 14:14:08,721 [INFO] MainUpdater:2873 - connection check result : 10
2024-11-05 14:14:08,721 [INFO] MainUpdater:2873 - connection check result : 10
2024-11-05 14:14:09,056 [INFO] I2cTimingTraitement:330 - 0x10805D88
2024-11-05 14:14:09,058 [INFO] MicroXplorer:468 - Change Database Path : 
2024-11-05 14:14:09,058 [INFO] MicroXplorer:498 - Change Database Version : DB.6.0.121
2024-11-05 14:14:09,062 [ERROR] ProjectManagerView:394 - 
java.lang.NullPointerException: Cannot invoke "javax.swing.JTextField.getText()" because the return value of "java.util.List.get(int)" is null
	at com.st.microxplorer.plugins.projectmanager.gui.ProjectChoiceTab$10.caretUpdate(ProjectChoiceTab.java:2622) ~[filemanager.jar:?]
	at javax.swing.text.JTextComponent.fireCaretUpdate(JTextComponent.java:412) ~[?:?]
	at javax.swing.text.JTextComponent$MutableCaretEvent.fire(JTextComponent.java:4491) ~[?:?]
	at javax.swing.text.JTextComponent$MutableCaretEvent.stateChanged(JTextComponent.java:4513) ~[?:?]
	at javax.swing.text.DefaultCaret.fireStateChanged(DefaultCaret.java:842) ~[?:?]
	at javax.swing.text.DefaultCaret.changeCaretPosition(DefaultCaret.java:1313) ~[?:?]
	at javax.swing.text.DefaultCaret.handleSetDot(DefaultCaret.java:1212) ~[?:?]
	at javax.swing.text.DefaultCaret.setDot(DefaultCaret.java:1193) ~[?:?]
	at javax.swing.text.DefaultCaret$Handler.insertUpdate(DefaultCaret.java:1789) ~[?:?]
	at javax.swing.text.AbstractDocument.fireInsertUpdate(AbstractDocument.java:226) ~[?:?]
	at javax.swing.text.AbstractDocument.handleInsertString(AbstractDocument.java:780) ~[?:?]
	at javax.swing.text.AbstractDocument.insertString(AbstractDocument.java:739) ~[?:?]
	at javax.swing.text.PlainDocument.insertString(PlainDocument.java:131) ~[?:?]
	at javax.swing.text.AbstractDocument.replace(AbstractDocument.java:698) ~[?:?]
	at javax.swing.text.JTextComponent.setText(JTextComponent.java:1729) ~[?:?]
	at com.st.microxplorer.plugins.projectmanager.gui.ProjectChoiceTab.createHeapStackFields(ProjectChoiceTab.java:972) ~[filemanager.jar:?]
	at com.st.microxplorer.plugins.projectmanager.gui.ProjectChoiceTab.buildLinkSettingsPanel(ProjectChoiceTab.java:3597) ~[filemanager.jar:?]
	at com.st.microxplorer.plugins.projectmanager.gui.ProjectChoiceTab.defineWindowsFields(ProjectChoiceTab.java:1940) ~[filemanager.jar:?]
	at com.st.microxplorer.plugins.projectmanager.gui.ProjectChoiceTab.updateSettings(ProjectChoiceTab.java:550) ~[filemanager.jar:?]
	at com.st.microxplorer.plugins.projectmanager.gui.ProjectSettingsPanel.UpdateDialog(ProjectSettingsPanel.java:245) ~[filemanager.jar:?]
	at com.st.microxplorer.plugins.projectmanager.ProjectManagerView.propertyChange(ProjectManagerView.java:391) ~[filemanager.jar:?]
	at java.beans.PropertyChangeSupport.fire(PropertyChangeSupport.java:343) ~[?:?]
	at java.beans.PropertyChangeSupport.firePropertyChange(PropertyChangeSupport.java:335) ~[?:?]
	at java.beans.PropertyChangeSupport.firePropertyChange(PropertyChangeSupport.java:268) ~[?:?]
	at com.st.microxplorer.util.MXPropertyChangeSupport.firePropertyChange(MXPropertyChangeSupport.java:54) ~[STM32CubeMX.jar:?]
	at com.st.microxplorer.mxsystem.MxSystem.closeConfig(MxSystem.java:900) ~[STM32CubeMX.jar:?]
	at com.st.microxplorer.maingui.MainPanel.closeConfig(MainPanel.java:781) ~[STM32CubeMX.jar:?]
	at com.st.microxplorer.plugins.filemanager.engine.OpenFileManager.loadConfigurationFile(OpenFileManager.java:265) ~[filemanager.jar:?]
	at com.st.microxplorer.plugins.filemanager.engine.MainFileManager.userLoadConfig(MainFileManager.java:352) ~[filemanager.jar:?]
	at com.st.microxplorer.plugins.filemanager.engine.MainFileManager.userLoadConfig(MainFileManager.java:330) ~[filemanager.jar:?]
	at com.st.microxplorer.plugins.filemanager.FileManagerView.getSpecificTask(FileManagerView.java:246) ~[filemanager.jar:?]
	at com.st.stm32cube.common.mx.editor.CubeMxEditor.getMxTabbedPaneInstance(CubeMxEditor.java:1198) ~[com.st.stm32cube.common.mx_6.12.1.202409122256/:?]
	at com.st.stm32cube.common.mx.editor.CubeMxEditor$12$1.createSwingComponent(CubeMxEditor.java:1068) ~[com.st.stm32cube.common.mx_6.12.1.202409122256/:?]
	at com.st.stm32cube.common.mx.oss.core.awtswtbridge.EmbeddedSwingComposite.doComponentCreation(EmbeddedSwingComposite.java:492) ~[com.st.stm32cube.common.mx.oss_6.12.1.202409122256/:?]
	at com.st.stm32cube.common.mx.oss.core.awtswtbridge.EmbeddedSwingComposite$4.run(EmbeddedSwingComposite.java:291) ~[com.st.stm32cube.common.mx.oss_6.12.1.202409122256/:?]
	at com.st.stm32cube.common.mx.oss.core.awtswtbridge.AwtEnvironment$2.run(AwtEnvironment.java:166) ~[com.st.stm32cube.common.mx.oss_6.12.1.202409122256/:?]
	at java.awt.event.InvocationEvent.dispatch(InvocationEvent.java:318) ~[?:?]
	at java.awt.EventQueue.dispatchEventImpl(EventQueue.java:773) ~[?:?]
	at java.awt.EventQueue$4.run(EventQueue.java:720) ~[?:?]
	at java.awt.EventQueue$4.run(EventQueue.java:714) ~[?:?]
	at java.security.AccessController.doPrivileged(AccessController.java:399) ~[?:?]
	at java.security.ProtectionDomain$JavaSecurityAccessImpl.doIntersectionPrivilege(ProtectionDomain.java:86) ~[?:?]
	at java.awt.EventQueue.dispatchEvent(EventQueue.java:742) ~[?:?]
	at java.awt.EventDispatchThread.pumpOneEventForFilters(EventDispatchThread.java:203) ~[?:?]
	at java.awt.EventDispatchThread.pumpEventsForFilter(EventDispatchThread.java:124) ~[?:?]
	at java.awt.EventDispatchThread.pumpEventsForHierarchy(EventDispatchThread.java:113) ~[?:?]
	at java.awt.EventDispatchThread.pumpEvents(EventDispatchThread.java:109) ~[?:?]
	at java.awt.EventDispatchThread.pumpEvents(EventDispatchThread.java:101) ~[?:?]
	at java.awt.EventDispatchThread.run(EventDispatchThread.java:90) ~[?:?]
2024-11-05 14:14:09,063 [WARN] ThirdParty:871 - waiting for thirdparty lock release [close project]
2024-11-05 14:14:09,063 [INFO] ThirdParty:873 - entering critical section [close project]
2024-11-05 14:14:09,063 [INFO] ThirdParty:883 - exiting critical section [close project]
2024-11-05 14:14:09,064 [INFO] PinOutPanel:1561 - setPackage(No Configuration,No Configuration)
2024-11-05 14:14:09,066 [INFO] UtilMem:75 - Begin LoadConfig() Used Memory: 682037384 Bytes (814743552)
2024-11-05 14:14:09,066 [INFO] MicroXplorer:468 - Change Database Path : 
2024-11-05 14:14:09,066 [INFO] MicroXplorer:498 - Change Database Version : DB.6.0.121
2024-11-05 14:14:09,066 [INFO] OpenFileManager:332 - Change cursor
2024-11-05 14:14:09,070 [INFO] Mcu:2032 - Initializing MCU STM32WL55JCIx STM32WL55JCIx STM32WL55JCI6
2024-11-05 14:14:09,505 [INFO] Context:742 - Trying to add GPIOservice into a context  which must be forbidden
2024-11-05 14:14:09,506 [INFO] Context:742 - Trying to add GPIOservice into a context  which must be forbidden
2024-11-05 14:14:09,506 [INFO] Context:742 - Trying to add GPIOservice into a context  which must be forbidden
2024-11-05 14:14:09,760 [INFO] ApiDbMcu:508 - Load IP Config File for NUCLEO-WL55JC1
2024-11-05 14:14:09,815 [INFO] Context:742 - Trying to add GPIOservice into a context  which must be forbidden
2024-11-05 14:14:09,816 [INFO] Context:742 - Trying to add GPIOservice into a context  which must be forbidden
2024-11-05 14:14:09,818 [INFO] ImportTextPane:205 - (OptionalMessage_ERROR) Unable to find key (Mcu.IP10) in loaded IOC file
2024-11-05 14:14:09,818 [INFO] ImportTextPane:205 - (OptionalMessage_ERROR) Unknown IP (dummy)
2024-11-05 14:14:09,898 [INFO] RtosManager:555 - Registered RTOS mode: class=CMSIS, group=RTOS, mode=CMSIS_V1, owner=FREERTOS
2024-11-05 14:14:09,898 [INFO] RtosManager:555 - Registered RTOS mode: class=CMSIS, group=RTOS2, mode=CMSIS_V2, owner=FREERTOS
2024-11-05 14:14:09,898 [INFO] RtosManager:555 - Registered RTOS mode: class=RTOS, group=Core, mode=CMSIS_V1, owner=FREERTOS
2024-11-05 14:14:09,898 [INFO] RtosManager:555 - Registered RTOS mode: class=RTOS, group=Core, mode=CMSIS_V2, owner=FREERTOS
2024-11-05 14:14:09,898 [WARN] ModelIntegratedComponent:184 - Missing modes for component STMicroelectronics:FreeRTOS:0.0.1:STMicroelectronics:RTOS:FreeRTOS:Core:::10.2.0:
2024-11-05 14:14:09,902 [WARN] ModelIntegratedComponent:63 - No mode defined for component null
2024-11-05 14:14:09,902 [WARN] ModelIntegratedComponent:63 - No mode defined for component null
2024-11-05 14:14:09,902 [WARN] ModelIntegratedComponent:63 - No mode defined for component null
2024-11-05 14:14:09,902 [WARN] ModelIntegratedComponent:63 - No mode defined for component null
2024-11-05 14:14:09,902 [WARN] ModelIntegratedComponent:63 - No mode defined for component null
2024-11-05 14:14:09,902 [WARN] ModelIntegratedComponent:63 - No mode defined for component null
2024-11-05 14:14:09,902 [WARN] ModelIntegratedComponent:63 - No mode defined for component null
2024-11-05 14:14:09,902 [WARN] ModelIntegratedComponent:63 - No mode defined for component null
2024-11-05 14:14:09,902 [WARN] ModelIntegratedComponent:63 - No mode defined for component null
2024-11-05 14:14:09,902 [WARN] ModelIntegratedComponent:63 - No mode defined for component null
2024-11-05 14:14:09,902 [WARN] ModelIntegratedComponent:63 - No mode defined for component null
2024-11-05 14:14:09,902 [WARN] ModelIntegratedComponent:63 - No mode defined for component null
2024-11-05 14:14:09,902 [WARN] ModelIntegratedComponent:63 - No mode defined for component null
2024-11-05 14:14:09,902 [WARN] ModelIntegratedComponent:63 - No mode defined for component null
2024-11-05 14:14:09,902 [WARN] ModelIntegratedComponent:63 - No mode defined for component null
2024-11-05 14:14:09,902 [WARN] ModelIntegratedComponent:63 - No mode defined for component null
2024-11-05 14:14:09,902 [WARN] ModelIntegratedComponent:63 - No mode defined for component null
2024-11-05 14:14:09,902 [WARN] ModelIntegratedComponent:63 - No mode defined for component null
2024-11-05 14:14:09,902 [WARN] ModelIntegratedComponent:63 - No mode defined for component null
2024-11-05 14:14:09,902 [WARN] ModelIntegratedComponent:63 - No mode defined for component null
2024-11-05 14:14:09,902 [WARN] ModelIntegratedComponent:63 - No mode defined for component null
2024-11-05 14:14:09,902 [WARN] ModelIntegratedComponent:63 - No mode defined for component null
2024-11-05 14:14:09,902 [WARN] ModelIntegratedComponent:63 - No mode defined for component null
2024-11-05 14:14:09,903 [WARN] ModelIntegratedComponent:63 - No mode defined for component null
2024-11-05 14:14:09,903 [WARN] ModelIntegratedComponent:63 - No mode defined for component null
2024-11-05 14:14:09,903 [WARN] ModelIntegratedComponent:63 - No mode defined for component null
2024-11-05 14:14:09,903 [WARN] ModelIntegratedComponent:63 - No mode defined for component null
2024-11-05 14:14:09,903 [WARN] ModelIntegratedComponent:63 - No mode defined for component null
2024-11-05 14:14:09,903 [WARN] ModelIntegratedComponent:63 - No mode defined for component null
2024-11-05 14:14:09,903 [WARN] ModelIntegratedComponent:63 - No mode defined for component null
2024-11-05 14:14:09,903 [WARN] ModelIntegratedComponent:63 - No mode defined for component null
2024-11-05 14:14:09,903 [WARN] ModelIntegratedComponent:63 - No mode defined for component null
2024-11-05 14:14:09,903 [WARN] ModelIntegratedComponent:63 - No mode defined for component null
2024-11-05 14:14:09,903 [WARN] ModelIntegratedComponent:63 - No mode defined for component null
2024-11-05 14:14:09,903 [WARN] ModelIntegratedComponent:63 - No mode defined for component null
2024-11-05 14:14:09,903 [WARN] ModelPack:524 - Component already loaded: STMicroelectronics:HAL Drivers:0.0.0:STMicroelectronics:Device:STMicro_Driver:XSPI:HAL::0.0.1:HAL_XSPI
2024-11-05 14:14:09,913 [INFO] ThirdPartyModel:298 - Start build external matchings
2024-11-05 14:14:10,199 [INFO] ThirdPartyModel:316 - End build external matchings
2024-11-05 14:14:10,207 [INFO] ImportTextPane:205 - (OptionalMessage_ERROR) IP (ADC) : Parameter (NbrOfConversion) has invalid value (1)
2024-11-05 14:14:10,284 [INFO] UtilMem:75 - End LoadConfig() Used Memory: 676400016 Bytes (814743552)
2024-11-05 14:14:10,289 [WARN] ThirdParty:833 - waiting for thirdparty lock release [change project]
2024-11-05 14:14:10,289 [INFO] ThirdParty:835 - entering critical section [change project]
2024-11-05 14:14:10,289 [INFO] ThirdParty:1030 - CMSIS Pack Vendor :STMicroelectronics USBPD 4.1
2024-11-05 14:14:10,289 [INFO] ThirdParty:1030 - CMSIS Pack Vendor :STMicroelectronics X-CUBE-AZRTOS-H7 3.3.0
2024-11-05 14:14:10,289 [INFO] ThirdParty:1030 - CMSIS Pack Vendor :STMicroelectronics X-CUBE-NFC9 1.0.0
2024-11-05 14:14:10,289 [INFO] ThirdParty:1030 - CMSIS Pack Vendor :STMicroelectronics USB_HOST 2.0.0
2024-11-05 14:14:10,289 [INFO] ThirdParty:1030 - CMSIS Pack Vendor :STMicroelectronics FP-SNS-MOTENVWB1 1.4.0
2024-11-05 14:14:10,289 [INFO] ThirdParty:1030 - CMSIS Pack Vendor :STMicroelectronics X-CUBE-AZRTOS-F4 1.1.0
2024-11-05 14:14:10,289 [INFO] ThirdParty:1030 - CMSIS Pack Vendor :STMicroelectronics LIBJPEG 8.0.0
2024-11-05 14:14:10,289 [INFO] ThirdParty:1030 - CMSIS Pack Vendor :STMicroelectronics X-CUBE-SMBUS 2.1.0
2024-11-05 14:14:10,289 [INFO] ThirdParty:1030 - CMSIS Pack Vendor :STMicroelectronics X-CUBE-WB05N 1.1.0
2024-11-05 14:14:10,289 [INFO] ThirdParty:1030 - CMSIS Pack Vendor :STMicroelectronics USB_DEVICE 3.0.0
2024-11-05 14:14:10,289 [INFO] ThirdParty:1030 - CMSIS Pack Vendor :STMicroelectronics X-CUBE-TCPP 4.1.0
2024-11-05 14:14:10,289 [INFO] ThirdParty:1030 - CMSIS Pack Vendor :STMicroelectronics X-CUBE-ISPU 2.1.0
2024-11-05 14:14:10,290 [INFO] ThirdParty:1030 - CMSIS Pack Vendor :STMicroelectronics X-CUBE-FREERTOS 1.2.0
2024-11-05 14:14:10,290 [INFO] ThirdParty:1030 - CMSIS Pack Vendor :STMicroelectronics X-CUBE-IPS 3.0.0
2024-11-05 14:14:10,290 [INFO] ThirdParty:1030 - CMSIS Pack Vendor :STMicroelectronics X-CUBE-AZRTOS-WB 2.0.0
2024-11-05 14:14:10,290 [INFO] ThirdParty:1030 - CMSIS Pack Vendor :STMicroelectronics X-CUBE-GNSS1 7.0.0
2024-11-05 14:14:10,290 [INFO] ThirdParty:1030 - CMSIS Pack Vendor :STMicroelectronics X-CUBE-AZRTOS-F7 1.1.0
2024-11-05 14:14:10,290 [INFO] ThirdParty:1030 - CMSIS Pack Vendor :STMicroelectronics X-CUBE-AZRTOS-L5 2.0.0
2024-11-05 14:14:10,290 [INFO] ThirdParty:1030 - CMSIS Pack Vendor :STMicroelectronics USB_DEVICE 2.0.0
2024-11-05 14:14:10,290 [INFO] ThirdParty:1030 - CMSIS Pack Vendor :STMicroelectronics X-CUBE-NFC6 3.1.0
2024-11-05 14:14:10,290 [INFO] ThirdParty:1030 - CMSIS Pack Vendor :STMicroelectronics FP-SNS-STBOX1 2.0.0
2024-11-05 14:14:10,290 [INFO] ThirdParty:1030 - CMSIS Pack Vendor :STMicroelectronics X-CUBE-MEMS1 11.0.0
2024-11-05 14:14:10,290 [INFO] ThirdParty:1030 - CMSIS Pack Vendor :STMicroelectronics FreeRTOS 0.0.1
2024-11-05 14:14:10,290 [INFO] ThirdParty:1030 - CMSIS Pack Vendor :STMicroelectronics X-CUBE-AZRTOS-G0 1.1.0
2024-11-05 14:14:10,290 [INFO] ThirdParty:1030 - CMSIS Pack Vendor :STMicroelectronics X-CUBE-SAFEA1 1.2.2
2024-11-05 14:14:10,290 [INFO] ThirdParty:1030 - CMSIS Pack Vendor :STMicroelectronics X-CUBE-NFC4 3.0.0
2024-11-05 14:14:10,290 [INFO] ThirdParty:1030 - CMSIS Pack Vendor :STMicroelectronics X-CUBE-DPower 1.2.0
2024-11-05 14:14:10,290 [INFO] ThirdParty:1030 - CMSIS Pack Vendor :STMicroelectronics X-CUBE-SUBG2 5.0.0
2024-11-05 14:14:10,290 [INFO] ThirdParty:1030 - CMSIS Pack Vendor :STMicroelectronics STM32_WPAN 1.0.0
2024-11-05 14:14:10,290 [INFO] ThirdParty:1030 - CMSIS Pack Vendor :EmbeddedOffice I-CUBE-FS-RTOS 1.0.1
2024-11-05 14:14:10,290 [INFO] ThirdParty:1030 - CMSIS Pack Vendor :STMicroelectronics lwIP 2.0.3
2024-11-05 14:14:10,290 [INFO] ThirdParty:1030 - CMSIS Pack Vendor :STMicroelectronics FP-SNS-FLIGHT1 5.0.2
2024-11-05 14:14:10,290 [INFO] ThirdParty:1030 - CMSIS Pack Vendor :Cesanta I-CUBE-Mongoose 7.13.0
2024-11-05 14:14:10,290 [INFO] ThirdParty:1030 - CMSIS Pack Vendor :STMicroelectronics USB_HOST 1.0.0
2024-11-05 14:14:10,290 [INFO] ThirdParty:1030 - CMSIS Pack Vendor :STMicroelectronics X-CUBE-AI 9.0.0
2024-11-05 14:14:10,290 [INFO] ThirdParty:1030 - CMSIS Pack Vendor :STMicroelectronics X-CUBE-AZRTOS-G4 2.0.0
2024-11-05 14:14:10,290 [INFO] ThirdParty:1030 - CMSIS Pack Vendor :STMicroelectronics PDM2PCM 3.1.0
2024-11-05 14:14:10,290 [INFO] ThirdParty:1030 - CMSIS Pack Vendor :STMicroelectronics PDM2PCM 3.3.0
2024-11-05 14:14:10,290 [INFO] ThirdParty:1030 - CMSIS Pack Vendor :STMicroelectronics X-CUBE-DISPLAY 3.0.0
2024-11-05 14:14:10,290 [INFO] ThirdParty:1030 - CMSIS Pack Vendor :RealThread X-CUBE-RT-Thread_Nano 4.1.1
2024-11-05 14:14:10,290 [INFO] ThirdParty:1030 - CMSIS Pack Vendor :STMicroelectronics X-CUBE-BLE1 7.0.0
2024-11-05 14:14:10,290 [INFO] ThirdParty:1030 - CMSIS Pack Vendor :STMicroelectronics FP-ATR-SIGFOX1 3.2.0
2024-11-05 14:14:10,290 [INFO] ThirdParty:1030 - CMSIS Pack Vendor :STMicroelectronics X-CUBE-NFC10 1.0.0
2024-11-05 14:14:10,290 [INFO] ThirdParty:1030 - CMSIS Pack Vendor :wolfSSL I-CUBE-wolfSSL 5.7.2
2024-11-05 14:14:10,290 [INFO] ThirdParty:1030 - CMSIS Pack Vendor :STMicroelectronics X-CUBE-EEPRMA1 5.1.0
2024-11-05 14:14:10,290 [INFO] ThirdParty:1030 - CMSIS Pack Vendor :STMicroelectronics HAL Drivers 0.0.0
2024-11-05 14:14:10,290 [INFO] ThirdParty:1030 - CMSIS Pack Vendor :STMicroelectronics MBEDTLS 2.16.2
2024-11-05 14:14:10,290 [INFO] ThirdParty:1030 - CMSIS Pack Vendor :STMicroelectronics X-CUBE-ALS 1.0.2
2024-11-05 14:14:10,290 [INFO] ThirdParty:1030 - CMSIS Pack Vendor :emotas I-CUBE-CANOPEN 1.3.0
2024-11-05 14:14:10,290 [INFO] ThirdParty:1030 - CMSIS Pack Vendor :STMicroelectronics X-CUBE-NFC7 1.0.1
2024-11-05 14:14:10,290 [INFO] ThirdParty:1030 - CMSIS Pack Vendor :STMicroelectronics MBEDTLS 2.14.1
2024-11-05 14:14:10,290 [INFO] ThirdParty:1030 - CMSIS Pack Vendor :ITTIA_DB I-CUBE-ITTIADB 8.9.0
2024-11-05 14:14:10,290 [INFO] ThirdParty:1030 - CMSIS Pack Vendor :STMicroelectronics X-CUBE-TOUCHGFX 4.24.1
2024-11-05 14:14:10,290 [INFO] ThirdParty:1030 - CMSIS Pack Vendor :wolfSSL I-CUBE-wolfTPM 3.4.0
2024-11-05 14:14:10,290 [INFO] ThirdParty:1030 - CMSIS Pack Vendor :portGmbH I-Cube-SoM-uGOAL 1.1.0
2024-11-05 14:14:10,290 [INFO] ThirdParty:1030 - CMSIS Pack Vendor :STMicroelectronics X-CUBE-BLEMGR 3.1.0
2024-11-05 14:14:10,291 [INFO] ThirdParty:1030 - CMSIS Pack Vendor :STMicroelectronics ThreadX 1.0.0
2024-11-05 14:14:10,291 [INFO] ThirdParty:1030 - CMSIS Pack Vendor :STMicroelectronics FP-SNS-SMARTAG2 1.2.0
2024-11-05 14:14:10,291 [INFO] ThirdParty:1030 - CMSIS Pack Vendor :STMicroelectronics X-CUBE-AZRTOS-WL 2.0.0
2024-11-05 14:14:10,291 [INFO] ThirdParty:1030 - CMSIS Pack Vendor :SEGGER I-CUBE-embOS 1.3.1
2024-11-05 14:14:10,291 [INFO] ThirdParty:1030 - CMSIS Pack Vendor :STMicroelectronics X-CUBE-ALGOBUILD 1.4.0
2024-11-05 14:14:10,291 [INFO] ThirdParty:1030 - CMSIS Pack Vendor :STMicroelectronics FP-SNS-MOTENV1 5.0.0
2024-11-05 14:14:10,291 [INFO] ThirdParty:1030 - CMSIS Pack Vendor :STMicroelectronics USB_DEVICE 1.0.0
2024-11-05 14:14:10,291 [INFO] ThirdParty:1030 - CMSIS Pack Vendor :STMicroelectronics X-CUBE-AZRTOS-H7RS 1.0.0
2024-11-05 14:14:10,291 [INFO] ThirdParty:1030 - CMSIS Pack Vendor :wolfSSL I-CUBE-wolfMQTT 1.19.0
2024-11-05 14:14:10,291 [INFO] ThirdParty:1030 - CMSIS Pack Vendor :STMicroelectronics X-CUBE-AZRTOS-L4 2.0.0
2024-11-05 14:14:10,291 [INFO] ThirdParty:1030 - CMSIS Pack Vendor :STMicroelectronics ThreadX 0.0.2
2024-11-05 14:14:10,291 [INFO] ThirdParty:1030 - CMSIS Pack Vendor :WES I-CUBE-Cesium 1.3.0
2024-11-05 14:14:10,291 [INFO] ThirdParty:1030 - CMSIS Pack Vendor :STMicroelectronics FP-ATR-ASTRA1 2.0.0
2024-11-05 14:14:10,291 [INFO] ThirdParty:1030 - CMSIS Pack Vendor :STMicroelectronics lwIP 2.1.2
2024-11-05 14:14:10,291 [INFO] ThirdParty:1030 - CMSIS Pack Vendor :STMicroelectronics X-CUBE-SFXS2LP1 4.0.0
2024-11-05 14:14:10,291 [INFO] ThirdParty:1030 - CMSIS Pack Vendor :STMicroelectronics X-CUBE-BLE2 3.3.0
2024-11-05 14:14:10,291 [INFO] ThirdParty:1030 - CMSIS Pack Vendor :STMicroelectronics X-CUBE-TOF1 3.4.2
2024-11-05 14:14:10,291 [INFO] ThirdParty:1030 - CMSIS Pack Vendor :STMicroelectronics X-CUBE-AI 9.1.0
2024-11-05 14:14:10,291 [INFO] ThirdParty:1030 - CMSIS Pack Vendor :Infineon AIROC-Wi-Fi-Bluetooth-STM32 1.6.1
2024-11-05 14:14:10,291 [INFO] ThirdParty:1030 - CMSIS Pack Vendor :STMicroelectronics PDM2PCM 3.2.0
2024-11-05 14:14:10,291 [INFO] ThirdParty:1030 - CMSIS Pack Vendor :wolfSSL I-CUBE-wolfSSH 1.4.17
2024-11-05 14:14:10,291 [INFO] ThirdParty:841 - exiting critical section [change project]
2024-11-05 14:14:10,493 [INFO] PinOutPanel:1561 - setPackage(No Configuration,No Configuration)
2024-11-05 14:14:10,494 [INFO] PinOutPanel:1561 - setPackage(STM32WL55JCIx,UFBGA73)
2024-11-05 14:14:10,658 [INFO] UtilMem:75 - Before build in PCC Used Memory: 329502696 Bytes (814743552)
2024-11-05 14:14:10,921 [INFO] UtilMem:75 - After build in PCC Used Memory: 438554600 Bytes (814743552)
2024-11-05 14:14:10,934 [INFO] IPUIPlugin:80 - create IPUIPlugin
2024-11-05 14:14:10,934 [INFO] IPUIPlugin:80 - create IPUIPlugin
2024-11-05 14:14:10,934 [INFO] IPUIPlugin:80 - create IPUIPlugin
2024-11-05 14:14:10,935 [INFO] IPUIPlugin:80 - create IPUIPlugin
2024-11-05 14:14:10,935 [INFO] IPUIPlugin:80 - create IPUIPlugin
2024-11-05 14:14:10,935 [INFO] IPUIPlugin:80 - create IPUIPlugin
2024-11-05 14:14:10,935 [INFO] IPUIPlugin:80 - create IPUIPlugin
2024-11-05 14:14:10,935 [INFO] IPUIPlugin:80 - create IPUIPlugin
2024-11-05 14:14:10,935 [INFO] IPUIPlugin:80 - create IPUIPlugin
2024-11-05 14:14:10,935 [INFO] IPUIPlugin:80 - create IPUIPlugin
2024-11-05 14:14:10,935 [INFO] IPUIPlugin:80 - create IPUIPlugin
2024-11-05 14:14:10,935 [INFO] IPUIPlugin:80 - create IPUIPlugin
2024-11-05 14:14:10,935 [INFO] IPUIPlugin:80 - create IPUIPlugin
2024-11-05 14:14:10,935 [INFO] IPUIPlugin:80 - create IPUIPlugin
2024-11-05 14:14:10,935 [INFO] IPUIPlugin:80 - create IPUIPlugin
2024-11-05 14:14:10,935 [INFO] IPUIPlugin:80 - create IPUIPlugin
2024-11-05 14:14:10,935 [INFO] IPUIPlugin:80 - create IPUIPlugin
2024-11-05 14:14:10,936 [INFO] IPUIPlugin:80 - create IPUIPlugin
2024-11-05 14:14:10,936 [INFO] IPUIPlugin:80 - create IPUIPlugin
2024-11-05 14:14:10,936 [INFO] IPUIPlugin:80 - create IPUIPlugin
2024-11-05 14:14:10,936 [INFO] IPUIPlugin:80 - create IPUIPlugin
2024-11-05 14:14:10,936 [INFO] IPUIPlugin:80 - create IPUIPlugin
2024-11-05 14:14:10,936 [INFO] IPUIPlugin:80 - create IPUIPlugin
2024-11-05 14:14:10,936 [INFO] IPUIPlugin:80 - create IPUIPlugin
2024-11-05 14:14:10,936 [INFO] IPUIPlugin:80 - create IPUIPlugin
2024-11-05 14:14:10,937 [INFO] IPUIPlugin:80 - create IPUIPlugin
2024-11-05 14:14:10,937 [INFO] IPUIPlugin:80 - create IPUIPlugin
2024-11-05 14:14:10,937 [INFO] IPUIPlugin:80 - create IPUIPlugin
2024-11-05 14:14:10,937 [INFO] IPUIPlugin:80 - create IPUIPlugin
2024-11-05 14:14:10,937 [INFO] IPUIPlugin:80 - create IPUIPlugin
2024-11-05 14:14:10,937 [INFO] IPUIPlugin:80 - create IPUIPlugin
2024-11-05 14:14:10,937 [INFO] IPUIPlugin:80 - create IPUIPlugin
2024-11-05 14:14:10,938 [INFO] IPUIPlugin:80 - create IPUIPlugin
2024-11-05 14:14:10,938 [INFO] IPUIPlugin:80 - create IPUIPlugin
2024-11-05 14:14:10,938 [INFO] IPUIPlugin:80 - create IPUIPlugin
2024-11-05 14:14:10,938 [INFO] IPUIPlugin:80 - create IPUIPlugin
2024-11-05 14:14:10,938 [INFO] IPUIPlugin:80 - create IPUIPlugin
2024-11-05 14:14:10,938 [INFO] IPUIPlugin:80 - create IPUIPlugin
2024-11-05 14:14:10,939 [INFO] IPUIPlugin:80 - create IPUIPlugin
2024-11-05 14:14:10,939 [INFO] IPUIPlugin:80 - create IPUIPlugin
2024-11-05 14:14:10,939 [INFO] IPUIPlugin:80 - create IPUIPlugin
2024-11-05 14:14:10,939 [INFO] IPUIPlugin:80 - create IPUIPlugin
2024-11-05 14:14:10,939 [INFO] IPUIPlugin:80 - create IPUIPlugin
2024-11-05 14:14:10,940 [INFO] IPUIPlugin:80 - create IPUIPlugin
2024-11-05 14:14:10,940 [INFO] IPUIPlugin:80 - create IPUIPlugin
2024-11-05 14:14:10,940 [INFO] IPUIPlugin:80 - create IPUIPlugin
2024-11-05 14:14:10,940 [INFO] IPUIPlugin:80 - create IPUIPlugin
2024-11-05 14:14:10,940 [INFO] IPUIPlugin:80 - create IPUIPlugin
2024-11-05 14:14:10,941 [INFO] IPUIPlugin:80 - create IPUIPlugin
2024-11-05 14:14:10,941 [INFO] IPUIPlugin:80 - create IPUIPlugin
2024-11-05 14:14:10,941 [INFO] IPUIPlugin:80 - create IPUIPlugin
2024-11-05 14:14:10,941 [INFO] IPUIPlugin:80 - create IPUIPlugin
2024-11-05 14:14:10,942 [INFO] IPUIPlugin:80 - create IPUIPlugin
2024-11-05 14:14:10,942 [INFO] IPUIPlugin:80 - create IPUIPlugin
2024-11-05 14:14:10,942 [INFO] IPUIPlugin:80 - create IPUIPlugin
2024-11-05 14:14:10,942 [INFO] IPUIPlugin:80 - create IPUIPlugin
2024-11-05 14:14:10,975 [INFO] CADModel:165 - CPN selected for project levelSTM32WL55JCI6
2024-11-05 14:14:10,975 [INFO] CADModel:114 - Register for checkConnection events
2024-11-05 14:14:11,011 [INFO] OpenFileManager:363 - Restore cursor
2024-11-05 14:14:14,432 [INFO] I2cTimingTraitement:330 - 0x00100D14
2024-11-05 14:14:25,025 [INFO] NvicIntPanel:101 - NVIC parent = com.st.microxplorer.plugins.ip.nvic.MultiNvicIntPanel[,0,0,553x216,layout=javax.swing.BoxLayout,alignmentX=0.0,alignmentY=0.0,border=,flags=9,maximumSize=,minimumSize=,preferredSize=]
2024-11-05 14:14:43,855 [INFO] MainUpdater:2873 - connection check result : 10
2024-11-05 14:14:43,855 [INFO] MainUpdater:2873 - connection check result : 10
2024-11-05 14:14:43,859 [ERROR] IocParser:95 - Exception caught: null
2024-11-05 14:14:43,910 [INFO] I2cTimingTraitement:330 - 0x00100D14
2024-11-05 14:14:43,912 [INFO] MicroXplorer:468 - Change Database Path : 
2024-11-05 14:14:43,912 [INFO] MicroXplorer:498 - Change Database Version : DB.6.0.121
2024-11-05 14:14:43,917 [ERROR] ProjectManagerView:394 - 
java.lang.NullPointerException: Cannot invoke "javax.swing.JTextField.getText()" because the return value of "java.util.List.get(int)" is null
	at com.st.microxplorer.plugins.projectmanager.gui.ProjectChoiceTab$10.caretUpdate(ProjectChoiceTab.java:2622) ~[filemanager.jar:?]
	at javax.swing.text.JTextComponent.fireCaretUpdate(JTextComponent.java:412) ~[?:?]
	at javax.swing.text.JTextComponent$MutableCaretEvent.fire(JTextComponent.java:4491) ~[?:?]
	at javax.swing.text.JTextComponent$MutableCaretEvent.stateChanged(JTextComponent.java:4513) ~[?:?]
	at javax.swing.text.DefaultCaret.fireStateChanged(DefaultCaret.java:842) ~[?:?]
	at javax.swing.text.DefaultCaret.changeCaretPosition(DefaultCaret.java:1313) ~[?:?]
	at javax.swing.text.DefaultCaret.handleSetDot(DefaultCaret.java:1212) ~[?:?]
	at javax.swing.text.DefaultCaret.setDot(DefaultCaret.java:1193) ~[?:?]
	at javax.swing.text.DefaultCaret$Handler.insertUpdate(DefaultCaret.java:1789) ~[?:?]
	at javax.swing.text.AbstractDocument.fireInsertUpdate(AbstractDocument.java:226) ~[?:?]
	at javax.swing.text.AbstractDocument.handleInsertString(AbstractDocument.java:780) ~[?:?]
	at javax.swing.text.AbstractDocument.insertString(AbstractDocument.java:739) ~[?:?]
	at javax.swing.text.PlainDocument.insertString(PlainDocument.java:131) ~[?:?]
	at javax.swing.text.AbstractDocument.replace(AbstractDocument.java:698) ~[?:?]
	at javax.swing.text.JTextComponent.setText(JTextComponent.java:1729) ~[?:?]
	at com.st.microxplorer.plugins.projectmanager.gui.ProjectChoiceTab.createHeapStackFields(ProjectChoiceTab.java:972) ~[filemanager.jar:?]
	at com.st.microxplorer.plugins.projectmanager.gui.ProjectChoiceTab.buildLinkSettingsPanel(ProjectChoiceTab.java:3597) ~[filemanager.jar:?]
	at com.st.microxplorer.plugins.projectmanager.gui.ProjectChoiceTab.defineWindowsFields(ProjectChoiceTab.java:1940) ~[filemanager.jar:?]
	at com.st.microxplorer.plugins.projectmanager.gui.ProjectChoiceTab.updateSettings(ProjectChoiceTab.java:550) ~[filemanager.jar:?]
	at com.st.microxplorer.plugins.projectmanager.gui.ProjectSettingsPanel.UpdateDialog(ProjectSettingsPanel.java:245) ~[filemanager.jar:?]
	at com.st.microxplorer.plugins.projectmanager.ProjectManagerView.propertyChange(ProjectManagerView.java:391) ~[filemanager.jar:?]
	at java.beans.PropertyChangeSupport.fire(PropertyChangeSupport.java:343) ~[?:?]
	at java.beans.PropertyChangeSupport.firePropertyChange(PropertyChangeSupport.java:335) ~[?:?]
	at java.beans.PropertyChangeSupport.firePropertyChange(PropertyChangeSupport.java:268) ~[?:?]
	at com.st.microxplorer.util.MXPropertyChangeSupport.firePropertyChange(MXPropertyChangeSupport.java:54) ~[STM32CubeMX.jar:?]
	at com.st.microxplorer.mxsystem.MxSystem.closeConfig(MxSystem.java:900) ~[STM32CubeMX.jar:?]
	at com.st.microxplorer.maingui.MainPanel.closeConfig(MainPanel.java:781) ~[STM32CubeMX.jar:?]
	at com.st.microxplorer.plugins.filemanager.engine.OpenFileManager.loadConfigurationFile(OpenFileManager.java:265) ~[filemanager.jar:?]
	at com.st.microxplorer.plugins.filemanager.engine.MainFileManager.userLoadConfig(MainFileManager.java:352) ~[filemanager.jar:?]
	at com.st.microxplorer.plugins.filemanager.engine.MainFileManager.userLoadConfig(MainFileManager.java:330) ~[filemanager.jar:?]
	at com.st.microxplorer.plugins.filemanager.FileManagerView.getSpecificTask(FileManagerView.java:246) ~[filemanager.jar:?]
	at com.st.stm32cube.common.mx.editor.CubeMxEditor.getMxTabbedPaneInstance(CubeMxEditor.java:1198) ~[com.st.stm32cube.common.mx_6.12.1.202409122256/:?]
	at com.st.stm32cube.common.mx.editor.CubeMxEditor$12$1.createSwingComponent(CubeMxEditor.java:1068) ~[com.st.stm32cube.common.mx_6.12.1.202409122256/:?]
	at com.st.stm32cube.common.mx.oss.core.awtswtbridge.EmbeddedSwingComposite.doComponentCreation(EmbeddedSwingComposite.java:492) ~[com.st.stm32cube.common.mx.oss_6.12.1.202409122256/:?]
	at com.st.stm32cube.common.mx.oss.core.awtswtbridge.EmbeddedSwingComposite$4.run(EmbeddedSwingComposite.java:291) ~[com.st.stm32cube.common.mx.oss_6.12.1.202409122256/:?]
	at com.st.stm32cube.common.mx.oss.core.awtswtbridge.AwtEnvironment$2.run(AwtEnvironment.java:166) ~[com.st.stm32cube.common.mx.oss_6.12.1.202409122256/:?]
	at java.awt.event.InvocationEvent.dispatch(InvocationEvent.java:318) ~[?:?]
	at java.awt.EventQueue.dispatchEventImpl(EventQueue.java:773) ~[?:?]
	at java.awt.EventQueue$4.run(EventQueue.java:720) ~[?:?]
	at java.awt.EventQueue$4.run(EventQueue.java:714) ~[?:?]
	at java.security.AccessController.doPrivileged(AccessController.java:399) ~[?:?]
	at java.security.ProtectionDomain$JavaSecurityAccessImpl.doIntersectionPrivilege(ProtectionDomain.java:86) ~[?:?]
	at java.awt.EventQueue.dispatchEvent(EventQueue.java:742) ~[?:?]
	at java.awt.EventDispatchThread.pumpOneEventForFilters(EventDispatchThread.java:203) ~[?:?]
	at java.awt.EventDispatchThread.pumpEventsForFilter(EventDispatchThread.java:124) ~[?:?]
	at java.awt.EventDispatchThread.pumpEventsForHierarchy(EventDispatchThread.java:113) ~[?:?]
	at java.awt.EventDispatchThread.pumpEvents(EventDispatchThread.java:109) ~[?:?]
	at java.awt.EventDispatchThread.pumpEvents(EventDispatchThread.java:101) ~[?:?]
	at java.awt.EventDispatchThread.run(EventDispatchThread.java:90) ~[?:?]
2024-11-05 14:14:43,918 [WARN] ThirdParty:871 - waiting for thirdparty lock release [close project]
2024-11-05 14:14:43,918 [INFO] ThirdParty:873 - entering critical section [close project]
2024-11-05 14:14:43,918 [INFO] ThirdParty:883 - exiting critical section [close project]
2024-11-05 14:14:43,919 [INFO] PinOutPanel:1561 - setPackage(No Configuration,No Configuration)
2024-11-05 14:14:43,922 [INFO] UtilMem:75 - Begin LoadConfig() Used Memory: 339243128 Bytes (814743552)
2024-11-05 14:14:43,922 [INFO] MicroXplorer:468 - Change Database Path : 
2024-11-05 14:14:43,923 [INFO] MicroXplorer:498 - Change Database Version : DB.6.0.121
2024-11-05 14:14:43,923 [INFO] OpenFileManager:332 - Change cursor
2024-11-05 14:14:43,928 [INFO] Mcu:2032 - Initializing MCU STM32WL55JCIx STM32WL55JCIx STM32WL55JCI6
2024-11-05 14:14:44,536 [INFO] Context:742 - Trying to add GPIOservice into a context  which must be forbidden
2024-11-05 14:14:44,536 [INFO] Context:742 - Trying to add GPIOservice into a context  which must be forbidden
2024-11-05 14:14:44,536 [INFO] Context:742 - Trying to add GPIOservice into a context  which must be forbidden
2024-11-05 14:14:44,778 [INFO] ApiDbMcu:508 - Load IP Config File for NUCLEO-WL55JC1
2024-11-05 14:14:44,912 [INFO] RtosManager:555 - Registered RTOS mode: class=CMSIS, group=RTOS, mode=CMSIS_V1, owner=FREERTOS
2024-11-05 14:14:44,912 [INFO] RtosManager:555 - Registered RTOS mode: class=CMSIS, group=RTOS2, mode=CMSIS_V2, owner=FREERTOS
2024-11-05 14:14:44,912 [INFO] RtosManager:555 - Registered RTOS mode: class=RTOS, group=Core, mode=CMSIS_V1, owner=FREERTOS
2024-11-05 14:14:44,912 [INFO] RtosManager:555 - Registered RTOS mode: class=RTOS, group=Core, mode=CMSIS_V2, owner=FREERTOS
2024-11-05 14:14:44,912 [WARN] ModelIntegratedComponent:184 - Missing modes for component STMicroelectronics:FreeRTOS:0.0.1:STMicroelectronics:RTOS:FreeRTOS:Core:::10.2.0:
2024-11-05 14:14:44,916 [WARN] ModelIntegratedComponent:63 - No mode defined for component null
2024-11-05 14:14:44,916 [WARN] ModelIntegratedComponent:63 - No mode defined for component null
2024-11-05 14:14:44,916 [WARN] ModelIntegratedComponent:63 - No mode defined for component null
2024-11-05 14:14:44,916 [WARN] ModelIntegratedComponent:63 - No mode defined for component null
2024-11-05 14:14:44,916 [WARN] ModelIntegratedComponent:63 - No mode defined for component null
2024-11-05 14:14:44,916 [WARN] ModelIntegratedComponent:63 - No mode defined for component null
2024-11-05 14:14:44,916 [WARN] ModelIntegratedComponent:63 - No mode defined for component null
2024-11-05 14:14:44,916 [WARN] ModelIntegratedComponent:63 - No mode defined for component null
2024-11-05 14:14:44,916 [WARN] ModelIntegratedComponent:63 - No mode defined for component null
2024-11-05 14:14:44,916 [WARN] ModelIntegratedComponent:63 - No mode defined for component null
2024-11-05 14:14:44,916 [WARN] ModelIntegratedComponent:63 - No mode defined for component null
2024-11-05 14:14:44,916 [WARN] ModelIntegratedComponent:63 - No mode defined for component null
2024-11-05 14:14:44,916 [WARN] ModelIntegratedComponent:63 - No mode defined for component null
2024-11-05 14:14:44,916 [WARN] ModelIntegratedComponent:63 - No mode defined for component null
2024-11-05 14:14:44,916 [WARN] ModelIntegratedComponent:63 - No mode defined for component null
2024-11-05 14:14:44,916 [WARN] ModelIntegratedComponent:63 - No mode defined for component null
2024-11-05 14:14:44,916 [WARN] ModelIntegratedComponent:63 - No mode defined for component null
2024-11-05 14:14:44,916 [WARN] ModelIntegratedComponent:63 - No mode defined for component null
2024-11-05 14:14:44,916 [WARN] ModelIntegratedComponent:63 - No mode defined for component null
2024-11-05 14:14:44,916 [WARN] ModelIntegratedComponent:63 - No mode defined for component null
2024-11-05 14:14:44,916 [WARN] ModelIntegratedComponent:63 - No mode defined for component null
2024-11-05 14:14:44,916 [WARN] ModelIntegratedComponent:63 - No mode defined for component null
2024-11-05 14:14:44,916 [WARN] ModelIntegratedComponent:63 - No mode defined for component null
2024-11-05 14:14:44,916 [WARN] ModelIntegratedComponent:63 - No mode defined for component null
2024-11-05 14:14:44,916 [WARN] ModelIntegratedComponent:63 - No mode defined for component null
2024-11-05 14:14:44,916 [WARN] ModelIntegratedComponent:63 - No mode defined for component null
2024-11-05 14:14:44,916 [WARN] ModelIntegratedComponent:63 - No mode defined for component null
2024-11-05 14:14:44,916 [WARN] ModelIntegratedComponent:63 - No mode defined for component null
2024-11-05 14:14:44,916 [WARN] ModelIntegratedComponent:63 - No mode defined for component null
2024-11-05 14:14:44,916 [WARN] ModelIntegratedComponent:63 - No mode defined for component null
2024-11-05 14:14:44,916 [WARN] ModelIntegratedComponent:63 - No mode defined for component null
2024-11-05 14:14:44,916 [WARN] ModelIntegratedComponent:63 - No mode defined for component null
2024-11-05 14:14:44,916 [WARN] ModelIntegratedComponent:63 - No mode defined for component null
2024-11-05 14:14:44,916 [WARN] ModelIntegratedComponent:63 - No mode defined for component null
2024-11-05 14:14:44,916 [WARN] ModelIntegratedComponent:63 - No mode defined for component null
2024-11-05 14:14:44,916 [WARN] ModelPack:524 - Component already loaded: STMicroelectronics:HAL Drivers:0.0.0:STMicroelectronics:Device:STMicro_Driver:XSPI:HAL::0.0.1:HAL_XSPI
2024-11-05 14:14:44,932 [INFO] ThirdPartyModel:298 - Start build external matchings
2024-11-05 14:14:45,265 [INFO] ThirdPartyModel:316 - End build external matchings
2024-11-05 14:14:45,273 [INFO] ImportTextPane:205 - (OptionalMessage_ERROR) IP (ADC) : Parameter (NbrOfConversion) has invalid value (1)
2024-11-05 14:14:45,274 [INFO] ImportTextPane:205 - (OptionalMessage_ERROR) IP (DMA) : Parameter (Instance) has Id (USART2_TX) currently not set
2024-11-05 14:14:45,274 [INFO] ImportTextPane:205 - (OptionalMessage_ERROR) IP (DMA) : Parameter (Request) has Id (USART2_TX) currently not set
2024-11-05 14:14:45,274 [INFO] ImportTextPane:205 - (OptionalMessage_ERROR) IP (DMA) : Parameter (Direction) has Id (USART2_TX) currently not set
2024-11-05 14:14:45,274 [INFO] ImportTextPane:205 - (OptionalMessage_ERROR) IP (DMA) : Parameter (PeriphInc) has Id (USART2_TX) currently not set
2024-11-05 14:14:45,274 [INFO] ImportTextPane:205 - (OptionalMessage_ERROR) IP (DMA) : Parameter (MemInc) has Id (USART2_TX) currently not set
2024-11-05 14:14:45,274 [INFO] ImportTextPane:205 - (OptionalMessage_ERROR) IP (DMA) : Parameter (PeriphDataAlignment) has Id (USART2_TX) currently not set
2024-11-05 14:14:45,274 [INFO] ImportTextPane:205 - (OptionalMessage_ERROR) IP (DMA) : Parameter (MemDataAlignment) has Id (USART2_TX) currently not set
2024-11-05 14:14:45,274 [INFO] ImportTextPane:205 - (OptionalMessage_ERROR) IP (DMA) : Parameter (Mode) has Id (USART2_TX) currently not set
2024-11-05 14:14:45,274 [INFO] ImportTextPane:205 - (OptionalMessage_ERROR) IP (DMA) : Parameter (Priority) has Id (USART2_TX) currently not set
2024-11-05 14:14:45,274 [INFO] ImportTextPane:205 - (OptionalMessage_ERROR) IP (DMA) : Parameter (SignalID) has Id (USART2_TX) currently not set
2024-11-05 14:14:45,274 [INFO] ImportTextPane:205 - (OptionalMessage_ERROR) IP (DMA) : Parameter (Polarity) has Id (USART2_TX) currently not set
2024-11-05 14:14:45,274 [INFO] ImportTextPane:205 - (OptionalMessage_ERROR) IP (DMA) : Parameter (RequestNumber) has Id (USART2_TX) currently not set
2024-11-05 14:14:45,274 [INFO] ImportTextPane:205 - (OptionalMessage_ERROR) IP (DMA) : Parameter (SyncSignalID) has Id (USART2_TX) currently not set
2024-11-05 14:14:45,274 [INFO] ImportTextPane:205 - (OptionalMessage_ERROR) IP (DMA) : Parameter (SyncPolarity) has Id (USART2_TX) currently not set
2024-11-05 14:14:45,274 [INFO] ImportTextPane:205 - (OptionalMessage_ERROR) IP (DMA) : Parameter (SyncEnable) has Id (USART2_TX) currently not set
2024-11-05 14:14:45,274 [INFO] ImportTextPane:205 - (OptionalMessage_ERROR) IP (DMA) : Parameter (EventEnable) has Id (USART2_TX) currently not set
2024-11-05 14:14:45,274 [INFO] ImportTextPane:205 - (OptionalMessage_ERROR) IP (DMA) : Parameter (SyncRequestNumber) has Id (USART2_TX) currently not set
2024-11-05 14:14:45,274 [INFO] ImportTextPane:205 - (OptionalMessage_ERROR) IP (DMA) : Parameter (Channel_PRIV_NPRIV) has Id (USART2_TX) currently not set
2024-11-05 14:14:45,279 [INFO] ImportTextPane:205 - (OptionalMessage_ERROR) IP (RCC) : Invalid parameter (FamilyName)
2024-11-05 14:14:45,279 [WARN] IP:2191 - HourFormat not found: check if there is a RefParameter without a condition.
2024-11-05 14:14:45,279 [WARN] IP:2191 - SynchPrediv not found: check if there is a RefParameter without a condition.
2024-11-05 14:14:45,280 [WARN] IP:2191 - OutPut1 not found: check if there is a RefParameter without a condition.
2024-11-05 14:14:45,280 [WARN] IP:2191 - OutPut2 not found: check if there is a RefParameter without a condition.
2024-11-05 14:14:45,280 [WARN] IP:2191 - OutPut3 not found: check if there is a RefParameter without a condition.
2024-11-05 14:14:45,280 [WARN] IP:2191 - BinMixBcdU not found: check if there is a RefParameter without a condition.
2024-11-05 14:14:45,280 [WARN] IP:2191 - HourFormat not found: check if there is a RefParameter without a condition.
2024-11-05 14:14:45,280 [WARN] IP:2191 - SynchPrediv not found: check if there is a RefParameter without a condition.
2024-11-05 14:14:45,280 [WARN] IP:2191 - BinMixBcdU not found: check if there is a RefParameter without a condition.
2024-11-05 14:14:45,280 [WARN] IP:2191 - Hours not found: check if there is a RefParameter without a condition.
2024-11-05 14:14:45,280 [WARN] IP:2191 - Minutes not found: check if there is a RefParameter without a condition.
2024-11-05 14:14:45,280 [WARN] IP:2191 - Seconds not found: check if there is a RefParameter without a condition.
2024-11-05 14:14:45,280 [WARN] IP:2191 - TimeFormat not found: check if there is a RefParameter without a condition.
2024-11-05 14:14:45,280 [WARN] IP:2191 - DayLightSaving not found: check if there is a RefParameter without a condition.
2024-11-05 14:14:45,280 [WARN] IP:2191 - StoreOperation not found: check if there is a RefParameter without a condition.
2024-11-05 14:14:45,280 [WARN] IP:2191 - WeekDay not found: check if there is a RefParameter without a condition.
2024-11-05 14:14:45,280 [WARN] IP:2191 - Month not found: check if there is a RefParameter without a condition.
2024-11-05 14:14:45,280 [WARN] IP:2191 - Date not found: check if there is a RefParameter without a condition.
2024-11-05 14:14:45,280 [WARN] IP:2191 - Year not found: check if there is a RefParameter without a condition.
2024-11-05 14:14:45,280 [WARN] IP:2191 - HourFormat not found: check if there is a RefParameter without a condition.
2024-11-05 14:14:45,280 [WARN] IP:2191 - SynchPrediv not found: check if there is a RefParameter without a condition.
2024-11-05 14:14:45,280 [WARN] IP:2191 - OutPut1 not found: check if there is a RefParameter without a condition.
2024-11-05 14:14:45,280 [WARN] IP:2191 - OutPut2 not found: check if there is a RefParameter without a condition.
2024-11-05 14:14:45,280 [WARN] IP:2191 - OutPut3 not found: check if there is a RefParameter without a condition.
2024-11-05 14:14:45,281 [WARN] IP:2191 - BinMixBcdU not found: check if there is a RefParameter without a condition.
2024-11-05 14:14:45,281 [WARN] IP:2191 - Hours_A not found: check if there is a RefParameter without a condition.
2024-11-05 14:14:45,281 [WARN] IP:2191 - Minutes_A not found: check if there is a RefParameter without a condition.
2024-11-05 14:14:45,281 [WARN] IP:2191 - Seconds_A not found: check if there is a RefParameter without a condition.
2024-11-05 14:14:45,281 [WARN] IP:2191 - AlarmMaskDateWeekDay not found: check if there is a RefParameter without a condition.
2024-11-05 14:14:45,281 [WARN] IP:2191 - AlarmMaskHours not found: check if there is a RefParameter without a condition.
2024-11-05 14:14:45,281 [WARN] IP:2191 - AlarmMaskMinutes not found: check if there is a RefParameter without a condition.
2024-11-05 14:14:45,281 [WARN] IP:2191 - AlarmMaskSeconds not found: check if there is a RefParameter without a condition.
2024-11-05 14:14:45,281 [WARN] IP:2191 - AlarmDateWeekDaySel not found: check if there is a RefParameter without a condition.
2024-11-05 14:14:45,281 [WARN] IP:2191 - AlarmDateWeekDay not found: check if there is a RefParameter without a condition.
2024-11-05 14:14:45,281 [WARN] IP:2191 - AlarmDateWeekDayARG not found: check if there is a RefParameter without a condition.
2024-11-05 14:14:45,281 [WARN] IP:2191 - HourFormat not found: check if there is a RefParameter without a condition.
2024-11-05 14:14:45,281 [WARN] IP:2191 - SynchPrediv not found: check if there is a RefParameter without a condition.
2024-11-05 14:14:45,281 [WARN] IP:2191 - OutPut1 not found: check if there is a RefParameter without a condition.
2024-11-05 14:14:45,281 [WARN] IP:2191 - OutPut2 not found: check if there is a RefParameter without a condition.
2024-11-05 14:14:45,281 [WARN] IP:2191 - OutPut3 not found: check if there is a RefParameter without a condition.
2024-11-05 14:14:45,281 [WARN] IP:2191 - BinMixBcdU not found: check if there is a RefParameter without a condition.
2024-11-05 14:14:45,281 [WARN] IP:2191 - HourFormat not found: check if there is a RefParameter without a condition.
2024-11-05 14:14:45,281 [WARN] IP:2191 - SynchPrediv not found: check if there is a RefParameter without a condition.
2024-11-05 14:14:45,281 [WARN] IP:2191 - BinMixBcdU not found: check if there is a RefParameter without a condition.
2024-11-05 14:14:45,282 [WARN] IP:2191 - Hours not found: check if there is a RefParameter without a condition.
2024-11-05 14:14:45,282 [WARN] IP:2191 - Minutes not found: check if there is a RefParameter without a condition.
2024-11-05 14:14:45,282 [WARN] IP:2191 - Seconds not found: check if there is a RefParameter without a condition.
2024-11-05 14:14:45,282 [WARN] IP:2191 - TimeFormat not found: check if there is a RefParameter without a condition.
2024-11-05 14:14:45,282 [WARN] IP:2191 - DayLightSaving not found: check if there is a RefParameter without a condition.
2024-11-05 14:14:45,282 [WARN] IP:2191 - StoreOperation not found: check if there is a RefParameter without a condition.
2024-11-05 14:14:45,282 [WARN] IP:2191 - WeekDay not found: check if there is a RefParameter without a condition.
2024-11-05 14:14:45,282 [WARN] IP:2191 - Month not found: check if there is a RefParameter without a condition.
2024-11-05 14:14:45,282 [WARN] IP:2191 - Date not found: check if there is a RefParameter without a condition.
2024-11-05 14:14:45,282 [WARN] IP:2191 - Year not found: check if there is a RefParameter without a condition.
2024-11-05 14:14:45,382 [INFO] UtilMem:75 - End LoadConfig() Used Memory: 601054760 Bytes (846200832)
2024-11-05 14:14:45,385 [WARN] ThirdParty:833 - waiting for thirdparty lock release [change project]
2024-11-05 14:14:45,385 [INFO] ThirdParty:835 - entering critical section [change project]
2024-11-05 14:14:45,385 [INFO] ThirdParty:1030 - CMSIS Pack Vendor :STMicroelectronics USBPD 4.1
2024-11-05 14:14:45,385 [INFO] ThirdParty:1030 - CMSIS Pack Vendor :STMicroelectronics X-CUBE-AZRTOS-H7 3.3.0
2024-11-05 14:14:45,385 [INFO] ThirdParty:1030 - CMSIS Pack Vendor :STMicroelectronics X-CUBE-NFC9 1.0.0
2024-11-05 14:14:45,385 [INFO] ThirdParty:1030 - CMSIS Pack Vendor :STMicroelectronics USB_HOST 2.0.0
2024-11-05 14:14:45,385 [INFO] ThirdParty:1030 - CMSIS Pack Vendor :STMicroelectronics FP-SNS-MOTENVWB1 1.4.0
2024-11-05 14:14:45,385 [INFO] ThirdParty:1030 - CMSIS Pack Vendor :STMicroelectronics X-CUBE-AZRTOS-F4 1.1.0
2024-11-05 14:14:45,385 [INFO] ThirdParty:1030 - CMSIS Pack Vendor :STMicroelectronics LIBJPEG 8.0.0
2024-11-05 14:14:45,385 [INFO] ThirdParty:1030 - CMSIS Pack Vendor :STMicroelectronics X-CUBE-SMBUS 2.1.0
2024-11-05 14:14:45,385 [INFO] ThirdParty:1030 - CMSIS Pack Vendor :STMicroelectronics X-CUBE-WB05N 1.1.0
2024-11-05 14:14:45,385 [INFO] ThirdParty:1030 - CMSIS Pack Vendor :STMicroelectronics USB_DEVICE 3.0.0
2024-11-05 14:14:45,385 [INFO] ThirdParty:1030 - CMSIS Pack Vendor :STMicroelectronics X-CUBE-TCPP 4.1.0
2024-11-05 14:14:45,385 [INFO] ThirdParty:1030 - CMSIS Pack Vendor :STMicroelectronics X-CUBE-ISPU 2.1.0
2024-11-05 14:14:45,385 [INFO] ThirdParty:1030 - CMSIS Pack Vendor :STMicroelectronics X-CUBE-FREERTOS 1.2.0
2024-11-05 14:14:45,386 [INFO] ThirdParty:1030 - CMSIS Pack Vendor :STMicroelectronics X-CUBE-IPS 3.0.0
2024-11-05 14:14:45,386 [INFO] ThirdParty:1030 - CMSIS Pack Vendor :STMicroelectronics X-CUBE-AZRTOS-WB 2.0.0
2024-11-05 14:14:45,386 [INFO] ThirdParty:1030 - CMSIS Pack Vendor :STMicroelectronics X-CUBE-GNSS1 7.0.0
2024-11-05 14:14:45,386 [INFO] ThirdParty:1030 - CMSIS Pack Vendor :STMicroelectronics X-CUBE-AZRTOS-F7 1.1.0
2024-11-05 14:14:45,386 [INFO] ThirdParty:1030 - CMSIS Pack Vendor :STMicroelectronics X-CUBE-AZRTOS-L5 2.0.0
2024-11-05 14:14:45,386 [INFO] ThirdParty:1030 - CMSIS Pack Vendor :STMicroelectronics USB_DEVICE 2.0.0
2024-11-05 14:14:45,386 [INFO] ThirdParty:1030 - CMSIS Pack Vendor :STMicroelectronics X-CUBE-NFC6 3.1.0
2024-11-05 14:14:45,386 [INFO] ThirdParty:1030 - CMSIS Pack Vendor :STMicroelectronics FP-SNS-STBOX1 2.0.0
2024-11-05 14:14:45,386 [INFO] ThirdParty:1030 - CMSIS Pack Vendor :STMicroelectronics X-CUBE-MEMS1 11.0.0
2024-11-05 14:14:45,386 [INFO] ThirdParty:1030 - CMSIS Pack Vendor :STMicroelectronics FreeRTOS 0.0.1
2024-11-05 14:14:45,386 [INFO] ThirdParty:1030 - CMSIS Pack Vendor :STMicroelectronics X-CUBE-AZRTOS-G0 1.1.0
2024-11-05 14:14:45,386 [INFO] ThirdParty:1030 - CMSIS Pack Vendor :STMicroelectronics X-CUBE-SAFEA1 1.2.2
2024-11-05 14:14:45,386 [INFO] ThirdParty:1030 - CMSIS Pack Vendor :STMicroelectronics X-CUBE-NFC4 3.0.0
2024-11-05 14:14:45,386 [INFO] ThirdParty:1030 - CMSIS Pack Vendor :STMicroelectronics X-CUBE-DPower 1.2.0
2024-11-05 14:14:45,386 [INFO] ThirdParty:1030 - CMSIS Pack Vendor :STMicroelectronics X-CUBE-SUBG2 5.0.0
2024-11-05 14:14:45,386 [INFO] ThirdParty:1030 - CMSIS Pack Vendor :STMicroelectronics STM32_WPAN 1.0.0
2024-11-05 14:14:45,386 [INFO] ThirdParty:1030 - CMSIS Pack Vendor :EmbeddedOffice I-CUBE-FS-RTOS 1.0.1
2024-11-05 14:14:45,386 [INFO] ThirdParty:1030 - CMSIS Pack Vendor :STMicroelectronics lwIP 2.0.3
2024-11-05 14:14:45,386 [INFO] ThirdParty:1030 - CMSIS Pack Vendor :STMicroelectronics FP-SNS-FLIGHT1 5.0.2
2024-11-05 14:14:45,386 [INFO] ThirdParty:1030 - CMSIS Pack Vendor :Cesanta I-CUBE-Mongoose 7.13.0
2024-11-05 14:14:45,386 [INFO] ThirdParty:1030 - CMSIS Pack Vendor :STMicroelectronics USB_HOST 1.0.0
2024-11-05 14:14:45,386 [INFO] ThirdParty:1030 - CMSIS Pack Vendor :STMicroelectronics X-CUBE-AI 9.0.0
2024-11-05 14:14:45,386 [INFO] ThirdParty:1030 - CMSIS Pack Vendor :STMicroelectronics X-CUBE-AZRTOS-G4 2.0.0
2024-11-05 14:14:45,386 [INFO] ThirdParty:1030 - CMSIS Pack Vendor :STMicroelectronics PDM2PCM 3.1.0
2024-11-05 14:14:45,386 [INFO] ThirdParty:1030 - CMSIS Pack Vendor :STMicroelectronics PDM2PCM 3.3.0
2024-11-05 14:14:45,386 [INFO] ThirdParty:1030 - CMSIS Pack Vendor :STMicroelectronics X-CUBE-DISPLAY 3.0.0
2024-11-05 14:14:45,386 [INFO] ThirdParty:1030 - CMSIS Pack Vendor :RealThread X-CUBE-RT-Thread_Nano 4.1.1
2024-11-05 14:14:45,386 [INFO] ThirdParty:1030 - CMSIS Pack Vendor :STMicroelectronics X-CUBE-BLE1 7.0.0
2024-11-05 14:14:45,386 [INFO] ThirdParty:1030 - CMSIS Pack Vendor :STMicroelectronics FP-ATR-SIGFOX1 3.2.0
2024-11-05 14:14:45,386 [INFO] ThirdParty:1030 - CMSIS Pack Vendor :STMicroelectronics X-CUBE-NFC10 1.0.0
2024-11-05 14:14:45,386 [INFO] ThirdParty:1030 - CMSIS Pack Vendor :wolfSSL I-CUBE-wolfSSL 5.7.2
2024-11-05 14:14:45,386 [INFO] ThirdParty:1030 - CMSIS Pack Vendor :STMicroelectronics X-CUBE-EEPRMA1 5.1.0
2024-11-05 14:14:45,386 [INFO] ThirdParty:1030 - CMSIS Pack Vendor :STMicroelectronics HAL Drivers 0.0.0
2024-11-05 14:14:45,386 [INFO] ThirdParty:1030 - CMSIS Pack Vendor :STMicroelectronics MBEDTLS 2.16.2
2024-11-05 14:14:45,386 [INFO] ThirdParty:1030 - CMSIS Pack Vendor :STMicroelectronics X-CUBE-ALS 1.0.2
2024-11-05 14:14:45,386 [INFO] ThirdParty:1030 - CMSIS Pack Vendor :emotas I-CUBE-CANOPEN 1.3.0
2024-11-05 14:14:45,386 [INFO] ThirdParty:1030 - CMSIS Pack Vendor :STMicroelectronics X-CUBE-NFC7 1.0.1
2024-11-05 14:14:45,386 [INFO] ThirdParty:1030 - CMSIS Pack Vendor :STMicroelectronics MBEDTLS 2.14.1
2024-11-05 14:14:45,386 [INFO] ThirdParty:1030 - CMSIS Pack Vendor :ITTIA_DB I-CUBE-ITTIADB 8.9.0
2024-11-05 14:14:45,386 [INFO] ThirdParty:1030 - CMSIS Pack Vendor :STMicroelectronics X-CUBE-TOUCHGFX 4.24.1
2024-11-05 14:14:45,386 [INFO] ThirdParty:1030 - CMSIS Pack Vendor :wolfSSL I-CUBE-wolfTPM 3.4.0
2024-11-05 14:14:45,386 [INFO] ThirdParty:1030 - CMSIS Pack Vendor :portGmbH I-Cube-SoM-uGOAL 1.1.0
2024-11-05 14:14:45,386 [INFO] ThirdParty:1030 - CMSIS Pack Vendor :STMicroelectronics X-CUBE-BLEMGR 3.1.0
2024-11-05 14:14:45,386 [INFO] ThirdParty:1030 - CMSIS Pack Vendor :STMicroelectronics ThreadX 1.0.0
2024-11-05 14:14:45,386 [INFO] ThirdParty:1030 - CMSIS Pack Vendor :STMicroelectronics FP-SNS-SMARTAG2 1.2.0
2024-11-05 14:14:45,386 [INFO] ThirdParty:1030 - CMSIS Pack Vendor :STMicroelectronics X-CUBE-AZRTOS-WL 2.0.0
2024-11-05 14:14:45,386 [INFO] ThirdParty:1030 - CMSIS Pack Vendor :SEGGER I-CUBE-embOS 1.3.1
2024-11-05 14:14:45,386 [INFO] ThirdParty:1030 - CMSIS Pack Vendor :STMicroelectronics X-CUBE-ALGOBUILD 1.4.0
2024-11-05 14:14:45,386 [INFO] ThirdParty:1030 - CMSIS Pack Vendor :STMicroelectronics FP-SNS-MOTENV1 5.0.0
2024-11-05 14:14:45,386 [INFO] ThirdParty:1030 - CMSIS Pack Vendor :STMicroelectronics USB_DEVICE 1.0.0
2024-11-05 14:14:45,386 [INFO] ThirdParty:1030 - CMSIS Pack Vendor :STMicroelectronics X-CUBE-AZRTOS-H7RS 1.0.0
2024-11-05 14:14:45,386 [INFO] ThirdParty:1030 - CMSIS Pack Vendor :wolfSSL I-CUBE-wolfMQTT 1.19.0
2024-11-05 14:14:45,386 [INFO] ThirdParty:1030 - CMSIS Pack Vendor :STMicroelectronics X-CUBE-AZRTOS-L4 2.0.0
2024-11-05 14:14:45,387 [INFO] ThirdParty:1030 - CMSIS Pack Vendor :STMicroelectronics ThreadX 0.0.2
2024-11-05 14:14:45,387 [INFO] ThirdParty:1030 - CMSIS Pack Vendor :WES I-CUBE-Cesium 1.3.0
2024-11-05 14:14:45,387 [INFO] ThirdParty:1030 - CMSIS Pack Vendor :STMicroelectronics FP-ATR-ASTRA1 2.0.0
2024-11-05 14:14:45,387 [INFO] ThirdParty:1030 - CMSIS Pack Vendor :STMicroelectronics lwIP 2.1.2
2024-11-05 14:14:45,387 [INFO] ThirdParty:1030 - CMSIS Pack Vendor :STMicroelectronics X-CUBE-SFXS2LP1 4.0.0
2024-11-05 14:14:45,387 [INFO] ThirdParty:1030 - CMSIS Pack Vendor :STMicroelectronics X-CUBE-BLE2 3.3.0
2024-11-05 14:14:45,387 [INFO] ThirdParty:1030 - CMSIS Pack Vendor :STMicroelectronics X-CUBE-TOF1 3.4.2
2024-11-05 14:14:45,387 [INFO] ThirdParty:1030 - CMSIS Pack Vendor :STMicroelectronics X-CUBE-AI 9.1.0
2024-11-05 14:14:45,387 [INFO] ThirdParty:1030 - CMSIS Pack Vendor :Infineon AIROC-Wi-Fi-Bluetooth-STM32 1.6.1
2024-11-05 14:14:45,387 [INFO] ThirdParty:1030 - CMSIS Pack Vendor :STMicroelectronics PDM2PCM 3.2.0
2024-11-05 14:14:45,387 [INFO] ThirdParty:1030 - CMSIS Pack Vendor :wolfSSL I-CUBE-wolfSSH 1.4.17
2024-11-05 14:14:45,387 [INFO] ThirdParty:841 - exiting critical section [change project]
2024-11-05 14:14:45,466 [INFO] PinOutPanel:1561 - setPackage(No Configuration,No Configuration)
2024-11-05 14:14:45,467 [INFO] PinOutPanel:1561 - setPackage(STM32WL55JCIx,UFBGA73)
2024-11-05 14:14:45,635 [INFO] UtilMem:75 - Before build in PCC Used Memory: 343072480 Bytes (898629632)
2024-11-05 14:14:45,876 [INFO] UtilMem:75 - After build in PCC Used Memory: 421715680 Bytes (898629632)
2024-11-05 14:14:45,890 [INFO] ApiDbMcu:508 - Load IP Config File for LoRaWAN
2024-11-05 14:14:45,890 [INFO] Middleware:612 - instanceName : LORAWAN bspName : USART check condition failed for : SEM_LORA_AT_SLAVE
2024-11-05 14:14:45,890 [INFO] Middleware:617 - instanceName : LORAWAN bspName : USART check condition success for : SEM_LORA_END_NODE  | SEM_LORA_USE_UART
2024-11-05 14:14:45,890 [INFO] Middleware:617 - instanceName : LORAWAN bspName : ADC check condition success for : !SEM_LORA_USER_APPLICATION | SEM_LORA_USE_ADC
2024-11-05 14:14:45,890 [INFO] Middleware:617 - instanceName : LORAWAN bspName : RTC check condition success for : !SEM_LORA_USER_APPLICATION | SEM_LORA_USE_RTC
2024-11-05 14:14:45,890 [INFO] Middleware:617 - instanceName : LORAWAN bspName : Debug Line 1 check condition success for : SEM_PROBE_LINE_FOR_LORA
2024-11-05 14:14:45,890 [INFO] Middleware:617 - instanceName : LORAWAN bspName : Debug Line 2 check condition success for : SEM_PROBE_LINE_FOR_LORA
2024-11-05 14:14:45,890 [INFO] Middleware:617 - instanceName : LORAWAN bspName : Debug Line 3 check condition success for : SEM_PROBE_LINE_FOR_LORA
2024-11-05 14:14:45,890 [INFO] Middleware:617 - instanceName : LORAWAN bspName : Debug Line 4 check condition success for : SEM_PROBE_LINE_FOR_LORA
2024-11-05 14:14:45,905 [INFO] IPUIPlugin:80 - create IPUIPlugin
2024-11-05 14:14:45,906 [INFO] IPUIPlugin:80 - create IPUIPlugin
2024-11-05 14:14:45,906 [INFO] IPUIPlugin:80 - create IPUIPlugin
2024-11-05 14:14:45,906 [INFO] IPUIPlugin:80 - create IPUIPlugin
2024-11-05 14:14:45,906 [INFO] IPUIPlugin:80 - create IPUIPlugin
2024-11-05 14:14:45,906 [INFO] IPUIPlugin:80 - create IPUIPlugin
2024-11-05 14:14:45,906 [INFO] IPUIPlugin:80 - create IPUIPlugin
2024-11-05 14:14:45,906 [INFO] IPUIPlugin:80 - create IPUIPlugin
2024-11-05 14:14:45,906 [INFO] IPUIPlugin:80 - create IPUIPlugin
2024-11-05 14:14:45,906 [INFO] IPUIPlugin:80 - create IPUIPlugin
2024-11-05 14:14:45,906 [INFO] IPUIPlugin:80 - create IPUIPlugin
2024-11-05 14:14:45,906 [INFO] IPUIPlugin:80 - create IPUIPlugin
2024-11-05 14:14:45,906 [INFO] IPUIPlugin:80 - create IPUIPlugin
2024-11-05 14:14:45,906 [INFO] IPUIPlugin:80 - create IPUIPlugin
2024-11-05 14:14:45,906 [INFO] IPUIPlugin:80 - create IPUIPlugin
2024-11-05 14:14:45,906 [INFO] IPUIPlugin:80 - create IPUIPlugin
2024-11-05 14:14:45,906 [INFO] IPUIPlugin:80 - create IPUIPlugin
2024-11-05 14:14:45,907 [INFO] IPUIPlugin:80 - create IPUIPlugin
2024-11-05 14:14:45,907 [INFO] IPUIPlugin:80 - create IPUIPlugin
2024-11-05 14:14:45,907 [INFO] IPUIPlugin:80 - create IPUIPlugin
2024-11-05 14:14:45,907 [INFO] IPUIPlugin:80 - create IPUIPlugin
2024-11-05 14:14:45,907 [INFO] IPUIPlugin:80 - create IPUIPlugin
2024-11-05 14:14:45,907 [INFO] IPUIPlugin:80 - create IPUIPlugin
2024-11-05 14:14:45,907 [INFO] IPUIPlugin:80 - create IPUIPlugin
2024-11-05 14:14:45,908 [INFO] IPUIPlugin:80 - create IPUIPlugin
2024-11-05 14:14:45,908 [INFO] IPUIPlugin:80 - create IPUIPlugin
2024-11-05 14:14:45,908 [INFO] IPUIPlugin:80 - create IPUIPlugin
2024-11-05 14:14:45,908 [INFO] IPUIPlugin:80 - create IPUIPlugin
2024-11-05 14:14:45,908 [INFO] IPUIPlugin:80 - create IPUIPlugin
2024-11-05 14:14:45,908 [INFO] IPUIPlugin:80 - create IPUIPlugin
2024-11-05 14:14:45,908 [INFO] IPUIPlugin:80 - create IPUIPlugin
2024-11-05 14:14:45,909 [INFO] IPUIPlugin:80 - create IPUIPlugin
2024-11-05 14:14:45,909 [INFO] IPUIPlugin:80 - create IPUIPlugin
2024-11-05 14:14:45,909 [INFO] IPUIPlugin:80 - create IPUIPlugin
2024-11-05 14:14:45,909 [INFO] IPUIPlugin:80 - create IPUIPlugin
2024-11-05 14:14:45,910 [INFO] IPUIPlugin:80 - create IPUIPlugin
2024-11-05 14:14:45,910 [INFO] IPUIPlugin:80 - create IPUIPlugin
2024-11-05 14:14:45,910 [INFO] IPUIPlugin:80 - create IPUIPlugin
2024-11-05 14:14:45,910 [INFO] IPUIPlugin:80 - create IPUIPlugin
2024-11-05 14:14:45,910 [INFO] IPUIPlugin:80 - create IPUIPlugin
2024-11-05 14:14:45,910 [INFO] IPUIPlugin:80 - create IPUIPlugin
2024-11-05 14:14:45,911 [INFO] IPUIPlugin:80 - create IPUIPlugin
2024-11-05 14:14:45,911 [INFO] IPUIPlugin:80 - create IPUIPlugin
2024-11-05 14:14:45,911 [INFO] IPUIPlugin:80 - create IPUIPlugin
2024-11-05 14:14:45,911 [INFO] IPUIPlugin:80 - create IPUIPlugin
2024-11-05 14:14:45,911 [INFO] IPUIPlugin:80 - create IPUIPlugin
2024-11-05 14:14:45,912 [INFO] IPUIPlugin:80 - create IPUIPlugin
2024-11-05 14:14:45,912 [INFO] IPUIPlugin:80 - create IPUIPlugin
2024-11-05 14:14:45,912 [INFO] IPUIPlugin:80 - create IPUIPlugin
2024-11-05 14:14:45,912 [INFO] IPUIPlugin:80 - create IPUIPlugin
2024-11-05 14:14:45,913 [INFO] IPUIPlugin:80 - create IPUIPlugin
2024-11-05 14:14:45,926 [INFO] CADModel:165 - CPN selected for project levelSTM32WL55JCI6
2024-11-05 14:14:45,926 [INFO] CADModel:114 - Register for checkConnection events
2024-11-05 14:14:45,962 [INFO] OpenFileManager:363 - Restore cursor
2024-11-05 14:14:46,124 [WARN] IP:2191 - HourFormat not found: check if there is a RefParameter without a condition.
2024-11-05 14:14:46,124 [WARN] IP:2191 - SynchPrediv not found: check if there is a RefParameter without a condition.
2024-11-05 14:14:46,124 [WARN] IP:2191 - OutPut1 not found: check if there is a RefParameter without a condition.
2024-11-05 14:14:46,124 [WARN] IP:2191 - OutPut2 not found: check if there is a RefParameter without a condition.
2024-11-05 14:14:46,124 [WARN] IP:2191 - OutPut3 not found: check if there is a RefParameter without a condition.
2024-11-05 14:14:46,124 [WARN] IP:2191 - BinMixBcdU not found: check if there is a RefParameter without a condition.
2024-11-05 14:14:46,125 [WARN] IP:2191 - HourFormat not found: check if there is a RefParameter without a condition.
2024-11-05 14:14:46,125 [WARN] IP:2191 - SynchPrediv not found: check if there is a RefParameter without a condition.
2024-11-05 14:14:46,125 [WARN] IP:2191 - BinMixBcdU not found: check if there is a RefParameter without a condition.
2024-11-05 14:14:46,125 [WARN] IP:2191 - Hours not found: check if there is a RefParameter without a condition.
2024-11-05 14:14:46,125 [WARN] IP:2191 - Minutes not found: check if there is a RefParameter without a condition.
2024-11-05 14:14:46,125 [WARN] IP:2191 - Seconds not found: check if there is a RefParameter without a condition.
2024-11-05 14:14:46,125 [WARN] IP:2191 - TimeFormat not found: check if there is a RefParameter without a condition.
2024-11-05 14:14:46,125 [WARN] IP:2191 - DayLightSaving not found: check if there is a RefParameter without a condition.
2024-11-05 14:14:46,125 [WARN] IP:2191 - StoreOperation not found: check if there is a RefParameter without a condition.
2024-11-05 14:14:46,125 [WARN] IP:2191 - WeekDay not found: check if there is a RefParameter without a condition.
2024-11-05 14:14:46,125 [WARN] IP:2191 - Month not found: check if there is a RefParameter without a condition.
2024-11-05 14:14:46,125 [WARN] IP:2191 - Date not found: check if there is a RefParameter without a condition.
2024-11-05 14:14:46,125 [WARN] IP:2191 - Year not found: check if there is a RefParameter without a condition.
2024-11-05 14:14:46,125 [WARN] IP:2191 - HourFormat not found: check if there is a RefParameter without a condition.
2024-11-05 14:14:46,125 [WARN] IP:2191 - SynchPrediv not found: check if there is a RefParameter without a condition.
2024-11-05 14:14:46,125 [WARN] IP:2191 - OutPut1 not found: check if there is a RefParameter without a condition.
2024-11-05 14:14:46,125 [WARN] IP:2191 - OutPut2 not found: check if there is a RefParameter without a condition.
2024-11-05 14:14:46,125 [WARN] IP:2191 - OutPut3 not found: check if there is a RefParameter without a condition.
2024-11-05 14:14:46,125 [WARN] IP:2191 - BinMixBcdU not found: check if there is a RefParameter without a condition.
2024-11-05 14:14:46,125 [WARN] IP:2191 - Hours_A not found: check if there is a RefParameter without a condition.
2024-11-05 14:14:46,125 [WARN] IP:2191 - Minutes_A not found: check if there is a RefParameter without a condition.
2024-11-05 14:14:46,125 [WARN] IP:2191 - Seconds_A not found: check if there is a RefParameter without a condition.
2024-11-05 14:14:46,126 [WARN] IP:2191 - AlarmMaskDateWeekDay not found: check if there is a RefParameter without a condition.
2024-11-05 14:14:46,126 [WARN] IP:2191 - AlarmMaskHours not found: check if there is a RefParameter without a condition.
2024-11-05 14:14:46,126 [WARN] IP:2191 - AlarmMaskMinutes not found: check if there is a RefParameter without a condition.
2024-11-05 14:14:46,126 [WARN] IP:2191 - AlarmMaskSeconds not found: check if there is a RefParameter without a condition.
2024-11-05 14:14:46,126 [WARN] IP:2191 - AlarmDateWeekDaySel not found: check if there is a RefParameter without a condition.
2024-11-05 14:14:46,126 [WARN] IP:2191 - AlarmDateWeekDay not found: check if there is a RefParameter without a condition.
2024-11-05 14:14:46,126 [WARN] IP:2191 - AlarmDateWeekDayARG not found: check if there is a RefParameter without a condition.
2024-11-05 14:14:46,126 [WARN] IP:2191 - HourFormat not found: check if there is a RefParameter without a condition.
2024-11-05 14:14:46,126 [WARN] IP:2191 - SynchPrediv not found: check if there is a RefParameter without a condition.
2024-11-05 14:14:46,126 [WARN] IP:2191 - OutPut1 not found: check if there is a RefParameter without a condition.
2024-11-05 14:14:46,126 [WARN] IP:2191 - OutPut2 not found: check if there is a RefParameter without a condition.
2024-11-05 14:14:46,126 [WARN] IP:2191 - OutPut3 not found: check if there is a RefParameter without a condition.
2024-11-05 14:14:46,126 [WARN] IP:2191 - BinMixBcdU not found: check if there is a RefParameter without a condition.
2024-11-05 14:14:46,126 [WARN] IP:2191 - HourFormat not found: check if there is a RefParameter without a condition.
2024-11-05 14:14:46,126 [WARN] IP:2191 - SynchPrediv not found: check if there is a RefParameter without a condition.
2024-11-05 14:14:46,126 [WARN] IP:2191 - BinMixBcdU not found: check if there is a RefParameter without a condition.
2024-11-05 14:14:46,126 [WARN] IP:2191 - Hours not found: check if there is a RefParameter without a condition.
2024-11-05 14:14:46,126 [WARN] IP:2191 - Minutes not found: check if there is a RefParameter without a condition.
2024-11-05 14:14:46,126 [WARN] IP:2191 - Seconds not found: check if there is a RefParameter without a condition.
2024-11-05 14:14:46,126 [WARN] IP:2191 - TimeFormat not found: check if there is a RefParameter without a condition.
2024-11-05 14:14:46,126 [WARN] IP:2191 - DayLightSaving not found: check if there is a RefParameter without a condition.
2024-11-05 14:14:46,126 [WARN] IP:2191 - StoreOperation not found: check if there is a RefParameter without a condition.
2024-11-05 14:14:46,127 [WARN] IP:2191 - WeekDay not found: check if there is a RefParameter without a condition.
2024-11-05 14:14:46,127 [WARN] IP:2191 - Month not found: check if there is a RefParameter without a condition.
2024-11-05 14:14:46,127 [WARN] IP:2191 - Date not found: check if there is a RefParameter without a condition.
2024-11-05 14:14:46,127 [WARN] IP:2191 - Year not found: check if there is a RefParameter without a condition.
2024-11-05 14:14:46,127 [WARN] IP:2191 - HourFormat not found: check if there is a RefParameter without a condition.
2024-11-05 14:14:46,127 [WARN] IP:2191 - SynchPrediv not found: check if there is a RefParameter without a condition.
2024-11-05 14:14:46,127 [WARN] IP:2191 - OutPut1 not found: check if there is a RefParameter without a condition.
2024-11-05 14:14:46,127 [WARN] IP:2191 - OutPut2 not found: check if there is a RefParameter without a condition.
2024-11-05 14:14:46,127 [WARN] IP:2191 - OutPut3 not found: check if there is a RefParameter without a condition.
2024-11-05 14:14:46,127 [WARN] IP:2191 - BinMixBcdU not found: check if there is a RefParameter without a condition.
2024-11-05 14:14:46,127 [WARN] IP:2191 - Hours_A not found: check if there is a RefParameter without a condition.
2024-11-05 14:14:46,127 [WARN] IP:2191 - Minutes_A not found: check if there is a RefParameter without a condition.
2024-11-05 14:14:46,127 [WARN] IP:2191 - Seconds_A not found: check if there is a RefParameter without a condition.
2024-11-05 14:14:46,127 [WARN] IP:2191 - AlarmMaskDateWeekDay not found: check if there is a RefParameter without a condition.
2024-11-05 14:14:46,127 [WARN] IP:2191 - AlarmMaskHours not found: check if there is a RefParameter without a condition.
2024-11-05 14:14:46,127 [WARN] IP:2191 - AlarmMaskMinutes not found: check if there is a RefParameter without a condition.
2024-11-05 14:14:46,127 [WARN] IP:2191 - AlarmMaskSeconds not found: check if there is a RefParameter without a condition.
2024-11-05 14:14:46,127 [WARN] IP:2191 - AlarmDateWeekDaySel not found: check if there is a RefParameter without a condition.
2024-11-05 14:14:46,127 [WARN] IP:2191 - AlarmDateWeekDay not found: check if there is a RefParameter without a condition.
2024-11-05 14:14:46,127 [WARN] IP:2191 - AlarmDateWeekDayARG not found: check if there is a RefParameter without a condition.
2024-11-05 14:14:46,147 [INFO] Middleware:612 - instanceName : LORAWAN bspName : USART check condition failed for : SEM_LORA_AT_SLAVE
2024-11-05 14:14:46,147 [INFO] Middleware:617 - instanceName : LORAWAN bspName : USART check condition success for : SEM_LORA_END_NODE  | SEM_LORA_USE_UART
2024-11-05 14:14:46,147 [INFO] Middleware:617 - instanceName : LORAWAN bspName : ADC check condition success for : !SEM_LORA_USER_APPLICATION | SEM_LORA_USE_ADC
2024-11-05 14:14:46,147 [INFO] Middleware:617 - instanceName : LORAWAN bspName : RTC check condition success for : !SEM_LORA_USER_APPLICATION | SEM_LORA_USE_RTC
2024-11-05 14:14:46,147 [INFO] Middleware:617 - instanceName : LORAWAN bspName : Debug Line 1 check condition success for : SEM_PROBE_LINE_FOR_LORA
2024-11-05 14:14:46,147 [INFO] Middleware:617 - instanceName : LORAWAN bspName : Debug Line 2 check condition success for : SEM_PROBE_LINE_FOR_LORA
2024-11-05 14:14:46,147 [INFO] Middleware:617 - instanceName : LORAWAN bspName : Debug Line 3 check condition success for : SEM_PROBE_LINE_FOR_LORA
2024-11-05 14:14:46,147 [INFO] Middleware:617 - instanceName : LORAWAN bspName : Debug Line 4 check condition success for : SEM_PROBE_LINE_FOR_LORA
2024-11-05 14:14:49,123 [INFO] I2cTimingTraitement:330 - 0x10805D88
2024-11-05 14:15:02,772 [INFO] I2cTimingTraitement:330 - 0x10805D88
2024-11-05 14:15:02,806 [INFO] Middleware:612 - instanceName : LORAWAN bspName : USART check condition failed for : SEM_LORA_AT_SLAVE
2024-11-05 14:15:02,806 [INFO] Middleware:617 - instanceName : LORAWAN bspName : USART check condition success for : SEM_LORA_END_NODE  | SEM_LORA_USE_UART
2024-11-05 14:15:02,806 [INFO] Middleware:617 - instanceName : LORAWAN bspName : ADC check condition success for : !SEM_LORA_USER_APPLICATION | SEM_LORA_USE_ADC
2024-11-05 14:15:02,806 [INFO] Middleware:617 - instanceName : LORAWAN bspName : RTC check condition success for : !SEM_LORA_USER_APPLICATION | SEM_LORA_USE_RTC
2024-11-05 14:15:02,806 [INFO] Middleware:617 - instanceName : LORAWAN bspName : Debug Line 1 check condition success for : SEM_PROBE_LINE_FOR_LORA
2024-11-05 14:15:02,806 [INFO] Middleware:617 - instanceName : LORAWAN bspName : Debug Line 2 check condition success for : SEM_PROBE_LINE_FOR_LORA
2024-11-05 14:15:02,806 [INFO] Middleware:617 - instanceName : LORAWAN bspName : Debug Line 3 check condition success for : SEM_PROBE_LINE_FOR_LORA
2024-11-05 14:15:02,806 [INFO] Middleware:617 - instanceName : LORAWAN bspName : Debug Line 4 check condition success for : SEM_PROBE_LINE_FOR_LORA
2024-11-05 14:15:02,830 [INFO] Middleware:612 - instanceName : LORAWAN bspName : USART check condition failed for : SEM_LORA_AT_SLAVE
2024-11-05 14:15:02,830 [INFO] Middleware:617 - instanceName : LORAWAN bspName : USART check condition success for : SEM_LORA_END_NODE  | SEM_LORA_USE_UART
2024-11-05 14:15:02,830 [INFO] Middleware:617 - instanceName : LORAWAN bspName : ADC check condition success for : !SEM_LORA_USER_APPLICATION | SEM_LORA_USE_ADC
2024-11-05 14:15:02,830 [INFO] Middleware:617 - instanceName : LORAWAN bspName : RTC check condition success for : !SEM_LORA_USER_APPLICATION | SEM_LORA_USE_RTC
2024-11-05 14:15:02,830 [INFO] Middleware:617 - instanceName : LORAWAN bspName : Debug Line 1 check condition success for : SEM_PROBE_LINE_FOR_LORA
2024-11-05 14:15:02,830 [INFO] Middleware:617 - instanceName : LORAWAN bspName : Debug Line 2 check condition success for : SEM_PROBE_LINE_FOR_LORA
2024-11-05 14:15:02,830 [INFO] Middleware:617 - instanceName : LORAWAN bspName : Debug Line 3 check condition success for : SEM_PROBE_LINE_FOR_LORA
2024-11-05 14:15:02,830 [INFO] Middleware:617 - instanceName : LORAWAN bspName : Debug Line 4 check condition success for : SEM_PROBE_LINE_FOR_LORA
2024-11-05 14:15:02,865 [WARN] IP:2191 - HourFormat not found: check if there is a RefParameter without a condition.
2024-11-05 14:15:02,865 [WARN] IP:2191 - SynchPrediv not found: check if there is a RefParameter without a condition.
2024-11-05 14:15:02,865 [WARN] IP:2191 - OutPut1 not found: check if there is a RefParameter without a condition.
2024-11-05 14:15:02,865 [WARN] IP:2191 - OutPut2 not found: check if there is a RefParameter without a condition.
2024-11-05 14:15:02,865 [WARN] IP:2191 - OutPut3 not found: check if there is a RefParameter without a condition.
2024-11-05 14:15:02,865 [WARN] IP:2191 - BinMixBcdU not found: check if there is a RefParameter without a condition.
2024-11-05 14:15:02,865 [WARN] IP:2191 - HourFormat not found: check if there is a RefParameter without a condition.
2024-11-05 14:15:02,865 [WARN] IP:2191 - SynchPrediv not found: check if there is a RefParameter without a condition.
2024-11-05 14:15:02,865 [WARN] IP:2191 - BinMixBcdU not found: check if there is a RefParameter without a condition.
2024-11-05 14:15:02,865 [WARN] IP:2191 - Hours not found: check if there is a RefParameter without a condition.
2024-11-05 14:15:02,865 [WARN] IP:2191 - Minutes not found: check if there is a RefParameter without a condition.
2024-11-05 14:15:02,865 [WARN] IP:2191 - Seconds not found: check if there is a RefParameter without a condition.
2024-11-05 14:15:02,865 [WARN] IP:2191 - TimeFormat not found: check if there is a RefParameter without a condition.
2024-11-05 14:15:02,865 [WARN] IP:2191 - DayLightSaving not found: check if there is a RefParameter without a condition.
2024-11-05 14:15:02,865 [WARN] IP:2191 - StoreOperation not found: check if there is a RefParameter without a condition.
2024-11-05 14:15:02,865 [WARN] IP:2191 - WeekDay not found: check if there is a RefParameter without a condition.
2024-11-05 14:15:02,865 [WARN] IP:2191 - Month not found: check if there is a RefParameter without a condition.
2024-11-05 14:15:02,865 [WARN] IP:2191 - Date not found: check if there is a RefParameter without a condition.
2024-11-05 14:15:02,865 [WARN] IP:2191 - Year not found: check if there is a RefParameter without a condition.
2024-11-05 14:15:02,866 [WARN] IP:2191 - HourFormat not found: check if there is a RefParameter without a condition.
2024-11-05 14:15:02,866 [WARN] IP:2191 - SynchPrediv not found: check if there is a RefParameter without a condition.
2024-11-05 14:15:02,866 [WARN] IP:2191 - OutPut1 not found: check if there is a RefParameter without a condition.
2024-11-05 14:15:02,866 [WARN] IP:2191 - OutPut2 not found: check if there is a RefParameter without a condition.
2024-11-05 14:15:02,866 [WARN] IP:2191 - OutPut3 not found: check if there is a RefParameter without a condition.
2024-11-05 14:15:02,866 [WARN] IP:2191 - BinMixBcdU not found: check if there is a RefParameter without a condition.
2024-11-05 14:15:02,866 [WARN] IP:2191 - Hours_A not found: check if there is a RefParameter without a condition.
2024-11-05 14:15:02,866 [WARN] IP:2191 - Minutes_A not found: check if there is a RefParameter without a condition.
2024-11-05 14:15:02,866 [WARN] IP:2191 - Seconds_A not found: check if there is a RefParameter without a condition.
2024-11-05 14:15:02,866 [WARN] IP:2191 - AlarmMaskDateWeekDay not found: check if there is a RefParameter without a condition.
2024-11-05 14:15:02,866 [WARN] IP:2191 - AlarmMaskHours not found: check if there is a RefParameter without a condition.
2024-11-05 14:15:02,866 [WARN] IP:2191 - AlarmMaskMinutes not found: check if there is a RefParameter without a condition.
2024-11-05 14:15:02,866 [WARN] IP:2191 - AlarmMaskSeconds not found: check if there is a RefParameter without a condition.
2024-11-05 14:15:02,866 [WARN] IP:2191 - AlarmDateWeekDaySel not found: check if there is a RefParameter without a condition.
2024-11-05 14:15:02,866 [WARN] IP:2191 - AlarmDateWeekDay not found: check if there is a RefParameter without a condition.
2024-11-05 14:15:02,866 [WARN] IP:2191 - AlarmDateWeekDayARG not found: check if there is a RefParameter without a condition.
2024-11-05 14:15:02,866 [WARN] IP:2191 - HourFormat not found: check if there is a RefParameter without a condition.
2024-11-05 14:15:02,866 [WARN] IP:2191 - SynchPrediv not found: check if there is a RefParameter without a condition.
2024-11-05 14:15:02,866 [WARN] IP:2191 - OutPut1 not found: check if there is a RefParameter without a condition.
2024-11-05 14:15:02,866 [WARN] IP:2191 - OutPut2 not found: check if there is a RefParameter without a condition.
2024-11-05 14:15:02,866 [WARN] IP:2191 - OutPut3 not found: check if there is a RefParameter without a condition.
2024-11-05 14:15:02,867 [WARN] IP:2191 - BinMixBcdU not found: check if there is a RefParameter without a condition.
2024-11-05 14:15:02,867 [WARN] IP:2191 - HourFormat not found: check if there is a RefParameter without a condition.
2024-11-05 14:15:02,867 [WARN] IP:2191 - SynchPrediv not found: check if there is a RefParameter without a condition.
2024-11-05 14:15:02,867 [WARN] IP:2191 - BinMixBcdU not found: check if there is a RefParameter without a condition.
2024-11-05 14:15:02,867 [WARN] IP:2191 - Hours not found: check if there is a RefParameter without a condition.
2024-11-05 14:15:02,867 [WARN] IP:2191 - Minutes not found: check if there is a RefParameter without a condition.
2024-11-05 14:15:02,867 [WARN] IP:2191 - Seconds not found: check if there is a RefParameter without a condition.
2024-11-05 14:15:02,867 [WARN] IP:2191 - TimeFormat not found: check if there is a RefParameter without a condition.
2024-11-05 14:15:02,867 [WARN] IP:2191 - DayLightSaving not found: check if there is a RefParameter without a condition.
2024-11-05 14:15:02,867 [WARN] IP:2191 - StoreOperation not found: check if there is a RefParameter without a condition.
2024-11-05 14:15:02,867 [WARN] IP:2191 - WeekDay not found: check if there is a RefParameter without a condition.
2024-11-05 14:15:02,867 [WARN] IP:2191 - Month not found: check if there is a RefParameter without a condition.
2024-11-05 14:15:02,867 [WARN] IP:2191 - Date not found: check if there is a RefParameter without a condition.
2024-11-05 14:15:02,867 [WARN] IP:2191 - Year not found: check if there is a RefParameter without a condition.
2024-11-05 14:15:02,867 [WARN] IP:2191 - HourFormat not found: check if there is a RefParameter without a condition.
2024-11-05 14:15:02,867 [WARN] IP:2191 - SynchPrediv not found: check if there is a RefParameter without a condition.
2024-11-05 14:15:02,867 [WARN] IP:2191 - OutPut1 not found: check if there is a RefParameter without a condition.
2024-11-05 14:15:02,867 [WARN] IP:2191 - OutPut2 not found: check if there is a RefParameter without a condition.
2024-11-05 14:15:02,867 [WARN] IP:2191 - OutPut3 not found: check if there is a RefParameter without a condition.
2024-11-05 14:15:02,867 [WARN] IP:2191 - BinMixBcdU not found: check if there is a RefParameter without a condition.
2024-11-05 14:15:02,867 [WARN] IP:2191 - Hours_A not found: check if there is a RefParameter without a condition.
2024-11-05 14:15:02,867 [WARN] IP:2191 - Minutes_A not found: check if there is a RefParameter without a condition.
2024-11-05 14:15:02,867 [WARN] IP:2191 - Seconds_A not found: check if there is a RefParameter without a condition.
2024-11-05 14:15:02,868 [WARN] IP:2191 - AlarmMaskDateWeekDay not found: check if there is a RefParameter without a condition.
2024-11-05 14:15:02,868 [WARN] IP:2191 - AlarmMaskHours not found: check if there is a RefParameter without a condition.
2024-11-05 14:15:02,868 [WARN] IP:2191 - AlarmMaskMinutes not found: check if there is a RefParameter without a condition.
2024-11-05 14:15:02,868 [WARN] IP:2191 - AlarmMaskSeconds not found: check if there is a RefParameter without a condition.
2024-11-05 14:15:02,868 [WARN] IP:2191 - AlarmDateWeekDaySel not found: check if there is a RefParameter without a condition.
2024-11-05 14:15:02,868 [WARN] IP:2191 - AlarmDateWeekDay not found: check if there is a RefParameter without a condition.
2024-11-05 14:15:02,868 [WARN] IP:2191 - AlarmDateWeekDayARG not found: check if there is a RefParameter without a condition.
2024-11-05 14:15:02,887 [INFO] Middleware:612 - instanceName : LORAWAN bspName : USART check condition failed for : SEM_LORA_AT_SLAVE
2024-11-05 14:15:02,887 [INFO] Middleware:617 - instanceName : LORAWAN bspName : USART check condition success for : SEM_LORA_END_NODE  | SEM_LORA_USE_UART
2024-11-05 14:15:02,887 [INFO] Middleware:617 - instanceName : LORAWAN bspName : ADC check condition success for : !SEM_LORA_USER_APPLICATION | SEM_LORA_USE_ADC
2024-11-05 14:15:02,887 [INFO] Middleware:617 - instanceName : LORAWAN bspName : RTC check condition success for : !SEM_LORA_USER_APPLICATION | SEM_LORA_USE_RTC
2024-11-05 14:15:02,887 [INFO] Middleware:617 - instanceName : LORAWAN bspName : Debug Line 1 check condition success for : SEM_PROBE_LINE_FOR_LORA
2024-11-05 14:15:02,887 [INFO] Middleware:617 - instanceName : LORAWAN bspName : Debug Line 2 check condition success for : SEM_PROBE_LINE_FOR_LORA
2024-11-05 14:15:02,887 [INFO] Middleware:617 - instanceName : LORAWAN bspName : Debug Line 3 check condition success for : SEM_PROBE_LINE_FOR_LORA
2024-11-05 14:15:02,887 [INFO] Middleware:617 - instanceName : LORAWAN bspName : Debug Line 4 check condition success for : SEM_PROBE_LINE_FOR_LORA
2024-11-05 14:15:02,929 [INFO] I2cTimingTraitement:330 - 0x10805D88
2024-11-05 14:15:02,980 [WARN] IpParametersView:151 - Warning: This peripheral hasn't parameters
2024-11-05 14:15:03,020 [WARN] IpParametersView:151 - Warning: This peripheral hasn't parameters
2024-11-05 14:15:03,028 [WARN] IpParametersView:151 - Warning: This peripheral hasn't parameters
2024-11-05 14:15:03,035 [INFO] Middleware:612 - instanceName : LORAWAN bspName : USART check condition failed for : SEM_LORA_AT_SLAVE
2024-11-05 14:15:03,035 [INFO] Middleware:617 - instanceName : LORAWAN bspName : USART check condition success for : SEM_LORA_END_NODE  | SEM_LORA_USE_UART
2024-11-05 14:15:03,035 [INFO] Middleware:617 - instanceName : LORAWAN bspName : ADC check condition success for : !SEM_LORA_USER_APPLICATION | SEM_LORA_USE_ADC
2024-11-05 14:15:03,035 [INFO] Middleware:617 - instanceName : LORAWAN bspName : RTC check condition success for : !SEM_LORA_USER_APPLICATION | SEM_LORA_USE_RTC
2024-11-05 14:15:03,035 [INFO] Middleware:617 - instanceName : LORAWAN bspName : Debug Line 1 check condition success for : SEM_PROBE_LINE_FOR_LORA
2024-11-05 14:15:03,035 [INFO] Middleware:617 - instanceName : LORAWAN bspName : Debug Line 2 check condition success for : SEM_PROBE_LINE_FOR_LORA
2024-11-05 14:15:03,035 [INFO] Middleware:617 - instanceName : LORAWAN bspName : Debug Line 3 check condition success for : SEM_PROBE_LINE_FOR_LORA
2024-11-05 14:15:03,035 [INFO] Middleware:617 - instanceName : LORAWAN bspName : Debug Line 4 check condition success for : SEM_PROBE_LINE_FOR_LORA
2024-11-05 14:27:19,056 [INFO] UtilMem:75 - End SaveConfig() Used Memory: 304841064 Bytes (898629632)
2024-11-05 14:27:20,426 [INFO] UtilMem:75 - End SaveConfig() Used Memory: 328431976 Bytes (898629632)
2024-11-05 14:27:22,310 [INFO] UtilMem:75 - End SaveConfig() Used Memory: 440629608 Bytes (898629632)
2024-11-05 14:27:22,460 [INFO] BlockDiagram:2766 - set Specific Code input for plugin: ADC
2024-11-05 14:27:22,460 [INFO] BlockDiagram:2766 - set Specific Code input for plugin: SEQUENCER
2024-11-05 14:27:22,460 [INFO] BlockDiagram:2766 - set Specific Code input for plugin: ADV_TRACE
2024-11-05 14:27:22,460 [INFO] BlockDiagram:2766 - set Specific Code input for plugin: SUBGHZ
2024-11-05 14:27:22,460 [INFO] BlockDiagram:2766 - set Specific Code input for plugin: SYS
2024-11-05 14:27:22,460 [INFO] BlockDiagram:2766 - set Specific Code input for plugin: RCC
2024-11-05 14:27:22,460 [INFO] BlockDiagram:2766 - set Specific Code input for plugin: I2C
2024-11-05 14:27:22,460 [INFO] BlockDiagram:2766 - set Specific Code input for plugin: TINY_LPM
2024-11-05 14:27:22,461 [INFO] BlockDiagram:2766 - set Specific Code input for plugin: RTC
2024-11-05 14:27:22,461 [INFO] BlockDiagram:2766 - set Specific Code input for plugin: NVIC
2024-11-05 14:27:22,461 [INFO] BlockDiagram:2766 - set Specific Code input for plugin: MISC
2024-11-05 14:27:22,461 [INFO] BlockDiagram:2766 - set Specific Code input for plugin: USART
2024-11-05 14:27:22,461 [INFO] BlockDiagram:2766 - set Specific Code input for plugin: LoRaWAN
2024-11-05 14:27:22,461 [INFO] BlockDiagram:2766 - set Specific Code input for plugin: DMA
2024-11-05 14:27:22,461 [INFO] BlockDiagram:2766 - set Specific Code input for plugin: TIMER
2024-11-05 14:27:22,461 [INFO] BlockDiagram:2766 - set Specific Code input for plugin: GPIO
2024-11-05 14:27:22,464 [INFO] CodeGenerator:807 - code generatio: config db path: /home/ante/st/stm32cubeide_1.16.1/plugins/com.st.stm32cube.common.mx_6.12.1.202409122256//db/
2024-11-05 14:27:22,498 [WARN] IP:2191 - HourFormat not found: check if there is a RefParameter without a condition.
2024-11-05 14:27:22,498 [WARN] IP:2191 - SynchPrediv not found: check if there is a RefParameter without a condition.
2024-11-05 14:27:22,498 [WARN] IP:2191 - OutPut1 not found: check if there is a RefParameter without a condition.
2024-11-05 14:27:22,498 [WARN] IP:2191 - OutPut2 not found: check if there is a RefParameter without a condition.
2024-11-05 14:27:22,498 [WARN] IP:2191 - OutPut3 not found: check if there is a RefParameter without a condition.
2024-11-05 14:27:22,498 [WARN] IP:2191 - BinMixBcdU not found: check if there is a RefParameter without a condition.
2024-11-05 14:27:22,498 [WARN] IP:2191 - HourFormat not found: check if there is a RefParameter without a condition.
2024-11-05 14:27:22,498 [WARN] IP:2191 - SynchPrediv not found: check if there is a RefParameter without a condition.
2024-11-05 14:27:22,498 [WARN] IP:2191 - BinMixBcdU not found: check if there is a RefParameter without a condition.
2024-11-05 14:27:22,499 [WARN] IP:2191 - Hours not found: check if there is a RefParameter without a condition.
2024-11-05 14:27:22,499 [WARN] IP:2191 - Minutes not found: check if there is a RefParameter without a condition.
2024-11-05 14:27:22,499 [WARN] IP:2191 - Seconds not found: check if there is a RefParameter without a condition.
2024-11-05 14:27:22,499 [WARN] IP:2191 - TimeFormat not found: check if there is a RefParameter without a condition.
2024-11-05 14:27:22,499 [WARN] IP:2191 - DayLightSaving not found: check if there is a RefParameter without a condition.
2024-11-05 14:27:22,499 [WARN] IP:2191 - StoreOperation not found: check if there is a RefParameter without a condition.
2024-11-05 14:27:22,499 [WARN] IP:2191 - WeekDay not found: check if there is a RefParameter without a condition.
2024-11-05 14:27:22,499 [WARN] IP:2191 - Month not found: check if there is a RefParameter without a condition.
2024-11-05 14:27:22,499 [WARN] IP:2191 - Date not found: check if there is a RefParameter without a condition.
2024-11-05 14:27:22,499 [WARN] IP:2191 - Year not found: check if there is a RefParameter without a condition.
2024-11-05 14:27:22,499 [WARN] IP:2191 - HourFormat not found: check if there is a RefParameter without a condition.
2024-11-05 14:27:22,499 [WARN] IP:2191 - SynchPrediv not found: check if there is a RefParameter without a condition.
2024-11-05 14:27:22,499 [WARN] IP:2191 - OutPut1 not found: check if there is a RefParameter without a condition.
2024-11-05 14:27:22,499 [WARN] IP:2191 - OutPut2 not found: check if there is a RefParameter without a condition.
2024-11-05 14:27:22,499 [WARN] IP:2191 - OutPut3 not found: check if there is a RefParameter without a condition.
2024-11-05 14:27:22,500 [WARN] IP:2191 - BinMixBcdU not found: check if there is a RefParameter without a condition.
2024-11-05 14:27:22,500 [WARN] IP:2191 - Hours_A not found: check if there is a RefParameter without a condition.
2024-11-05 14:27:22,500 [WARN] IP:2191 - Minutes_A not found: check if there is a RefParameter without a condition.
2024-11-05 14:27:22,500 [WARN] IP:2191 - Seconds_A not found: check if there is a RefParameter without a condition.
2024-11-05 14:27:22,500 [WARN] IP:2191 - AlarmMaskDateWeekDay not found: check if there is a RefParameter without a condition.
2024-11-05 14:27:22,500 [WARN] IP:2191 - AlarmMaskHours not found: check if there is a RefParameter without a condition.
2024-11-05 14:27:22,500 [WARN] IP:2191 - AlarmMaskMinutes not found: check if there is a RefParameter without a condition.
2024-11-05 14:27:22,500 [WARN] IP:2191 - AlarmMaskSeconds not found: check if there is a RefParameter without a condition.
2024-11-05 14:27:22,500 [WARN] IP:2191 - AlarmDateWeekDaySel not found: check if there is a RefParameter without a condition.
2024-11-05 14:27:22,500 [WARN] IP:2191 - AlarmDateWeekDay not found: check if there is a RefParameter without a condition.
2024-11-05 14:27:22,500 [WARN] IP:2191 - AlarmDateWeekDayARG not found: check if there is a RefParameter without a condition.
2024-11-05 14:27:22,670 [INFO] CodeEngine:255 - oldGeneratedFile, /home/ante/STM32CubeIDE/workspace_1.16.1/LoRaWAN_End_Node/MXTmpFiles/license.tmp_save
2024-11-05 14:27:22,856 [INFO] CodeEngine:279 - Generated code: /home/ante/STM32CubeIDE/workspace_1.16.1/LoRaWAN_End_Node/MXTmpFiles/license.tmp
2024-11-05 14:27:22,956 [INFO] CodeEngine:255 - oldGeneratedFile, /home/ante/STM32CubeIDE/workspace_1.16.1/LoRaWAN_End_Node/Core/Src/gpio.c_save
2024-11-05 14:27:23,036 [INFO] CodeEngine:279 - Generated code: /home/ante/STM32CubeIDE/workspace_1.16.1/LoRaWAN_End_Node/Core/Src/gpio.c
2024-11-05 14:27:23,038 [INFO] CodeEngine:255 - oldGeneratedFile, /home/ante/STM32CubeIDE/workspace_1.16.1/LoRaWAN_End_Node/Core/Inc/gpio.h_save
2024-11-05 14:27:23,103 [INFO] CodeEngine:279 - Generated code: /home/ante/STM32CubeIDE/workspace_1.16.1/LoRaWAN_End_Node/Core/Inc/gpio.h
2024-11-05 14:27:23,453 [WARN] IP:2191 - HourFormat not found: check if there is a RefParameter without a condition.
2024-11-05 14:27:23,453 [WARN] IP:2191 - SynchPrediv not found: check if there is a RefParameter without a condition.
2024-11-05 14:27:23,453 [WARN] IP:2191 - OutPut1 not found: check if there is a RefParameter without a condition.
2024-11-05 14:27:23,453 [WARN] IP:2191 - OutPut2 not found: check if there is a RefParameter without a condition.
2024-11-05 14:27:23,453 [WARN] IP:2191 - OutPut3 not found: check if there is a RefParameter without a condition.
2024-11-05 14:27:23,454 [WARN] IP:2191 - BinMixBcdU not found: check if there is a RefParameter without a condition.
2024-11-05 14:27:23,454 [WARN] IP:2191 - HourFormat not found: check if there is a RefParameter without a condition.
2024-11-05 14:27:23,454 [WARN] IP:2191 - SynchPrediv not found: check if there is a RefParameter without a condition.
2024-11-05 14:27:23,454 [WARN] IP:2191 - BinMixBcdU not found: check if there is a RefParameter without a condition.
2024-11-05 14:27:23,454 [WARN] IP:2191 - Hours not found: check if there is a RefParameter without a condition.
2024-11-05 14:27:23,454 [WARN] IP:2191 - Minutes not found: check if there is a RefParameter without a condition.
2024-11-05 14:27:23,454 [WARN] IP:2191 - Seconds not found: check if there is a RefParameter without a condition.
2024-11-05 14:27:23,454 [WARN] IP:2191 - TimeFormat not found: check if there is a RefParameter without a condition.
2024-11-05 14:27:23,454 [WARN] IP:2191 - DayLightSaving not found: check if there is a RefParameter without a condition.
2024-11-05 14:27:23,454 [WARN] IP:2191 - StoreOperation not found: check if there is a RefParameter without a condition.
2024-11-05 14:27:23,454 [WARN] IP:2191 - WeekDay not found: check if there is a RefParameter without a condition.
2024-11-05 14:27:23,454 [WARN] IP:2191 - Month not found: check if there is a RefParameter without a condition.
2024-11-05 14:27:23,454 [WARN] IP:2191 - Date not found: check if there is a RefParameter without a condition.
2024-11-05 14:27:23,454 [WARN] IP:2191 - Year not found: check if there is a RefParameter without a condition.
2024-11-05 14:27:23,964 [INFO] CodeEngine:255 - oldGeneratedFile, /home/ante/STM32CubeIDE/workspace_1.16.1/LoRaWAN_End_Node/Core/Src/adc.c_save
2024-11-05 14:27:24,126 [INFO] CodeEngine:279 - Generated code: /home/ante/STM32CubeIDE/workspace_1.16.1/LoRaWAN_End_Node/Core/Src/adc.c
2024-11-05 14:27:24,128 [INFO] CodeEngine:255 - oldGeneratedFile, /home/ante/STM32CubeIDE/workspace_1.16.1/LoRaWAN_End_Node/Core/Inc/adc.h_save
2024-11-05 14:27:24,192 [INFO] CodeEngine:279 - Generated code: /home/ante/STM32CubeIDE/workspace_1.16.1/LoRaWAN_End_Node/Core/Inc/adc.h
2024-11-05 14:27:24,209 [INFO] CodeEngine:255 - oldGeneratedFile, /home/ante/STM32CubeIDE/workspace_1.16.1/LoRaWAN_End_Node/Core/Src/dma.c_save
2024-11-05 14:27:24,262 [INFO] CodeEngine:279 - Generated code: /home/ante/STM32CubeIDE/workspace_1.16.1/LoRaWAN_End_Node/Core/Src/dma.c
2024-11-05 14:27:24,263 [INFO] CodeEngine:255 - oldGeneratedFile, /home/ante/STM32CubeIDE/workspace_1.16.1/LoRaWAN_End_Node/Core/Inc/dma.h_save
2024-11-05 14:27:24,319 [INFO] CodeEngine:279 - Generated code: /home/ante/STM32CubeIDE/workspace_1.16.1/LoRaWAN_End_Node/Core/Inc/dma.h
2024-11-05 14:27:24,322 [INFO] CodeEngine:255 - oldGeneratedFile, /home/ante/STM32CubeIDE/workspace_1.16.1/LoRaWAN_End_Node/Core/Src/i2c.c_save
2024-11-05 14:27:24,399 [INFO] CodeEngine:279 - Generated code: /home/ante/STM32CubeIDE/workspace_1.16.1/LoRaWAN_End_Node/Core/Src/i2c.c
2024-11-05 14:27:24,400 [INFO] CodeEngine:255 - oldGeneratedFile, /home/ante/STM32CubeIDE/workspace_1.16.1/LoRaWAN_End_Node/Core/Inc/i2c.h_save
2024-11-05 14:27:24,461 [INFO] CodeEngine:279 - Generated code: /home/ante/STM32CubeIDE/workspace_1.16.1/LoRaWAN_End_Node/Core/Inc/i2c.h
2024-11-05 14:27:24,482 [INFO] CodeEngine:255 - oldGeneratedFile, /home/ante/STM32CubeIDE/workspace_1.16.1/LoRaWAN_End_Node/Core/Inc/platform.h_save
2024-11-05 14:27:24,537 [INFO] CodeEngine:279 - Generated code: /home/ante/STM32CubeIDE/workspace_1.16.1/LoRaWAN_End_Node/Core/Inc/platform.h
2024-11-05 14:27:24,539 [INFO] CodeEngine:255 - oldGeneratedFile, /home/ante/STM32CubeIDE/workspace_1.16.1/LoRaWAN_End_Node/Core/Inc/flash_if.h_save
2024-11-05 14:27:24,592 [INFO] CodeEngine:279 - Generated code: /home/ante/STM32CubeIDE/workspace_1.16.1/LoRaWAN_End_Node/Core/Inc/flash_if.h
2024-11-05 14:27:24,594 [INFO] CodeEngine:255 - oldGeneratedFile, /home/ante/STM32CubeIDE/workspace_1.16.1/LoRaWAN_End_Node/Core/Inc/stm32_lpm_if.h_save
2024-11-05 14:27:24,644 [INFO] CodeEngine:279 - Generated code: /home/ante/STM32CubeIDE/workspace_1.16.1/LoRaWAN_End_Node/Core/Inc/stm32_lpm_if.h
2024-11-05 14:27:24,645 [INFO] CodeEngine:255 - oldGeneratedFile, /home/ante/STM32CubeIDE/workspace_1.16.1/LoRaWAN_End_Node/Core/Inc/sys_app.h_save
2024-11-05 14:27:24,696 [INFO] CodeEngine:279 - Generated code: /home/ante/STM32CubeIDE/workspace_1.16.1/LoRaWAN_End_Node/Core/Inc/sys_app.h
2024-11-05 14:27:24,698 [INFO] CodeEngine:255 - oldGeneratedFile, /home/ante/STM32CubeIDE/workspace_1.16.1/LoRaWAN_End_Node/Core/Inc/sys_conf.h_save
2024-11-05 14:27:24,750 [INFO] CodeEngine:279 - Generated code: /home/ante/STM32CubeIDE/workspace_1.16.1/LoRaWAN_End_Node/Core/Inc/sys_conf.h
2024-11-05 14:27:24,751 [INFO] CodeEngine:255 - oldGeneratedFile, /home/ante/STM32CubeIDE/workspace_1.16.1/LoRaWAN_End_Node/Core/Inc/sys_sensors.h_save
2024-11-05 14:27:24,799 [INFO] CodeEngine:279 - Generated code: /home/ante/STM32CubeIDE/workspace_1.16.1/LoRaWAN_End_Node/Core/Inc/sys_sensors.h
2024-11-05 14:27:24,801 [INFO] CodeEngine:255 - oldGeneratedFile, /home/ante/STM32CubeIDE/workspace_1.16.1/LoRaWAN_End_Node/Core/Inc/sys_debug.h_save
2024-11-05 14:27:24,853 [INFO] CodeEngine:279 - Generated code: /home/ante/STM32CubeIDE/workspace_1.16.1/LoRaWAN_End_Node/Core/Inc/sys_debug.h
2024-11-05 14:27:24,854 [INFO] CodeEngine:255 - oldGeneratedFile, /home/ante/STM32CubeIDE/workspace_1.16.1/LoRaWAN_End_Node/Core/Inc/utilities_conf.h_save
2024-11-05 14:27:24,906 [INFO] CodeEngine:279 - Generated code: /home/ante/STM32CubeIDE/workspace_1.16.1/LoRaWAN_End_Node/Core/Inc/utilities_conf.h
2024-11-05 14:27:24,908 [INFO] CodeEngine:255 - oldGeneratedFile, /home/ante/STM32CubeIDE/workspace_1.16.1/LoRaWAN_End_Node/Core/Inc/utilities_def.h_save
2024-11-05 14:27:24,959 [INFO] CodeEngine:279 - Generated code: /home/ante/STM32CubeIDE/workspace_1.16.1/LoRaWAN_End_Node/Core/Inc/utilities_def.h
2024-11-05 14:27:24,960 [INFO] CodeEngine:255 - oldGeneratedFile, /home/ante/STM32CubeIDE/workspace_1.16.1/LoRaWAN_End_Node/Core/Inc/stm32wlxx_nucleo_conf.h_save
2024-11-05 14:27:25,009 [INFO] CodeEngine:279 - Generated code: /home/ante/STM32CubeIDE/workspace_1.16.1/LoRaWAN_End_Node/Core/Inc/stm32wlxx_nucleo_conf.h
2024-11-05 14:27:25,011 [INFO] CodeEngine:255 - oldGeneratedFile, /home/ante/STM32CubeIDE/workspace_1.16.1/LoRaWAN_End_Node/Core/Inc/timer_if.h_save
2024-11-05 14:27:25,066 [INFO] CodeEngine:279 - Generated code: /home/ante/STM32CubeIDE/workspace_1.16.1/LoRaWAN_End_Node/Core/Inc/timer_if.h
2024-11-05 14:27:25,067 [INFO] CodeEngine:255 - oldGeneratedFile, /home/ante/STM32CubeIDE/workspace_1.16.1/LoRaWAN_End_Node/Core/Src/flash_if.c_save
2024-11-05 14:27:25,136 [INFO] CodeEngine:279 - Generated code: /home/ante/STM32CubeIDE/workspace_1.16.1/LoRaWAN_End_Node/Core/Src/flash_if.c
2024-11-05 14:27:25,138 [INFO] CodeEngine:255 - oldGeneratedFile, /home/ante/STM32CubeIDE/workspace_1.16.1/LoRaWAN_End_Node/Core/Src/stm32_lpm_if.c_save
2024-11-05 14:27:25,192 [INFO] CodeEngine:279 - Generated code: /home/ante/STM32CubeIDE/workspace_1.16.1/LoRaWAN_End_Node/Core/Src/stm32_lpm_if.c
2024-11-05 14:27:25,194 [INFO] CodeEngine:255 - oldGeneratedFile, /home/ante/STM32CubeIDE/workspace_1.16.1/LoRaWAN_End_Node/Core/Src/sys_app.c_save
2024-11-05 14:27:25,271 [INFO] CodeEngine:279 - Generated code: /home/ante/STM32CubeIDE/workspace_1.16.1/LoRaWAN_End_Node/Core/Src/sys_app.c
2024-11-05 14:27:25,273 [INFO] CodeEngine:255 - oldGeneratedFile, /home/ante/STM32CubeIDE/workspace_1.16.1/LoRaWAN_End_Node/Core/Src/sys_debug.c_save
2024-11-05 14:27:25,334 [INFO] CodeEngine:279 - Generated code: /home/ante/STM32CubeIDE/workspace_1.16.1/LoRaWAN_End_Node/Core/Src/sys_debug.c
2024-11-05 14:27:25,336 [INFO] CodeEngine:255 - oldGeneratedFile, /home/ante/STM32CubeIDE/workspace_1.16.1/LoRaWAN_End_Node/Core/Src/sys_sensors.c_save
2024-11-05 14:27:25,408 [INFO] CodeEngine:279 - Generated code: /home/ante/STM32CubeIDE/workspace_1.16.1/LoRaWAN_End_Node/Core/Src/sys_sensors.c
2024-11-05 14:27:25,410 [INFO] CodeEngine:255 - oldGeneratedFile, /home/ante/STM32CubeIDE/workspace_1.16.1/LoRaWAN_End_Node/Core/Src/timer_if.c_save
2024-11-05 14:27:25,502 [INFO] CodeEngine:279 - Generated code: /home/ante/STM32CubeIDE/workspace_1.16.1/LoRaWAN_End_Node/Core/Src/timer_if.c
2024-11-05 14:27:25,504 [INFO] CodeEngine:255 - oldGeneratedFile, /home/ante/STM32CubeIDE/workspace_1.16.1/LoRaWAN_End_Node/LoRaWAN/App/app_lorawan.c_save
2024-11-05 14:27:25,565 [INFO] CodeEngine:279 - Generated code: /home/ante/STM32CubeIDE/workspace_1.16.1/LoRaWAN_End_Node/LoRaWAN/App/app_lorawan.c
2024-11-05 14:27:25,566 [INFO] CodeEngine:255 - oldGeneratedFile, /home/ante/STM32CubeIDE/workspace_1.16.1/LoRaWAN_End_Node/LoRaWAN/App/app_lorawan.h_save
2024-11-05 14:27:25,624 [INFO] CodeEngine:279 - Generated code: /home/ante/STM32CubeIDE/workspace_1.16.1/LoRaWAN_End_Node/LoRaWAN/App/app_lorawan.h
2024-11-05 14:27:25,626 [INFO] CodeEngine:255 - oldGeneratedFile, /home/ante/STM32CubeIDE/workspace_1.16.1/LoRaWAN_End_Node/LoRaWAN/App/CayenneLpp.c_save
2024-11-05 14:27:25,685 [INFO] CodeEngine:279 - Generated code: /home/ante/STM32CubeIDE/workspace_1.16.1/LoRaWAN_End_Node/LoRaWAN/App/CayenneLpp.c
2024-11-05 14:27:25,687 [INFO] CodeEngine:255 - oldGeneratedFile, /home/ante/STM32CubeIDE/workspace_1.16.1/LoRaWAN_End_Node/LoRaWAN/App/CayenneLpp.h_save
2024-11-05 14:27:25,744 [INFO] CodeEngine:279 - Generated code: /home/ante/STM32CubeIDE/workspace_1.16.1/LoRaWAN_End_Node/LoRaWAN/App/CayenneLpp.h
2024-11-05 14:27:25,745 [INFO] CodeEngine:255 - oldGeneratedFile, /home/ante/STM32CubeIDE/workspace_1.16.1/LoRaWAN_End_Node/LoRaWAN/App/Commissioning.h_save
2024-11-05 14:27:25,800 [INFO] CodeEngine:279 - Generated code: /home/ante/STM32CubeIDE/workspace_1.16.1/LoRaWAN_End_Node/LoRaWAN/App/Commissioning.h
2024-11-05 14:27:25,801 [INFO] CodeEngine:255 - oldGeneratedFile, /home/ante/STM32CubeIDE/workspace_1.16.1/LoRaWAN_End_Node/LoRaWAN/App/se-identity.h_save
2024-11-05 14:27:25,869 [INFO] CodeEngine:279 - Generated code: /home/ante/STM32CubeIDE/workspace_1.16.1/LoRaWAN_End_Node/LoRaWAN/App/se-identity.h
2024-11-05 14:27:25,872 [INFO] CodeEngine:255 - oldGeneratedFile, /home/ante/STM32CubeIDE/workspace_1.16.1/LoRaWAN_End_Node/LoRaWAN/App/lora_app.c_save
2024-11-05 14:27:26,014 [INFO] CodeEngine:279 - Generated code: /home/ante/STM32CubeIDE/workspace_1.16.1/LoRaWAN_End_Node/LoRaWAN/App/lora_app.c
2024-11-05 14:27:26,017 [INFO] CodeEngine:255 - oldGeneratedFile, /home/ante/STM32CubeIDE/workspace_1.16.1/LoRaWAN_End_Node/LoRaWAN/App/lora_app.h_save
2024-11-05 14:27:26,086 [INFO] CodeEngine:279 - Generated code: /home/ante/STM32CubeIDE/workspace_1.16.1/LoRaWAN_End_Node/LoRaWAN/App/lora_app.h
2024-11-05 14:27:26,088 [INFO] CodeEngine:255 - oldGeneratedFile, /home/ante/STM32CubeIDE/workspace_1.16.1/LoRaWAN_End_Node/LoRaWAN/App/app_version.h_save
2024-11-05 14:27:26,176 [INFO] CodeEngine:279 - Generated code: /home/ante/STM32CubeIDE/workspace_1.16.1/LoRaWAN_End_Node/LoRaWAN/App/app_version.h
2024-11-05 14:27:26,178 [INFO] CodeEngine:255 - oldGeneratedFile, /home/ante/STM32CubeIDE/workspace_1.16.1/LoRaWAN_End_Node/LoRaWAN/App/lora_info.c_save
2024-11-05 14:27:26,244 [INFO] CodeEngine:279 - Generated code: /home/ante/STM32CubeIDE/workspace_1.16.1/LoRaWAN_End_Node/LoRaWAN/App/lora_info.c
2024-11-05 14:27:26,246 [INFO] CodeEngine:255 - oldGeneratedFile, /home/ante/STM32CubeIDE/workspace_1.16.1/LoRaWAN_End_Node/LoRaWAN/App/lora_info.h_save
2024-11-05 14:27:26,301 [INFO] CodeEngine:279 - Generated code: /home/ante/STM32CubeIDE/workspace_1.16.1/LoRaWAN_End_Node/LoRaWAN/App/lora_info.h
2024-11-05 14:27:26,303 [INFO] CodeEngine:255 - oldGeneratedFile, /home/ante/STM32CubeIDE/workspace_1.16.1/LoRaWAN_End_Node/LoRaWAN/Target/lorawan_conf.h_save
2024-11-05 14:27:26,372 [INFO] CodeEngine:279 - Generated code: /home/ante/STM32CubeIDE/workspace_1.16.1/LoRaWAN_End_Node/LoRaWAN/Target/lorawan_conf.h
2024-11-05 14:27:26,373 [INFO] CodeEngine:255 - oldGeneratedFile, /home/ante/STM32CubeIDE/workspace_1.16.1/LoRaWAN_End_Node/LoRaWAN/Target/mw_log_conf.h_save
2024-11-05 14:27:26,429 [INFO] CodeEngine:279 - Generated code: /home/ante/STM32CubeIDE/workspace_1.16.1/LoRaWAN_End_Node/LoRaWAN/Target/mw_log_conf.h
2024-11-05 14:27:26,431 [INFO] CodeEngine:255 - oldGeneratedFile, /home/ante/STM32CubeIDE/workspace_1.16.1/LoRaWAN_End_Node/LoRaWAN/Target/radio_board_if.c_save
2024-11-05 14:27:26,494 [INFO] CodeEngine:279 - Generated code: /home/ante/STM32CubeIDE/workspace_1.16.1/LoRaWAN_End_Node/LoRaWAN/Target/radio_board_if.c
2024-11-05 14:27:26,495 [INFO] CodeEngine:255 - oldGeneratedFile, /home/ante/STM32CubeIDE/workspace_1.16.1/LoRaWAN_End_Node/LoRaWAN/Target/radio_board_if.h_save
2024-11-05 14:27:26,551 [INFO] CodeEngine:279 - Generated code: /home/ante/STM32CubeIDE/workspace_1.16.1/LoRaWAN_End_Node/LoRaWAN/Target/radio_board_if.h
2024-11-05 14:27:26,552 [INFO] CodeEngine:255 - oldGeneratedFile, /home/ante/STM32CubeIDE/workspace_1.16.1/LoRaWAN_End_Node/LoRaWAN/Target/radio_conf.h_save
2024-11-05 14:27:26,607 [INFO] CodeEngine:279 - Generated code: /home/ante/STM32CubeIDE/workspace_1.16.1/LoRaWAN_End_Node/LoRaWAN/Target/radio_conf.h
2024-11-05 14:27:26,608 [INFO] CodeEngine:255 - oldGeneratedFile, /home/ante/STM32CubeIDE/workspace_1.16.1/LoRaWAN_End_Node/LoRaWAN/Target/systime.h_save
2024-11-05 14:27:26,657 [INFO] CodeEngine:279 - Generated code: /home/ante/STM32CubeIDE/workspace_1.16.1/LoRaWAN_End_Node/LoRaWAN/Target/systime.h
2024-11-05 14:27:26,658 [INFO] CodeEngine:255 - oldGeneratedFile, /home/ante/STM32CubeIDE/workspace_1.16.1/LoRaWAN_End_Node/LoRaWAN/Target/timer.h_save
2024-11-05 14:27:26,708 [INFO] CodeEngine:279 - Generated code: /home/ante/STM32CubeIDE/workspace_1.16.1/LoRaWAN_End_Node/LoRaWAN/Target/timer.h
2024-11-05 14:27:26,709 [INFO] CodeEngine:255 - oldGeneratedFile, /home/ante/STM32CubeIDE/workspace_1.16.1/LoRaWAN_End_Node/Core/Src/adc_if.c_save
2024-11-05 14:27:26,761 [INFO] CodeEngine:279 - Generated code: /home/ante/STM32CubeIDE/workspace_1.16.1/LoRaWAN_End_Node/Core/Src/adc_if.c
2024-11-05 14:27:26,763 [INFO] CodeEngine:255 - oldGeneratedFile, /home/ante/STM32CubeIDE/workspace_1.16.1/LoRaWAN_End_Node/Core/Inc/adc_if.h_save
2024-11-05 14:27:26,812 [INFO] CodeEngine:279 - Generated code: /home/ante/STM32CubeIDE/workspace_1.16.1/LoRaWAN_End_Node/Core/Inc/adc_if.h
2024-11-05 14:27:26,813 [INFO] CodeEngine:255 - oldGeneratedFile, /home/ante/STM32CubeIDE/workspace_1.16.1/LoRaWAN_End_Node/Core/Inc/usart_if.h_save
2024-11-05 14:27:26,862 [INFO] CodeEngine:279 - Generated code: /home/ante/STM32CubeIDE/workspace_1.16.1/LoRaWAN_End_Node/Core/Inc/usart_if.h
2024-11-05 14:27:26,863 [INFO] CodeEngine:255 - oldGeneratedFile, /home/ante/STM32CubeIDE/workspace_1.16.1/LoRaWAN_End_Node/Core/Src/usart_if.c_save
2024-11-05 14:27:26,918 [INFO] CodeEngine:279 - Generated code: /home/ante/STM32CubeIDE/workspace_1.16.1/LoRaWAN_End_Node/Core/Src/usart_if.c
2024-11-05 14:27:26,920 [INFO] CodeEngine:255 - oldGeneratedFile, /home/ante/STM32CubeIDE/workspace_1.16.1/LoRaWAN_End_Node/Core/Src/rtc.c_save
2024-11-05 14:27:26,995 [INFO] CodeEngine:279 - Generated code: /home/ante/STM32CubeIDE/workspace_1.16.1/LoRaWAN_End_Node/Core/Src/rtc.c
2024-11-05 14:27:26,996 [INFO] CodeEngine:255 - oldGeneratedFile, /home/ante/STM32CubeIDE/workspace_1.16.1/LoRaWAN_End_Node/Core/Inc/rtc.h_save
2024-11-05 14:27:27,047 [INFO] CodeEngine:279 - Generated code: /home/ante/STM32CubeIDE/workspace_1.16.1/LoRaWAN_End_Node/Core/Inc/rtc.h
2024-11-05 14:27:27,049 [INFO] CodeEngine:255 - oldGeneratedFile, /home/ante/STM32CubeIDE/workspace_1.16.1/LoRaWAN_End_Node/Core/Src/subghz.c_save
2024-11-05 14:27:27,117 [INFO] CodeEngine:279 - Generated code: /home/ante/STM32CubeIDE/workspace_1.16.1/LoRaWAN_End_Node/Core/Src/subghz.c
2024-11-05 14:27:27,118 [INFO] CodeEngine:255 - oldGeneratedFile, /home/ante/STM32CubeIDE/workspace_1.16.1/LoRaWAN_End_Node/Core/Inc/subghz.h_save
2024-11-05 14:27:27,167 [INFO] CodeEngine:279 - Generated code: /home/ante/STM32CubeIDE/workspace_1.16.1/LoRaWAN_End_Node/Core/Inc/subghz.h
2024-11-05 14:27:27,170 [INFO] CodeEngine:255 - oldGeneratedFile, /home/ante/STM32CubeIDE/workspace_1.16.1/LoRaWAN_End_Node/Core/Src/usart.c_save
2024-11-05 14:27:27,243 [INFO] CodeEngine:279 - Generated code: /home/ante/STM32CubeIDE/workspace_1.16.1/LoRaWAN_End_Node/Core/Src/usart.c
2024-11-05 14:27:27,244 [INFO] CodeEngine:255 - oldGeneratedFile, /home/ante/STM32CubeIDE/workspace_1.16.1/LoRaWAN_End_Node/Core/Inc/usart.h_save
2024-11-05 14:27:27,292 [INFO] CodeEngine:279 - Generated code: /home/ante/STM32CubeIDE/workspace_1.16.1/LoRaWAN_End_Node/Core/Inc/usart.h
2024-11-05 14:27:27,299 [INFO] CodeEngine:255 - oldGeneratedFile, /home/ante/STM32CubeIDE/workspace_1.16.1/LoRaWAN_End_Node/Core/Src/stm32wlxx_it.c_save
2024-11-05 14:27:27,445 [INFO] CodeEngine:279 - Generated code: /home/ante/STM32CubeIDE/workspace_1.16.1/LoRaWAN_End_Node/Core/Src/stm32wlxx_it.c
2024-11-05 14:27:27,447 [INFO] CodeEngine:255 - oldGeneratedFile, /home/ante/STM32CubeIDE/workspace_1.16.1/LoRaWAN_End_Node/Core/Inc/stm32wlxx_it.h_save
2024-11-05 14:27:27,495 [INFO] CodeEngine:279 - Generated code: /home/ante/STM32CubeIDE/workspace_1.16.1/LoRaWAN_End_Node/Core/Inc/stm32wlxx_it.h
2024-11-05 14:27:27,583 [INFO] CodeEngine:255 - oldGeneratedFile, /home/ante/STM32CubeIDE/workspace_1.16.1/LoRaWAN_End_Node/Core/Src/stm32wlxx_hal_msp.c_save
2024-11-05 14:27:27,679 [INFO] CodeEngine:279 - Generated code: /home/ante/STM32CubeIDE/workspace_1.16.1/LoRaWAN_End_Node/Core/Src/stm32wlxx_hal_msp.c
2024-11-05 14:27:27,680 [INFO] CodeEngine:255 - oldGeneratedFile, /home/ante/STM32CubeIDE/workspace_1.16.1/LoRaWAN_End_Node/MXTmpFiles/system.tmp_save
2024-11-05 14:27:27,731 [INFO] CodeEngine:279 - Generated code: /home/ante/STM32CubeIDE/workspace_1.16.1/LoRaWAN_End_Node/MXTmpFiles/system.tmp
2024-11-05 14:27:27,734 [INFO] CodeEngine:311 - oldGeneratedFile, /home/ante/STM32CubeIDE/workspace_1.16.1/LoRaWAN_End_Node/Core/Inc/stm32wlxx_hal_conf.h_save
2024-11-05 14:27:27,789 [INFO] CodeEngine:335 - Generated code: /home/ante/STM32CubeIDE/workspace_1.16.1/LoRaWAN_End_Node/Core/Inc/stm32wlxx_hal_conf.h
2024-11-05 14:27:27,808 [INFO] CodeEngine:255 - oldGeneratedFile, /home/ante/STM32CubeIDE/workspace_1.16.1/LoRaWAN_End_Node/Core/Inc/main.h_save
2024-11-05 14:27:27,864 [INFO] CodeEngine:279 - Generated code: /home/ante/STM32CubeIDE/workspace_1.16.1/LoRaWAN_End_Node/Core/Inc/main.h
2024-11-05 14:27:27,866 [INFO] CodeEngine:255 - oldGeneratedFile, /home/ante/STM32CubeIDE/workspace_1.16.1/LoRaWAN_End_Node/Core/Src/main.c_save
2024-11-05 14:27:27,941 [INFO] CodeEngine:279 - Generated code: /home/ante/STM32CubeIDE/workspace_1.16.1/LoRaWAN_End_Node/Core/Src/main.c
2024-11-05 14:27:28,248 [INFO] ProjectBuilder:3249 - Time for Copy HAL[1] : 129mS.
2024-11-05 14:27:28,254 [INFO] ProjectBuilder:4828 - Project Generator version: 4.5.0-B34
2024-11-05 14:27:28,328 [INFO] ConfigFileManager:1531 - The Die is : DIE497
2024-11-05 14:27:28,333 [INFO] ApiDbMcu:508 - Load IP Config File for FATFS
2024-11-05 14:27:28,355 [INFO] ApiDbMcu:508 - Load IP Config File for FREERTOS
2024-11-05 14:27:28,363 [INFO] ApiDbMcu:508 - Load IP Config File for KMS
2024-11-05 14:27:28,378 [INFO] ApiDbMcu:508 - Load IP Config File for Sigfox
2024-11-05 14:27:28,390 [INFO] ApiDbMcu:508 - Load IP Config File for SubGHz_Phy
2024-11-05 14:27:29,743 [INFO] ProjectBuilder:5097 - Time for Generating toolchain IDE Files: 1488mS.
2024-11-05 14:27:29,743 [INFO] ProjectBuilder:3107 - Time for Copy CMSIS : 0mS.
2024-11-05 14:27:29,745 [INFO] ProjectBuilder:3107 - Time for Copy CMSIS : 0mS.
2024-11-05 14:27:30,345 [INFO] MainUpdater:2873 - connection check result : 10
2024-11-05 14:27:30,345 [INFO] MainUpdater:2873 - connection check result : 10
2024-11-05 14:27:30,396 [INFO] I2cTimingTraitement:330 - 0x10805D88
2024-11-05 14:27:30,399 [INFO] MicroXplorer:468 - Change Database Path : 
2024-11-05 14:27:30,399 [INFO] MicroXplorer:498 - Change Database Version : DB.6.0.121
2024-11-05 14:27:30,408 [ERROR] ProjectManagerView:394 - 
java.lang.NullPointerException: Cannot invoke "javax.swing.JTextField.getText()" because the return value of "java.util.List.get(int)" is null
	at com.st.microxplorer.plugins.projectmanager.gui.ProjectChoiceTab$10.caretUpdate(ProjectChoiceTab.java:2622) ~[filemanager.jar:?]
	at javax.swing.text.JTextComponent.fireCaretUpdate(JTextComponent.java:412) ~[?:?]
	at javax.swing.text.JTextComponent$MutableCaretEvent.fire(JTextComponent.java:4491) ~[?:?]
	at javax.swing.text.JTextComponent$MutableCaretEvent.stateChanged(JTextComponent.java:4513) ~[?:?]
	at javax.swing.text.DefaultCaret.fireStateChanged(DefaultCaret.java:842) ~[?:?]
	at javax.swing.text.DefaultCaret.changeCaretPosition(DefaultCaret.java:1313) ~[?:?]
	at javax.swing.text.DefaultCaret.handleSetDot(DefaultCaret.java:1212) ~[?:?]
	at javax.swing.text.DefaultCaret.setDot(DefaultCaret.java:1193) ~[?:?]
	at javax.swing.text.DefaultCaret$Handler.insertUpdate(DefaultCaret.java:1789) ~[?:?]
	at javax.swing.text.AbstractDocument.fireInsertUpdate(AbstractDocument.java:226) ~[?:?]
	at javax.swing.text.AbstractDocument.handleInsertString(AbstractDocument.java:780) ~[?:?]
	at javax.swing.text.AbstractDocument.insertString(AbstractDocument.java:739) ~[?:?]
	at javax.swing.text.PlainDocument.insertString(PlainDocument.java:131) ~[?:?]
	at javax.swing.text.AbstractDocument.replace(AbstractDocument.java:698) ~[?:?]
	at javax.swing.text.JTextComponent.setText(JTextComponent.java:1729) ~[?:?]
	at com.st.microxplorer.plugins.projectmanager.gui.ProjectChoiceTab.createHeapStackFields(ProjectChoiceTab.java:972) ~[filemanager.jar:?]
	at com.st.microxplorer.plugins.projectmanager.gui.ProjectChoiceTab.buildLinkSettingsPanel(ProjectChoiceTab.java:3597) ~[filemanager.jar:?]
	at com.st.microxplorer.plugins.projectmanager.gui.ProjectChoiceTab.defineWindowsFields(ProjectChoiceTab.java:1940) ~[filemanager.jar:?]
	at com.st.microxplorer.plugins.projectmanager.gui.ProjectChoiceTab.updateSettings(ProjectChoiceTab.java:550) ~[filemanager.jar:?]
	at com.st.microxplorer.plugins.projectmanager.gui.ProjectSettingsPanel.UpdateDialog(ProjectSettingsPanel.java:245) ~[filemanager.jar:?]
	at com.st.microxplorer.plugins.projectmanager.ProjectManagerView.propertyChange(ProjectManagerView.java:391) ~[filemanager.jar:?]
	at java.beans.PropertyChangeSupport.fire(PropertyChangeSupport.java:343) ~[?:?]
	at java.beans.PropertyChangeSupport.firePropertyChange(PropertyChangeSupport.java:335) ~[?:?]
	at java.beans.PropertyChangeSupport.firePropertyChange(PropertyChangeSupport.java:268) ~[?:?]
	at com.st.microxplorer.util.MXPropertyChangeSupport.firePropertyChange(MXPropertyChangeSupport.java:54) ~[STM32CubeMX.jar:?]
	at com.st.microxplorer.mxsystem.MxSystem.closeConfig(MxSystem.java:900) ~[STM32CubeMX.jar:?]
	at com.st.microxplorer.maingui.MainPanel.closeConfig(MainPanel.java:781) ~[STM32CubeMX.jar:?]
	at com.st.microxplorer.plugins.filemanager.engine.OpenFileManager.loadConfigurationFile(OpenFileManager.java:265) ~[filemanager.jar:?]
	at com.st.microxplorer.plugins.filemanager.engine.MainFileManager.userLoadConfig(MainFileManager.java:352) ~[filemanager.jar:?]
	at com.st.microxplorer.plugins.filemanager.engine.MainFileManager.userLoadConfig(MainFileManager.java:330) ~[filemanager.jar:?]
	at com.st.microxplorer.plugins.filemanager.FileManagerView.getSpecificTask(FileManagerView.java:246) ~[filemanager.jar:?]
	at com.st.stm32cube.common.mx.editor.CubeMxEditor.getMxTabbedPaneInstance(CubeMxEditor.java:1198) ~[com.st.stm32cube.common.mx_6.12.1.202409122256/:?]
	at com.st.stm32cube.common.mx.editor.CubeMxEditor$12$1.createSwingComponent(CubeMxEditor.java:1068) ~[com.st.stm32cube.common.mx_6.12.1.202409122256/:?]
	at com.st.stm32cube.common.mx.oss.core.awtswtbridge.EmbeddedSwingComposite.doComponentCreation(EmbeddedSwingComposite.java:492) ~[com.st.stm32cube.common.mx.oss_6.12.1.202409122256/:?]
	at com.st.stm32cube.common.mx.oss.core.awtswtbridge.EmbeddedSwingComposite$4.run(EmbeddedSwingComposite.java:291) ~[com.st.stm32cube.common.mx.oss_6.12.1.202409122256/:?]
	at com.st.stm32cube.common.mx.oss.core.awtswtbridge.AwtEnvironment$2.run(AwtEnvironment.java:166) ~[com.st.stm32cube.common.mx.oss_6.12.1.202409122256/:?]
	at java.awt.event.InvocationEvent.dispatch(InvocationEvent.java:318) ~[?:?]
	at java.awt.EventQueue.dispatchEventImpl(EventQueue.java:773) ~[?:?]
	at java.awt.EventQueue$4.run(EventQueue.java:720) ~[?:?]
	at java.awt.EventQueue$4.run(EventQueue.java:714) ~[?:?]
	at java.security.AccessController.doPrivileged(AccessController.java:399) ~[?:?]
	at java.security.ProtectionDomain$JavaSecurityAccessImpl.doIntersectionPrivilege(ProtectionDomain.java:86) ~[?:?]
	at java.awt.EventQueue.dispatchEvent(EventQueue.java:742) ~[?:?]
	at java.awt.EventDispatchThread.pumpOneEventForFilters(EventDispatchThread.java:203) ~[?:?]
	at java.awt.EventDispatchThread.pumpEventsForFilter(EventDispatchThread.java:124) ~[?:?]
	at java.awt.EventDispatchThread.pumpEventsForHierarchy(EventDispatchThread.java:113) ~[?:?]
	at java.awt.EventDispatchThread.pumpEvents(EventDispatchThread.java:109) ~[?:?]
	at java.awt.EventDispatchThread.pumpEvents(EventDispatchThread.java:101) ~[?:?]
	at java.awt.EventDispatchThread.run(EventDispatchThread.java:90) ~[?:?]
2024-11-05 14:27:30,409 [WARN] ThirdParty:871 - waiting for thirdparty lock release [close project]
2024-11-05 14:27:30,409 [INFO] ThirdParty:873 - entering critical section [close project]
2024-11-05 14:27:30,409 [INFO] ThirdParty:883 - exiting critical section [close project]
2024-11-05 14:27:30,411 [INFO] PinOutPanel:1561 - setPackage(No Configuration,No Configuration)
2024-11-05 14:27:30,414 [INFO] UtilMem:75 - Begin LoadConfig() Used Memory: 360493880 Bytes (898629632)
2024-11-05 14:27:30,415 [INFO] MicroXplorer:468 - Change Database Path : 
2024-11-05 14:27:30,415 [INFO] MicroXplorer:498 - Change Database Version : DB.6.0.121
2024-11-05 14:27:30,415 [INFO] OpenFileManager:332 - Change cursor
2024-11-05 14:27:30,430 [INFO] RulesReader:64 - Compatibility file has been processed (297 Rules)
2024-11-05 14:27:30,434 [INFO] Mcu:2032 - Initializing MCU STM32WL55JCIx STM32WL55JCIx STM32WL55JCI6
2024-11-05 14:27:31,146 [INFO] Context:742 - Trying to add GPIOservice into a context  which must be forbidden
2024-11-05 14:27:31,146 [INFO] Context:742 - Trying to add GPIOservice into a context  which must be forbidden
2024-11-05 14:27:31,146 [INFO] Context:742 - Trying to add GPIOservice into a context  which must be forbidden
2024-11-05 14:27:31,366 [INFO] ApiDbMcu:508 - Load IP Config File for NUCLEO-WL55JC1
2024-11-05 14:27:31,438 [INFO] Context:742 - Trying to add GPIOservice into a context  which must be forbidden
2024-11-05 14:27:31,438 [INFO] Context:742 - Trying to add GPIOservice into a context  which must be forbidden
2024-11-05 14:27:31,442 [INFO] ImportTextPane:205 - (OptionalMessage_ERROR) Unable to find key (Mcu.IP10) in loaded IOC file
2024-11-05 14:27:31,442 [INFO] ImportTextPane:205 - (OptionalMessage_ERROR) Unknown IP (dummy)
2024-11-05 14:27:31,551 [INFO] RtosManager:555 - Registered RTOS mode: class=CMSIS, group=RTOS, mode=CMSIS_V1, owner=FREERTOS
2024-11-05 14:27:31,551 [INFO] RtosManager:555 - Registered RTOS mode: class=CMSIS, group=RTOS2, mode=CMSIS_V2, owner=FREERTOS
2024-11-05 14:27:31,551 [INFO] RtosManager:555 - Registered RTOS mode: class=RTOS, group=Core, mode=CMSIS_V1, owner=FREERTOS
2024-11-05 14:27:31,551 [INFO] RtosManager:555 - Registered RTOS mode: class=RTOS, group=Core, mode=CMSIS_V2, owner=FREERTOS
2024-11-05 14:27:31,551 [WARN] ModelIntegratedComponent:184 - Missing modes for component STMicroelectronics:FreeRTOS:0.0.1:STMicroelectronics:RTOS:FreeRTOS:Core:::10.2.0:
2024-11-05 14:27:31,556 [WARN] ModelIntegratedComponent:63 - No mode defined for component null
2024-11-05 14:27:31,556 [WARN] ModelIntegratedComponent:63 - No mode defined for component null
2024-11-05 14:27:31,556 [WARN] ModelIntegratedComponent:63 - No mode defined for component null
2024-11-05 14:27:31,556 [WARN] ModelIntegratedComponent:63 - No mode defined for component null
2024-11-05 14:27:31,556 [WARN] ModelIntegratedComponent:63 - No mode defined for component null
2024-11-05 14:27:31,557 [WARN] ModelIntegratedComponent:63 - No mode defined for component null
2024-11-05 14:27:31,557 [WARN] ModelIntegratedComponent:63 - No mode defined for component null
2024-11-05 14:27:31,557 [WARN] ModelIntegratedComponent:63 - No mode defined for component null
2024-11-05 14:27:31,557 [WARN] ModelIntegratedComponent:63 - No mode defined for component null
2024-11-05 14:27:31,557 [WARN] ModelIntegratedComponent:63 - No mode defined for component null
2024-11-05 14:27:31,557 [WARN] ModelIntegratedComponent:63 - No mode defined for component null
2024-11-05 14:27:31,557 [WARN] ModelIntegratedComponent:63 - No mode defined for component null
2024-11-05 14:27:31,557 [WARN] ModelIntegratedComponent:63 - No mode defined for component null
2024-11-05 14:27:31,557 [WARN] ModelIntegratedComponent:63 - No mode defined for component null
2024-11-05 14:27:31,557 [WARN] ModelIntegratedComponent:63 - No mode defined for component null
2024-11-05 14:27:31,557 [WARN] ModelIntegratedComponent:63 - No mode defined for component null
2024-11-05 14:27:31,557 [WARN] ModelIntegratedComponent:63 - No mode defined for component null
2024-11-05 14:27:31,557 [WARN] ModelIntegratedComponent:63 - No mode defined for component null
2024-11-05 14:27:31,557 [WARN] ModelIntegratedComponent:63 - No mode defined for component null
2024-11-05 14:27:31,557 [WARN] ModelIntegratedComponent:63 - No mode defined for component null
2024-11-05 14:27:31,557 [WARN] ModelIntegratedComponent:63 - No mode defined for component null
2024-11-05 14:27:31,557 [WARN] ModelIntegratedComponent:63 - No mode defined for component null
2024-11-05 14:27:31,557 [WARN] ModelIntegratedComponent:63 - No mode defined for component null
2024-11-05 14:27:31,557 [WARN] ModelIntegratedComponent:63 - No mode defined for component null
2024-11-05 14:27:31,557 [WARN] ModelIntegratedComponent:63 - No mode defined for component null
2024-11-05 14:27:31,557 [WARN] ModelIntegratedComponent:63 - No mode defined for component null
2024-11-05 14:27:31,557 [WARN] ModelIntegratedComponent:63 - No mode defined for component null
2024-11-05 14:27:31,557 [WARN] ModelIntegratedComponent:63 - No mode defined for component null
2024-11-05 14:27:31,557 [WARN] ModelIntegratedComponent:63 - No mode defined for component null
2024-11-05 14:27:31,557 [WARN] ModelIntegratedComponent:63 - No mode defined for component null
2024-11-05 14:27:31,557 [WARN] ModelIntegratedComponent:63 - No mode defined for component null
2024-11-05 14:27:31,557 [WARN] ModelIntegratedComponent:63 - No mode defined for component null
2024-11-05 14:27:31,557 [WARN] ModelIntegratedComponent:63 - No mode defined for component null
2024-11-05 14:27:31,557 [WARN] ModelIntegratedComponent:63 - No mode defined for component null
2024-11-05 14:27:31,557 [WARN] ModelIntegratedComponent:63 - No mode defined for component null
2024-11-05 14:27:31,557 [WARN] ModelPack:524 - Component already loaded: STMicroelectronics:HAL Drivers:0.0.0:STMicroelectronics:Device:STMicro_Driver:XSPI:HAL::0.0.1:HAL_XSPI
2024-11-05 14:27:31,571 [INFO] ThirdPartyModel:298 - Start build external matchings
2024-11-05 14:27:31,978 [INFO] ThirdPartyModel:316 - End build external matchings
2024-11-05 14:27:31,985 [INFO] ImportTextPane:205 - (OptionalMessage_ERROR) IP (ADC) : Parameter (NbrOfConversion) has invalid value (1)
2024-11-05 14:27:32,067 [INFO] UtilMem:75 - End LoadConfig() Used Memory: 762586984 Bytes (944766976)
2024-11-05 14:27:32,070 [WARN] ThirdParty:833 - waiting for thirdparty lock release [change project]
2024-11-05 14:27:32,071 [INFO] ThirdParty:835 - entering critical section [change project]
2024-11-05 14:27:32,071 [INFO] ThirdParty:1030 - CMSIS Pack Vendor :STMicroelectronics USBPD 4.1
2024-11-05 14:27:32,071 [INFO] ThirdParty:1030 - CMSIS Pack Vendor :STMicroelectronics X-CUBE-AZRTOS-H7 3.3.0
2024-11-05 14:27:32,071 [INFO] ThirdParty:1030 - CMSIS Pack Vendor :STMicroelectronics X-CUBE-NFC9 1.0.0
2024-11-05 14:27:32,071 [INFO] ThirdParty:1030 - CMSIS Pack Vendor :STMicroelectronics USB_HOST 2.0.0
2024-11-05 14:27:32,071 [INFO] ThirdParty:1030 - CMSIS Pack Vendor :STMicroelectronics FP-SNS-MOTENVWB1 1.4.0
2024-11-05 14:27:32,071 [INFO] ThirdParty:1030 - CMSIS Pack Vendor :STMicroelectronics X-CUBE-AZRTOS-F4 1.1.0
2024-11-05 14:27:32,071 [INFO] ThirdParty:1030 - CMSIS Pack Vendor :STMicroelectronics LIBJPEG 8.0.0
2024-11-05 14:27:32,071 [INFO] ThirdParty:1030 - CMSIS Pack Vendor :STMicroelectronics X-CUBE-SMBUS 2.1.0
2024-11-05 14:27:32,071 [INFO] ThirdParty:1030 - CMSIS Pack Vendor :STMicroelectronics X-CUBE-WB05N 1.1.0
2024-11-05 14:27:32,071 [INFO] ThirdParty:1030 - CMSIS Pack Vendor :STMicroelectronics USB_DEVICE 3.0.0
2024-11-05 14:27:32,071 [INFO] ThirdParty:1030 - CMSIS Pack Vendor :STMicroelectronics X-CUBE-TCPP 4.1.0
2024-11-05 14:27:32,071 [INFO] ThirdParty:1030 - CMSIS Pack Vendor :STMicroelectronics X-CUBE-ISPU 2.1.0
2024-11-05 14:27:32,071 [INFO] ThirdParty:1030 - CMSIS Pack Vendor :STMicroelectronics X-CUBE-FREERTOS 1.2.0
2024-11-05 14:27:32,071 [INFO] ThirdParty:1030 - CMSIS Pack Vendor :STMicroelectronics X-CUBE-IPS 3.0.0
2024-11-05 14:27:32,071 [INFO] ThirdParty:1030 - CMSIS Pack Vendor :STMicroelectronics X-CUBE-AZRTOS-WB 2.0.0
2024-11-05 14:27:32,071 [INFO] ThirdParty:1030 - CMSIS Pack Vendor :STMicroelectronics X-CUBE-GNSS1 7.0.0
2024-11-05 14:27:32,071 [INFO] ThirdParty:1030 - CMSIS Pack Vendor :STMicroelectronics X-CUBE-AZRTOS-F7 1.1.0
2024-11-05 14:27:32,071 [INFO] ThirdParty:1030 - CMSIS Pack Vendor :STMicroelectronics X-CUBE-AZRTOS-L5 2.0.0
2024-11-05 14:27:32,071 [INFO] ThirdParty:1030 - CMSIS Pack Vendor :STMicroelectronics USB_DEVICE 2.0.0
2024-11-05 14:27:32,071 [INFO] ThirdParty:1030 - CMSIS Pack Vendor :STMicroelectronics X-CUBE-NFC6 3.1.0
2024-11-05 14:27:32,071 [INFO] ThirdParty:1030 - CMSIS Pack Vendor :STMicroelectronics FP-SNS-STBOX1 2.0.0
2024-11-05 14:27:32,071 [INFO] ThirdParty:1030 - CMSIS Pack Vendor :STMicroelectronics X-CUBE-MEMS1 11.0.0
2024-11-05 14:27:32,071 [INFO] ThirdParty:1030 - CMSIS Pack Vendor :STMicroelectronics FreeRTOS 0.0.1
2024-11-05 14:27:32,071 [INFO] ThirdParty:1030 - CMSIS Pack Vendor :STMicroelectronics X-CUBE-AZRTOS-G0 1.1.0
2024-11-05 14:27:32,071 [INFO] ThirdParty:1030 - CMSIS Pack Vendor :STMicroelectronics X-CUBE-SAFEA1 1.2.2
2024-11-05 14:27:32,071 [INFO] ThirdParty:1030 - CMSIS Pack Vendor :STMicroelectronics X-CUBE-NFC4 3.0.0
2024-11-05 14:27:32,071 [INFO] ThirdParty:1030 - CMSIS Pack Vendor :STMicroelectronics X-CUBE-DPower 1.2.0
2024-11-05 14:27:32,071 [INFO] ThirdParty:1030 - CMSIS Pack Vendor :STMicroelectronics X-CUBE-SUBG2 5.0.0
2024-11-05 14:27:32,071 [INFO] ThirdParty:1030 - CMSIS Pack Vendor :STMicroelectronics STM32_WPAN 1.0.0
2024-11-05 14:27:32,071 [INFO] ThirdParty:1030 - CMSIS Pack Vendor :EmbeddedOffice I-CUBE-FS-RTOS 1.0.1
2024-11-05 14:27:32,071 [INFO] ThirdParty:1030 - CMSIS Pack Vendor :STMicroelectronics lwIP 2.0.3
2024-11-05 14:27:32,071 [INFO] ThirdParty:1030 - CMSIS Pack Vendor :STMicroelectronics FP-SNS-FLIGHT1 5.0.2
2024-11-05 14:27:32,071 [INFO] ThirdParty:1030 - CMSIS Pack Vendor :Cesanta I-CUBE-Mongoose 7.13.0
2024-11-05 14:27:32,071 [INFO] ThirdParty:1030 - CMSIS Pack Vendor :STMicroelectronics USB_HOST 1.0.0
2024-11-05 14:27:32,071 [INFO] ThirdParty:1030 - CMSIS Pack Vendor :STMicroelectronics X-CUBE-AI 9.0.0
2024-11-05 14:27:32,071 [INFO] ThirdParty:1030 - CMSIS Pack Vendor :STMicroelectronics X-CUBE-AZRTOS-G4 2.0.0
2024-11-05 14:27:32,071 [INFO] ThirdParty:1030 - CMSIS Pack Vendor :STMicroelectronics PDM2PCM 3.1.0
2024-11-05 14:27:32,071 [INFO] ThirdParty:1030 - CMSIS Pack Vendor :STMicroelectronics PDM2PCM 3.3.0
2024-11-05 14:27:32,071 [INFO] ThirdParty:1030 - CMSIS Pack Vendor :STMicroelectronics X-CUBE-DISPLAY 3.0.0
2024-11-05 14:27:32,071 [INFO] ThirdParty:1030 - CMSIS Pack Vendor :RealThread X-CUBE-RT-Thread_Nano 4.1.1
2024-11-05 14:27:32,071 [INFO] ThirdParty:1030 - CMSIS Pack Vendor :STMicroelectronics X-CUBE-BLE1 7.0.0
2024-11-05 14:27:32,071 [INFO] ThirdParty:1030 - CMSIS Pack Vendor :STMicroelectronics FP-ATR-SIGFOX1 3.2.0
2024-11-05 14:27:32,072 [INFO] ThirdParty:1030 - CMSIS Pack Vendor :STMicroelectronics X-CUBE-NFC10 1.0.0
2024-11-05 14:27:32,072 [INFO] ThirdParty:1030 - CMSIS Pack Vendor :wolfSSL I-CUBE-wolfSSL 5.7.2
2024-11-05 14:27:32,072 [INFO] ThirdParty:1030 - CMSIS Pack Vendor :STMicroelectronics X-CUBE-EEPRMA1 5.1.0
2024-11-05 14:27:32,072 [INFO] ThirdParty:1030 - CMSIS Pack Vendor :STMicroelectronics HAL Drivers 0.0.0
2024-11-05 14:27:32,072 [INFO] ThirdParty:1030 - CMSIS Pack Vendor :STMicroelectronics MBEDTLS 2.16.2
2024-11-05 14:27:32,072 [INFO] ThirdParty:1030 - CMSIS Pack Vendor :STMicroelectronics X-CUBE-ALS 1.0.2
2024-11-05 14:27:32,072 [INFO] ThirdParty:1030 - CMSIS Pack Vendor :emotas I-CUBE-CANOPEN 1.3.0
2024-11-05 14:27:32,072 [INFO] ThirdParty:1030 - CMSIS Pack Vendor :STMicroelectronics X-CUBE-NFC7 1.0.1
2024-11-05 14:27:32,072 [INFO] ThirdParty:1030 - CMSIS Pack Vendor :STMicroelectronics MBEDTLS 2.14.1
2024-11-05 14:27:32,072 [INFO] ThirdParty:1030 - CMSIS Pack Vendor :ITTIA_DB I-CUBE-ITTIADB 8.9.0
2024-11-05 14:27:32,072 [INFO] ThirdParty:1030 - CMSIS Pack Vendor :STMicroelectronics X-CUBE-TOUCHGFX 4.24.1
2024-11-05 14:27:32,072 [INFO] ThirdParty:1030 - CMSIS Pack Vendor :wolfSSL I-CUBE-wolfTPM 3.4.0
2024-11-05 14:27:32,072 [INFO] ThirdParty:1030 - CMSIS Pack Vendor :portGmbH I-Cube-SoM-uGOAL 1.1.0
2024-11-05 14:27:32,072 [INFO] ThirdParty:1030 - CMSIS Pack Vendor :STMicroelectronics X-CUBE-BLEMGR 3.1.0
2024-11-05 14:27:32,072 [INFO] ThirdParty:1030 - CMSIS Pack Vendor :STMicroelectronics ThreadX 1.0.0
2024-11-05 14:27:32,072 [INFO] ThirdParty:1030 - CMSIS Pack Vendor :STMicroelectronics FP-SNS-SMARTAG2 1.2.0
2024-11-05 14:27:32,072 [INFO] ThirdParty:1030 - CMSIS Pack Vendor :STMicroelectronics X-CUBE-AZRTOS-WL 2.0.0
2024-11-05 14:27:32,072 [INFO] ThirdParty:1030 - CMSIS Pack Vendor :SEGGER I-CUBE-embOS 1.3.1
2024-11-05 14:27:32,072 [INFO] ThirdParty:1030 - CMSIS Pack Vendor :STMicroelectronics X-CUBE-ALGOBUILD 1.4.0
2024-11-05 14:27:32,072 [INFO] ThirdParty:1030 - CMSIS Pack Vendor :STMicroelectronics FP-SNS-MOTENV1 5.0.0
2024-11-05 14:27:32,072 [INFO] ThirdParty:1030 - CMSIS Pack Vendor :STMicroelectronics USB_DEVICE 1.0.0
2024-11-05 14:27:32,072 [INFO] ThirdParty:1030 - CMSIS Pack Vendor :STMicroelectronics X-CUBE-AZRTOS-H7RS 1.0.0
2024-11-05 14:27:32,072 [INFO] ThirdParty:1030 - CMSIS Pack Vendor :wolfSSL I-CUBE-wolfMQTT 1.19.0
2024-11-05 14:27:32,072 [INFO] ThirdParty:1030 - CMSIS Pack Vendor :STMicroelectronics X-CUBE-AZRTOS-L4 2.0.0
2024-11-05 14:27:32,072 [INFO] ThirdParty:1030 - CMSIS Pack Vendor :STMicroelectronics ThreadX 0.0.2
2024-11-05 14:27:32,072 [INFO] ThirdParty:1030 - CMSIS Pack Vendor :WES I-CUBE-Cesium 1.3.0
2024-11-05 14:27:32,072 [INFO] ThirdParty:1030 - CMSIS Pack Vendor :STMicroelectronics FP-ATR-ASTRA1 2.0.0
2024-11-05 14:27:32,072 [INFO] ThirdParty:1030 - CMSIS Pack Vendor :STMicroelectronics lwIP 2.1.2
2024-11-05 14:27:32,072 [INFO] ThirdParty:1030 - CMSIS Pack Vendor :STMicroelectronics X-CUBE-SFXS2LP1 4.0.0
2024-11-05 14:27:32,072 [INFO] ThirdParty:1030 - CMSIS Pack Vendor :STMicroelectronics X-CUBE-BLE2 3.3.0
2024-11-05 14:27:32,072 [INFO] ThirdParty:1030 - CMSIS Pack Vendor :STMicroelectronics X-CUBE-TOF1 3.4.2
2024-11-05 14:27:32,072 [INFO] ThirdParty:1030 - CMSIS Pack Vendor :STMicroelectronics X-CUBE-AI 9.1.0
2024-11-05 14:27:32,072 [INFO] ThirdParty:1030 - CMSIS Pack Vendor :Infineon AIROC-Wi-Fi-Bluetooth-STM32 1.6.1
2024-11-05 14:27:32,072 [INFO] ThirdParty:1030 - CMSIS Pack Vendor :STMicroelectronics PDM2PCM 3.2.0
2024-11-05 14:27:32,072 [INFO] ThirdParty:1030 - CMSIS Pack Vendor :wolfSSL I-CUBE-wolfSSH 1.4.17
2024-11-05 14:27:32,072 [INFO] ThirdParty:841 - exiting critical section [change project]
2024-11-05 14:27:32,367 [INFO] PinOutPanel:1561 - setPackage(No Configuration,No Configuration)
2024-11-05 14:27:32,367 [INFO] PinOutPanel:1561 - setPackage(STM32WL55JCIx,UFBGA73)
2024-11-05 14:27:32,636 [INFO] UtilMem:75 - Before build in PCC Used Memory: 335230784 Bytes (944766976)
2024-11-05 14:27:32,961 [INFO] UtilMem:75 - After build in PCC Used Memory: 441136960 Bytes (944766976)
2024-11-05 14:27:32,978 [INFO] IPUIPlugin:80 - create IPUIPlugin
2024-11-05 14:27:32,978 [INFO] IPUIPlugin:80 - create IPUIPlugin
2024-11-05 14:27:32,979 [INFO] IPUIPlugin:80 - create IPUIPlugin
2024-11-05 14:27:32,979 [INFO] IPUIPlugin:80 - create IPUIPlugin
2024-11-05 14:27:32,979 [INFO] IPUIPlugin:80 - create IPUIPlugin
2024-11-05 14:27:32,979 [INFO] IPUIPlugin:80 - create IPUIPlugin
2024-11-05 14:27:32,979 [INFO] IPUIPlugin:80 - create IPUIPlugin
2024-11-05 14:27:32,979 [INFO] IPUIPlugin:80 - create IPUIPlugin
2024-11-05 14:27:32,979 [INFO] IPUIPlugin:80 - create IPUIPlugin
2024-11-05 14:27:32,979 [INFO] IPUIPlugin:80 - create IPUIPlugin
2024-11-05 14:27:32,979 [INFO] IPUIPlugin:80 - create IPUIPlugin
2024-11-05 14:27:32,979 [INFO] IPUIPlugin:80 - create IPUIPlugin
2024-11-05 14:27:32,979 [INFO] IPUIPlugin:80 - create IPUIPlugin
2024-11-05 14:27:32,979 [INFO] IPUIPlugin:80 - create IPUIPlugin
2024-11-05 14:27:32,979 [INFO] IPUIPlugin:80 - create IPUIPlugin
2024-11-05 14:27:32,980 [INFO] IPUIPlugin:80 - create IPUIPlugin
2024-11-05 14:27:32,980 [INFO] IPUIPlugin:80 - create IPUIPlugin
2024-11-05 14:27:32,980 [INFO] IPUIPlugin:80 - create IPUIPlugin
2024-11-05 14:27:32,980 [INFO] IPUIPlugin:80 - create IPUIPlugin
2024-11-05 14:27:32,980 [INFO] IPUIPlugin:80 - create IPUIPlugin
2024-11-05 14:27:32,980 [INFO] IPUIPlugin:80 - create IPUIPlugin
2024-11-05 14:27:32,980 [INFO] IPUIPlugin:80 - create IPUIPlugin
2024-11-05 14:27:32,980 [INFO] IPUIPlugin:80 - create IPUIPlugin
2024-11-05 14:27:32,980 [INFO] IPUIPlugin:80 - create IPUIPlugin
2024-11-05 14:27:32,981 [INFO] IPUIPlugin:80 - create IPUIPlugin
2024-11-05 14:27:32,981 [INFO] IPUIPlugin:80 - create IPUIPlugin
2024-11-05 14:27:32,981 [INFO] IPUIPlugin:80 - create IPUIPlugin
2024-11-05 14:27:32,981 [INFO] IPUIPlugin:80 - create IPUIPlugin
2024-11-05 14:27:32,981 [INFO] IPUIPlugin:80 - create IPUIPlugin
2024-11-05 14:27:32,981 [INFO] IPUIPlugin:80 - create IPUIPlugin
2024-11-05 14:27:32,982 [INFO] IPUIPlugin:80 - create IPUIPlugin
2024-11-05 14:27:32,982 [INFO] IPUIPlugin:80 - create IPUIPlugin
2024-11-05 14:27:32,982 [INFO] IPUIPlugin:80 - create IPUIPlugin
2024-11-05 14:27:32,982 [INFO] IPUIPlugin:80 - create IPUIPlugin
2024-11-05 14:27:32,983 [INFO] IPUIPlugin:80 - create IPUIPlugin
2024-11-05 14:27:32,983 [INFO] IPUIPlugin:80 - create IPUIPlugin
2024-11-05 14:27:32,983 [INFO] IPUIPlugin:80 - create IPUIPlugin
2024-11-05 14:27:32,983 [INFO] IPUIPlugin:80 - create IPUIPlugin
2024-11-05 14:27:32,983 [INFO] IPUIPlugin:80 - create IPUIPlugin
2024-11-05 14:27:32,984 [INFO] IPUIPlugin:80 - create IPUIPlugin
2024-11-05 14:27:32,984 [INFO] IPUIPlugin:80 - create IPUIPlugin
2024-11-05 14:27:32,984 [INFO] IPUIPlugin:80 - create IPUIPlugin
2024-11-05 14:27:32,984 [INFO] IPUIPlugin:80 - create IPUIPlugin
2024-11-05 14:27:32,984 [INFO] IPUIPlugin:80 - create IPUIPlugin
2024-11-05 14:27:32,985 [INFO] IPUIPlugin:80 - create IPUIPlugin
2024-11-05 14:27:32,985 [INFO] IPUIPlugin:80 - create IPUIPlugin
2024-11-05 14:27:32,985 [INFO] IPUIPlugin:80 - create IPUIPlugin
2024-11-05 14:27:32,986 [INFO] IPUIPlugin:80 - create IPUIPlugin
2024-11-05 14:27:32,986 [INFO] IPUIPlugin:80 - create IPUIPlugin
2024-11-05 14:27:32,986 [INFO] IPUIPlugin:80 - create IPUIPlugin
2024-11-05 14:27:32,986 [INFO] IPUIPlugin:80 - create IPUIPlugin
2024-11-05 14:27:32,986 [INFO] IPUIPlugin:80 - create IPUIPlugin
2024-11-05 14:27:32,987 [INFO] IPUIPlugin:80 - create IPUIPlugin
2024-11-05 14:27:32,987 [INFO] IPUIPlugin:80 - create IPUIPlugin
2024-11-05 14:27:32,987 [INFO] IPUIPlugin:80 - create IPUIPlugin
2024-11-05 14:27:32,988 [INFO] IPUIPlugin:80 - create IPUIPlugin
2024-11-05 14:27:33,023 [INFO] CADModel:165 - CPN selected for project levelSTM32WL55JCI6
2024-11-05 14:27:33,023 [INFO] CADModel:114 - Register for checkConnection events
2024-11-05 14:27:33,059 [INFO] OpenFileManager:363 - Restore cursor
2024-11-05 14:27:44,187 [INFO] I2cTimingTraitement:330 - 0x00100D14
2024-11-05 14:28:23,603 [INFO] MainUpdater:2873 - connection check result : 10
2024-11-05 14:28:23,603 [INFO] MainUpdater:2873 - connection check result : 10
2024-11-05 14:28:23,607 [ERROR] IocParser:95 - Exception caught: null
2024-11-05 14:28:23,645 [INFO] I2cTimingTraitement:330 - 0x00100D14
2024-11-05 14:28:23,648 [INFO] MicroXplorer:468 - Change Database Path : 
2024-11-05 14:28:23,648 [INFO] MicroXplorer:498 - Change Database Version : DB.6.0.121
2024-11-05 14:28:23,654 [ERROR] ProjectManagerView:394 - 
java.lang.NullPointerException: Cannot invoke "javax.swing.JTextField.getText()" because the return value of "java.util.List.get(int)" is null
	at com.st.microxplorer.plugins.projectmanager.gui.ProjectChoiceTab$10.caretUpdate(ProjectChoiceTab.java:2622) ~[filemanager.jar:?]
	at javax.swing.text.JTextComponent.fireCaretUpdate(JTextComponent.java:412) ~[?:?]
	at javax.swing.text.JTextComponent$MutableCaretEvent.fire(JTextComponent.java:4491) ~[?:?]
	at javax.swing.text.JTextComponent$MutableCaretEvent.stateChanged(JTextComponent.java:4513) ~[?:?]
	at javax.swing.text.DefaultCaret.fireStateChanged(DefaultCaret.java:842) ~[?:?]
	at javax.swing.text.DefaultCaret.changeCaretPosition(DefaultCaret.java:1313) ~[?:?]
	at javax.swing.text.DefaultCaret.handleSetDot(DefaultCaret.java:1212) ~[?:?]
	at javax.swing.text.DefaultCaret.setDot(DefaultCaret.java:1193) ~[?:?]
	at javax.swing.text.DefaultCaret$Handler.insertUpdate(DefaultCaret.java:1789) ~[?:?]
	at javax.swing.text.AbstractDocument.fireInsertUpdate(AbstractDocument.java:226) ~[?:?]
	at javax.swing.text.AbstractDocument.handleInsertString(AbstractDocument.java:780) ~[?:?]
	at javax.swing.text.AbstractDocument.insertString(AbstractDocument.java:739) ~[?:?]
	at javax.swing.text.PlainDocument.insertString(PlainDocument.java:131) ~[?:?]
	at javax.swing.text.AbstractDocument.replace(AbstractDocument.java:698) ~[?:?]
	at javax.swing.text.JTextComponent.setText(JTextComponent.java:1729) ~[?:?]
	at com.st.microxplorer.plugins.projectmanager.gui.ProjectChoiceTab.createHeapStackFields(ProjectChoiceTab.java:972) ~[filemanager.jar:?]
	at com.st.microxplorer.plugins.projectmanager.gui.ProjectChoiceTab.buildLinkSettingsPanel(ProjectChoiceTab.java:3597) ~[filemanager.jar:?]
	at com.st.microxplorer.plugins.projectmanager.gui.ProjectChoiceTab.defineWindowsFields(ProjectChoiceTab.java:1940) ~[filemanager.jar:?]
	at com.st.microxplorer.plugins.projectmanager.gui.ProjectChoiceTab.updateSettings(ProjectChoiceTab.java:550) ~[filemanager.jar:?]
	at com.st.microxplorer.plugins.projectmanager.gui.ProjectSettingsPanel.UpdateDialog(ProjectSettingsPanel.java:245) ~[filemanager.jar:?]
	at com.st.microxplorer.plugins.projectmanager.ProjectManagerView.propertyChange(ProjectManagerView.java:391) ~[filemanager.jar:?]
	at java.beans.PropertyChangeSupport.fire(PropertyChangeSupport.java:343) ~[?:?]
	at java.beans.PropertyChangeSupport.firePropertyChange(PropertyChangeSupport.java:335) ~[?:?]
	at java.beans.PropertyChangeSupport.firePropertyChange(PropertyChangeSupport.java:268) ~[?:?]
	at com.st.microxplorer.util.MXPropertyChangeSupport.firePropertyChange(MXPropertyChangeSupport.java:54) ~[STM32CubeMX.jar:?]
	at com.st.microxplorer.mxsystem.MxSystem.closeConfig(MxSystem.java:900) ~[STM32CubeMX.jar:?]
	at com.st.microxplorer.maingui.MainPanel.closeConfig(MainPanel.java:781) ~[STM32CubeMX.jar:?]
	at com.st.microxplorer.plugins.filemanager.engine.OpenFileManager.loadConfigurationFile(OpenFileManager.java:265) ~[filemanager.jar:?]
	at com.st.microxplorer.plugins.filemanager.engine.MainFileManager.userLoadConfig(MainFileManager.java:352) ~[filemanager.jar:?]
	at com.st.microxplorer.plugins.filemanager.engine.MainFileManager.userLoadConfig(MainFileManager.java:330) ~[filemanager.jar:?]
	at com.st.microxplorer.plugins.filemanager.FileManagerView.getSpecificTask(FileManagerView.java:246) ~[filemanager.jar:?]
	at com.st.stm32cube.common.mx.editor.CubeMxEditor.getMxTabbedPaneInstance(CubeMxEditor.java:1198) ~[com.st.stm32cube.common.mx_6.12.1.202409122256/:?]
	at com.st.stm32cube.common.mx.editor.CubeMxEditor$12$1.createSwingComponent(CubeMxEditor.java:1068) ~[com.st.stm32cube.common.mx_6.12.1.202409122256/:?]
	at com.st.stm32cube.common.mx.oss.core.awtswtbridge.EmbeddedSwingComposite.doComponentCreation(EmbeddedSwingComposite.java:492) ~[com.st.stm32cube.common.mx.oss_6.12.1.202409122256/:?]
	at com.st.stm32cube.common.mx.oss.core.awtswtbridge.EmbeddedSwingComposite$4.run(EmbeddedSwingComposite.java:291) ~[com.st.stm32cube.common.mx.oss_6.12.1.202409122256/:?]
	at com.st.stm32cube.common.mx.oss.core.awtswtbridge.AwtEnvironment$2.run(AwtEnvironment.java:166) ~[com.st.stm32cube.common.mx.oss_6.12.1.202409122256/:?]
	at java.awt.event.InvocationEvent.dispatch(InvocationEvent.java:318) ~[?:?]
	at java.awt.EventQueue.dispatchEventImpl(EventQueue.java:773) ~[?:?]
	at java.awt.EventQueue$4.run(EventQueue.java:720) ~[?:?]
	at java.awt.EventQueue$4.run(EventQueue.java:714) ~[?:?]
	at java.security.AccessController.doPrivileged(AccessController.java:399) ~[?:?]
	at java.security.ProtectionDomain$JavaSecurityAccessImpl.doIntersectionPrivilege(ProtectionDomain.java:86) ~[?:?]
	at java.awt.EventQueue.dispatchEvent(EventQueue.java:742) ~[?:?]
	at java.awt.EventDispatchThread.pumpOneEventForFilters(EventDispatchThread.java:203) ~[?:?]
	at java.awt.EventDispatchThread.pumpEventsForFilter(EventDispatchThread.java:124) ~[?:?]
	at java.awt.EventDispatchThread.pumpEventsForHierarchy(EventDispatchThread.java:113) ~[?:?]
	at java.awt.EventDispatchThread.pumpEvents(EventDispatchThread.java:109) ~[?:?]
	at java.awt.EventDispatchThread.pumpEvents(EventDispatchThread.java:101) ~[?:?]
	at java.awt.EventDispatchThread.run(EventDispatchThread.java:90) ~[?:?]
2024-11-05 14:28:23,655 [WARN] ThirdParty:871 - waiting for thirdparty lock release [close project]
2024-11-05 14:28:23,655 [INFO] ThirdParty:873 - entering critical section [close project]
2024-11-05 14:28:23,655 [INFO] ThirdParty:883 - exiting critical section [close project]
2024-11-05 14:28:23,656 [INFO] PinOutPanel:1561 - setPackage(No Configuration,No Configuration)
2024-11-05 14:28:23,659 [INFO] UtilMem:75 - Begin LoadConfig() Used Memory: 681783104 Bytes (944766976)
2024-11-05 14:28:23,659 [INFO] MicroXplorer:468 - Change Database Path : 
2024-11-05 14:28:23,659 [INFO] MicroXplorer:498 - Change Database Version : DB.6.0.121
2024-11-05 14:28:23,660 [INFO] OpenFileManager:332 - Change cursor
2024-11-05 14:28:23,665 [INFO] Mcu:2032 - Initializing MCU STM32WL55JCIx STM32WL55JCIx STM32WL55JCI6
2024-11-05 14:28:24,105 [INFO] Context:742 - Trying to add GPIOservice into a context  which must be forbidden
2024-11-05 14:28:24,105 [INFO] Context:742 - Trying to add GPIOservice into a context  which must be forbidden
2024-11-05 14:28:24,105 [INFO] Context:742 - Trying to add GPIOservice into a context  which must be forbidden
2024-11-05 14:28:24,323 [INFO] ApiDbMcu:508 - Load IP Config File for NUCLEO-WL55JC1
2024-11-05 14:28:24,628 [INFO] RtosManager:555 - Registered RTOS mode: class=CMSIS, group=RTOS, mode=CMSIS_V1, owner=FREERTOS
2024-11-05 14:28:24,628 [INFO] RtosManager:555 - Registered RTOS mode: class=CMSIS, group=RTOS2, mode=CMSIS_V2, owner=FREERTOS
2024-11-05 14:28:24,628 [INFO] RtosManager:555 - Registered RTOS mode: class=RTOS, group=Core, mode=CMSIS_V1, owner=FREERTOS
2024-11-05 14:28:24,628 [INFO] RtosManager:555 - Registered RTOS mode: class=RTOS, group=Core, mode=CMSIS_V2, owner=FREERTOS
2024-11-05 14:28:24,628 [WARN] ModelIntegratedComponent:184 - Missing modes for component STMicroelectronics:FreeRTOS:0.0.1:STMicroelectronics:RTOS:FreeRTOS:Core:::10.2.0:
2024-11-05 14:28:24,638 [WARN] ModelIntegratedComponent:63 - No mode defined for component null
2024-11-05 14:28:24,638 [WARN] ModelIntegratedComponent:63 - No mode defined for component null
2024-11-05 14:28:24,638 [WARN] ModelIntegratedComponent:63 - No mode defined for component null
2024-11-05 14:28:24,638 [WARN] ModelIntegratedComponent:63 - No mode defined for component null
2024-11-05 14:28:24,638 [WARN] ModelIntegratedComponent:63 - No mode defined for component null
2024-11-05 14:28:24,638 [WARN] ModelIntegratedComponent:63 - No mode defined for component null
2024-11-05 14:28:24,638 [WARN] ModelIntegratedComponent:63 - No mode defined for component null
2024-11-05 14:28:24,638 [WARN] ModelIntegratedComponent:63 - No mode defined for component null
2024-11-05 14:28:24,638 [WARN] ModelIntegratedComponent:63 - No mode defined for component null
2024-11-05 14:28:24,638 [WARN] ModelIntegratedComponent:63 - No mode defined for component null
2024-11-05 14:28:24,638 [WARN] ModelIntegratedComponent:63 - No mode defined for component null
2024-11-05 14:28:24,638 [WARN] ModelIntegratedComponent:63 - No mode defined for component null
2024-11-05 14:28:24,638 [WARN] ModelIntegratedComponent:63 - No mode defined for component null
2024-11-05 14:28:24,638 [WARN] ModelIntegratedComponent:63 - No mode defined for component null
2024-11-05 14:28:24,638 [WARN] ModelIntegratedComponent:63 - No mode defined for component null
2024-11-05 14:28:24,638 [WARN] ModelIntegratedComponent:63 - No mode defined for component null
2024-11-05 14:28:24,638 [WARN] ModelIntegratedComponent:63 - No mode defined for component null
2024-11-05 14:28:24,639 [WARN] ModelIntegratedComponent:63 - No mode defined for component null
2024-11-05 14:28:24,639 [WARN] ModelIntegratedComponent:63 - No mode defined for component null
2024-11-05 14:28:24,639 [WARN] ModelIntegratedComponent:63 - No mode defined for component null
2024-11-05 14:28:24,639 [WARN] ModelIntegratedComponent:63 - No mode defined for component null
2024-11-05 14:28:24,639 [WARN] ModelIntegratedComponent:63 - No mode defined for component null
2024-11-05 14:28:24,639 [WARN] ModelIntegratedComponent:63 - No mode defined for component null
2024-11-05 14:28:24,639 [WARN] ModelIntegratedComponent:63 - No mode defined for component null
2024-11-05 14:28:24,639 [WARN] ModelIntegratedComponent:63 - No mode defined for component null
2024-11-05 14:28:24,639 [WARN] ModelIntegratedComponent:63 - No mode defined for component null
2024-11-05 14:28:24,639 [WARN] ModelIntegratedComponent:63 - No mode defined for component null
2024-11-05 14:28:24,639 [WARN] ModelIntegratedComponent:63 - No mode defined for component null
2024-11-05 14:28:24,639 [WARN] ModelIntegratedComponent:63 - No mode defined for component null
2024-11-05 14:28:24,639 [WARN] ModelIntegratedComponent:63 - No mode defined for component null
2024-11-05 14:28:24,639 [WARN] ModelIntegratedComponent:63 - No mode defined for component null
2024-11-05 14:28:24,639 [WARN] ModelIntegratedComponent:63 - No mode defined for component null
2024-11-05 14:28:24,639 [WARN] ModelIntegratedComponent:63 - No mode defined for component null
2024-11-05 14:28:24,639 [WARN] ModelIntegratedComponent:63 - No mode defined for component null
2024-11-05 14:28:24,639 [WARN] ModelIntegratedComponent:63 - No mode defined for component null
2024-11-05 14:28:24,639 [WARN] ModelPack:524 - Component already loaded: STMicroelectronics:HAL Drivers:0.0.0:STMicroelectronics:Device:STMicro_Driver:XSPI:HAL::0.0.1:HAL_XSPI
2024-11-05 14:28:24,674 [INFO] ThirdPartyModel:298 - Start build external matchings
2024-11-05 14:28:25,093 [INFO] ThirdPartyModel:316 - End build external matchings
2024-11-05 14:28:25,101 [INFO] ImportTextPane:205 - (OptionalMessage_ERROR) IP (ADC) : Parameter (NbrOfConversion) has invalid value (1)
2024-11-05 14:28:25,101 [INFO] ImportTextPane:205 - (OptionalMessage_ERROR) IP (DMA) : Parameter (Instance) has Id (USART2_TX) currently not set
2024-11-05 14:28:25,102 [INFO] ImportTextPane:205 - (OptionalMessage_ERROR) IP (DMA) : Parameter (Request) has Id (USART2_TX) currently not set
2024-11-05 14:28:25,102 [INFO] ImportTextPane:205 - (OptionalMessage_ERROR) IP (DMA) : Parameter (Direction) has Id (USART2_TX) currently not set
2024-11-05 14:28:25,102 [INFO] ImportTextPane:205 - (OptionalMessage_ERROR) IP (DMA) : Parameter (PeriphInc) has Id (USART2_TX) currently not set
2024-11-05 14:28:25,102 [INFO] ImportTextPane:205 - (OptionalMessage_ERROR) IP (DMA) : Parameter (MemInc) has Id (USART2_TX) currently not set
2024-11-05 14:28:25,102 [INFO] ImportTextPane:205 - (OptionalMessage_ERROR) IP (DMA) : Parameter (PeriphDataAlignment) has Id (USART2_TX) currently not set
2024-11-05 14:28:25,102 [INFO] ImportTextPane:205 - (OptionalMessage_ERROR) IP (DMA) : Parameter (MemDataAlignment) has Id (USART2_TX) currently not set
2024-11-05 14:28:25,102 [INFO] ImportTextPane:205 - (OptionalMessage_ERROR) IP (DMA) : Parameter (Mode) has Id (USART2_TX) currently not set
2024-11-05 14:28:25,102 [INFO] ImportTextPane:205 - (OptionalMessage_ERROR) IP (DMA) : Parameter (Priority) has Id (USART2_TX) currently not set
2024-11-05 14:28:25,102 [INFO] ImportTextPane:205 - (OptionalMessage_ERROR) IP (DMA) : Parameter (SignalID) has Id (USART2_TX) currently not set
2024-11-05 14:28:25,102 [INFO] ImportTextPane:205 - (OptionalMessage_ERROR) IP (DMA) : Parameter (Polarity) has Id (USART2_TX) currently not set
2024-11-05 14:28:25,102 [INFO] ImportTextPane:205 - (OptionalMessage_ERROR) IP (DMA) : Parameter (RequestNumber) has Id (USART2_TX) currently not set
2024-11-05 14:28:25,102 [INFO] ImportTextPane:205 - (OptionalMessage_ERROR) IP (DMA) : Parameter (SyncSignalID) has Id (USART2_TX) currently not set
2024-11-05 14:28:25,102 [INFO] ImportTextPane:205 - (OptionalMessage_ERROR) IP (DMA) : Parameter (SyncPolarity) has Id (USART2_TX) currently not set
2024-11-05 14:28:25,102 [INFO] ImportTextPane:205 - (OptionalMessage_ERROR) IP (DMA) : Parameter (SyncEnable) has Id (USART2_TX) currently not set
2024-11-05 14:28:25,102 [INFO] ImportTextPane:205 - (OptionalMessage_ERROR) IP (DMA) : Parameter (EventEnable) has Id (USART2_TX) currently not set
2024-11-05 14:28:25,102 [INFO] ImportTextPane:205 - (OptionalMessage_ERROR) IP (DMA) : Parameter (SyncRequestNumber) has Id (USART2_TX) currently not set
2024-11-05 14:28:25,102 [INFO] ImportTextPane:205 - (OptionalMessage_ERROR) IP (DMA) : Parameter (Channel_PRIV_NPRIV) has Id (USART2_TX) currently not set
2024-11-05 14:28:25,106 [INFO] ImportTextPane:205 - (OptionalMessage_ERROR) IP (RCC) : Invalid parameter (FamilyName)
2024-11-05 14:28:25,107 [WARN] IP:2191 - HourFormat not found: check if there is a RefParameter without a condition.
2024-11-05 14:28:25,107 [WARN] IP:2191 - SynchPrediv not found: check if there is a RefParameter without a condition.
2024-11-05 14:28:25,107 [WARN] IP:2191 - OutPut1 not found: check if there is a RefParameter without a condition.
2024-11-05 14:28:25,107 [WARN] IP:2191 - OutPut2 not found: check if there is a RefParameter without a condition.
2024-11-05 14:28:25,107 [WARN] IP:2191 - OutPut3 not found: check if there is a RefParameter without a condition.
2024-11-05 14:28:25,107 [WARN] IP:2191 - BinMixBcdU not found: check if there is a RefParameter without a condition.
2024-11-05 14:28:25,107 [WARN] IP:2191 - HourFormat not found: check if there is a RefParameter without a condition.
2024-11-05 14:28:25,107 [WARN] IP:2191 - SynchPrediv not found: check if there is a RefParameter without a condition.
2024-11-05 14:28:25,107 [WARN] IP:2191 - BinMixBcdU not found: check if there is a RefParameter without a condition.
2024-11-05 14:28:25,108 [WARN] IP:2191 - Hours not found: check if there is a RefParameter without a condition.
2024-11-05 14:28:25,108 [WARN] IP:2191 - Minutes not found: check if there is a RefParameter without a condition.
2024-11-05 14:28:25,108 [WARN] IP:2191 - Seconds not found: check if there is a RefParameter without a condition.
2024-11-05 14:28:25,108 [WARN] IP:2191 - TimeFormat not found: check if there is a RefParameter without a condition.
2024-11-05 14:28:25,108 [WARN] IP:2191 - DayLightSaving not found: check if there is a RefParameter without a condition.
2024-11-05 14:28:25,108 [WARN] IP:2191 - StoreOperation not found: check if there is a RefParameter without a condition.
2024-11-05 14:28:25,108 [WARN] IP:2191 - WeekDay not found: check if there is a RefParameter without a condition.
2024-11-05 14:28:25,108 [WARN] IP:2191 - Month not found: check if there is a RefParameter without a condition.
2024-11-05 14:28:25,108 [WARN] IP:2191 - Date not found: check if there is a RefParameter without a condition.
2024-11-05 14:28:25,108 [WARN] IP:2191 - Year not found: check if there is a RefParameter without a condition.
2024-11-05 14:28:25,108 [WARN] IP:2191 - HourFormat not found: check if there is a RefParameter without a condition.
2024-11-05 14:28:25,108 [WARN] IP:2191 - SynchPrediv not found: check if there is a RefParameter without a condition.
2024-11-05 14:28:25,108 [WARN] IP:2191 - OutPut1 not found: check if there is a RefParameter without a condition.
2024-11-05 14:28:25,108 [WARN] IP:2191 - OutPut2 not found: check if there is a RefParameter without a condition.
2024-11-05 14:28:25,108 [WARN] IP:2191 - OutPut3 not found: check if there is a RefParameter without a condition.
2024-11-05 14:28:25,108 [WARN] IP:2191 - BinMixBcdU not found: check if there is a RefParameter without a condition.
2024-11-05 14:28:25,108 [WARN] IP:2191 - Hours_A not found: check if there is a RefParameter without a condition.
2024-11-05 14:28:25,108 [WARN] IP:2191 - Minutes_A not found: check if there is a RefParameter without a condition.
2024-11-05 14:28:25,108 [WARN] IP:2191 - Seconds_A not found: check if there is a RefParameter without a condition.
2024-11-05 14:28:25,108 [WARN] IP:2191 - AlarmMaskDateWeekDay not found: check if there is a RefParameter without a condition.
2024-11-05 14:28:25,108 [WARN] IP:2191 - AlarmMaskHours not found: check if there is a RefParameter without a condition.
2024-11-05 14:28:25,108 [WARN] IP:2191 - AlarmMaskMinutes not found: check if there is a RefParameter without a condition.
2024-11-05 14:28:25,108 [WARN] IP:2191 - AlarmMaskSeconds not found: check if there is a RefParameter without a condition.
2024-11-05 14:28:25,108 [WARN] IP:2191 - AlarmDateWeekDaySel not found: check if there is a RefParameter without a condition.
2024-11-05 14:28:25,109 [WARN] IP:2191 - AlarmDateWeekDay not found: check if there is a RefParameter without a condition.
2024-11-05 14:28:25,109 [WARN] IP:2191 - AlarmDateWeekDayARG not found: check if there is a RefParameter without a condition.
2024-11-05 14:28:25,109 [WARN] IP:2191 - HourFormat not found: check if there is a RefParameter without a condition.
2024-11-05 14:28:25,109 [WARN] IP:2191 - SynchPrediv not found: check if there is a RefParameter without a condition.
2024-11-05 14:28:25,109 [WARN] IP:2191 - OutPut1 not found: check if there is a RefParameter without a condition.
2024-11-05 14:28:25,109 [WARN] IP:2191 - OutPut2 not found: check if there is a RefParameter without a condition.
2024-11-05 14:28:25,109 [WARN] IP:2191 - OutPut3 not found: check if there is a RefParameter without a condition.
2024-11-05 14:28:25,109 [WARN] IP:2191 - BinMixBcdU not found: check if there is a RefParameter without a condition.
2024-11-05 14:28:25,109 [WARN] IP:2191 - HourFormat not found: check if there is a RefParameter without a condition.
2024-11-05 14:28:25,109 [WARN] IP:2191 - SynchPrediv not found: check if there is a RefParameter without a condition.
2024-11-05 14:28:25,109 [WARN] IP:2191 - BinMixBcdU not found: check if there is a RefParameter without a condition.
2024-11-05 14:28:25,109 [WARN] IP:2191 - Hours not found: check if there is a RefParameter without a condition.
2024-11-05 14:28:25,109 [WARN] IP:2191 - Minutes not found: check if there is a RefParameter without a condition.
2024-11-05 14:28:25,109 [WARN] IP:2191 - Seconds not found: check if there is a RefParameter without a condition.
2024-11-05 14:28:25,109 [WARN] IP:2191 - TimeFormat not found: check if there is a RefParameter without a condition.
2024-11-05 14:28:25,109 [WARN] IP:2191 - DayLightSaving not found: check if there is a RefParameter without a condition.
2024-11-05 14:28:25,109 [WARN] IP:2191 - StoreOperation not found: check if there is a RefParameter without a condition.
2024-11-05 14:28:25,109 [WARN] IP:2191 - WeekDay not found: check if there is a RefParameter without a condition.
2024-11-05 14:28:25,109 [WARN] IP:2191 - Month not found: check if there is a RefParameter without a condition.
2024-11-05 14:28:25,109 [WARN] IP:2191 - Date not found: check if there is a RefParameter without a condition.
2024-11-05 14:28:25,109 [WARN] IP:2191 - Year not found: check if there is a RefParameter without a condition.
2024-11-05 14:28:25,202 [INFO] UtilMem:75 - End LoadConfig() Used Memory: 572780584 Bytes (944766976)
2024-11-05 14:28:25,207 [WARN] ThirdParty:833 - waiting for thirdparty lock release [change project]
2024-11-05 14:28:25,207 [INFO] ThirdParty:835 - entering critical section [change project]
2024-11-05 14:28:25,207 [INFO] ThirdParty:1030 - CMSIS Pack Vendor :STMicroelectronics USBPD 4.1
2024-11-05 14:28:25,207 [INFO] ThirdParty:1030 - CMSIS Pack Vendor :STMicroelectronics X-CUBE-AZRTOS-H7 3.3.0
2024-11-05 14:28:25,207 [INFO] ThirdParty:1030 - CMSIS Pack Vendor :STMicroelectronics X-CUBE-NFC9 1.0.0
2024-11-05 14:28:25,207 [INFO] ThirdParty:1030 - CMSIS Pack Vendor :STMicroelectronics USB_HOST 2.0.0
2024-11-05 14:28:25,207 [INFO] ThirdParty:1030 - CMSIS Pack Vendor :STMicroelectronics FP-SNS-MOTENVWB1 1.4.0
2024-11-05 14:28:25,207 [INFO] ThirdParty:1030 - CMSIS Pack Vendor :STMicroelectronics X-CUBE-AZRTOS-F4 1.1.0
2024-11-05 14:28:25,207 [INFO] ThirdParty:1030 - CMSIS Pack Vendor :STMicroelectronics LIBJPEG 8.0.0
2024-11-05 14:28:25,207 [INFO] ThirdParty:1030 - CMSIS Pack Vendor :STMicroelectronics X-CUBE-SMBUS 2.1.0
2024-11-05 14:28:25,207 [INFO] ThirdParty:1030 - CMSIS Pack Vendor :STMicroelectronics X-CUBE-WB05N 1.1.0
2024-11-05 14:28:25,207 [INFO] ThirdParty:1030 - CMSIS Pack Vendor :STMicroelectronics USB_DEVICE 3.0.0
2024-11-05 14:28:25,207 [INFO] ThirdParty:1030 - CMSIS Pack Vendor :STMicroelectronics X-CUBE-TCPP 4.1.0
2024-11-05 14:28:25,207 [INFO] ThirdParty:1030 - CMSIS Pack Vendor :STMicroelectronics X-CUBE-ISPU 2.1.0
2024-11-05 14:28:25,207 [INFO] ThirdParty:1030 - CMSIS Pack Vendor :STMicroelectronics X-CUBE-FREERTOS 1.2.0
2024-11-05 14:28:25,207 [INFO] ThirdParty:1030 - CMSIS Pack Vendor :STMicroelectronics X-CUBE-IPS 3.0.0
2024-11-05 14:28:25,207 [INFO] ThirdParty:1030 - CMSIS Pack Vendor :STMicroelectronics X-CUBE-AZRTOS-WB 2.0.0
2024-11-05 14:28:25,207 [INFO] ThirdParty:1030 - CMSIS Pack Vendor :STMicroelectronics X-CUBE-GNSS1 7.0.0
2024-11-05 14:28:25,207 [INFO] ThirdParty:1030 - CMSIS Pack Vendor :STMicroelectronics X-CUBE-AZRTOS-F7 1.1.0
2024-11-05 14:28:25,207 [INFO] ThirdParty:1030 - CMSIS Pack Vendor :STMicroelectronics X-CUBE-AZRTOS-L5 2.0.0
2024-11-05 14:28:25,207 [INFO] ThirdParty:1030 - CMSIS Pack Vendor :STMicroelectronics USB_DEVICE 2.0.0
2024-11-05 14:28:25,207 [INFO] ThirdParty:1030 - CMSIS Pack Vendor :STMicroelectronics X-CUBE-NFC6 3.1.0
2024-11-05 14:28:25,207 [INFO] ThirdParty:1030 - CMSIS Pack Vendor :STMicroelectronics FP-SNS-STBOX1 2.0.0
2024-11-05 14:28:25,207 [INFO] ThirdParty:1030 - CMSIS Pack Vendor :STMicroelectronics X-CUBE-MEMS1 11.0.0
2024-11-05 14:28:25,207 [INFO] ThirdParty:1030 - CMSIS Pack Vendor :STMicroelectronics FreeRTOS 0.0.1
2024-11-05 14:28:25,207 [INFO] ThirdParty:1030 - CMSIS Pack Vendor :STMicroelectronics X-CUBE-AZRTOS-G0 1.1.0
2024-11-05 14:28:25,207 [INFO] ThirdParty:1030 - CMSIS Pack Vendor :STMicroelectronics X-CUBE-SAFEA1 1.2.2
2024-11-05 14:28:25,207 [INFO] ThirdParty:1030 - CMSIS Pack Vendor :STMicroelectronics X-CUBE-NFC4 3.0.0
2024-11-05 14:28:25,207 [INFO] ThirdParty:1030 - CMSIS Pack Vendor :STMicroelectronics X-CUBE-DPower 1.2.0
2024-11-05 14:28:25,207 [INFO] ThirdParty:1030 - CMSIS Pack Vendor :STMicroelectronics X-CUBE-SUBG2 5.0.0
2024-11-05 14:28:25,207 [INFO] ThirdParty:1030 - CMSIS Pack Vendor :STMicroelectronics STM32_WPAN 1.0.0
2024-11-05 14:28:25,207 [INFO] ThirdParty:1030 - CMSIS Pack Vendor :EmbeddedOffice I-CUBE-FS-RTOS 1.0.1
2024-11-05 14:28:25,207 [INFO] ThirdParty:1030 - CMSIS Pack Vendor :STMicroelectronics lwIP 2.0.3
2024-11-05 14:28:25,207 [INFO] ThirdParty:1030 - CMSIS Pack Vendor :STMicroelectronics FP-SNS-FLIGHT1 5.0.2
2024-11-05 14:28:25,207 [INFO] ThirdParty:1030 - CMSIS Pack Vendor :Cesanta I-CUBE-Mongoose 7.13.0
2024-11-05 14:28:25,207 [INFO] ThirdParty:1030 - CMSIS Pack Vendor :STMicroelectronics USB_HOST 1.0.0
2024-11-05 14:28:25,207 [INFO] ThirdParty:1030 - CMSIS Pack Vendor :STMicroelectronics X-CUBE-AI 9.0.0
2024-11-05 14:28:25,207 [INFO] ThirdParty:1030 - CMSIS Pack Vendor :STMicroelectronics X-CUBE-AZRTOS-G4 2.0.0
2024-11-05 14:28:25,207 [INFO] ThirdParty:1030 - CMSIS Pack Vendor :STMicroelectronics PDM2PCM 3.1.0
2024-11-05 14:28:25,207 [INFO] ThirdParty:1030 - CMSIS Pack Vendor :STMicroelectronics PDM2PCM 3.3.0
2024-11-05 14:28:25,207 [INFO] ThirdParty:1030 - CMSIS Pack Vendor :STMicroelectronics X-CUBE-DISPLAY 3.0.0
2024-11-05 14:28:25,207 [INFO] ThirdParty:1030 - CMSIS Pack Vendor :RealThread X-CUBE-RT-Thread_Nano 4.1.1
2024-11-05 14:28:25,207 [INFO] ThirdParty:1030 - CMSIS Pack Vendor :STMicroelectronics X-CUBE-BLE1 7.0.0
2024-11-05 14:28:25,208 [INFO] ThirdParty:1030 - CMSIS Pack Vendor :STMicroelectronics FP-ATR-SIGFOX1 3.2.0
2024-11-05 14:28:25,208 [INFO] ThirdParty:1030 - CMSIS Pack Vendor :STMicroelectronics X-CUBE-NFC10 1.0.0
2024-11-05 14:28:25,208 [INFO] ThirdParty:1030 - CMSIS Pack Vendor :wolfSSL I-CUBE-wolfSSL 5.7.2
2024-11-05 14:28:25,208 [INFO] ThirdParty:1030 - CMSIS Pack Vendor :STMicroelectronics X-CUBE-EEPRMA1 5.1.0
2024-11-05 14:28:25,208 [INFO] ThirdParty:1030 - CMSIS Pack Vendor :STMicroelectronics HAL Drivers 0.0.0
2024-11-05 14:28:25,208 [INFO] ThirdParty:1030 - CMSIS Pack Vendor :STMicroelectronics MBEDTLS 2.16.2
2024-11-05 14:28:25,208 [INFO] ThirdParty:1030 - CMSIS Pack Vendor :STMicroelectronics X-CUBE-ALS 1.0.2
2024-11-05 14:28:25,208 [INFO] ThirdParty:1030 - CMSIS Pack Vendor :emotas I-CUBE-CANOPEN 1.3.0
2024-11-05 14:28:25,208 [INFO] ThirdParty:1030 - CMSIS Pack Vendor :STMicroelectronics X-CUBE-NFC7 1.0.1
2024-11-05 14:28:25,208 [INFO] ThirdParty:1030 - CMSIS Pack Vendor :STMicroelectronics MBEDTLS 2.14.1
2024-11-05 14:28:25,208 [INFO] ThirdParty:1030 - CMSIS Pack Vendor :ITTIA_DB I-CUBE-ITTIADB 8.9.0
2024-11-05 14:28:25,208 [INFO] ThirdParty:1030 - CMSIS Pack Vendor :STMicroelectronics X-CUBE-TOUCHGFX 4.24.1
2024-11-05 14:28:25,208 [INFO] ThirdParty:1030 - CMSIS Pack Vendor :wolfSSL I-CUBE-wolfTPM 3.4.0
2024-11-05 14:28:25,208 [INFO] ThirdParty:1030 - CMSIS Pack Vendor :portGmbH I-Cube-SoM-uGOAL 1.1.0
2024-11-05 14:28:25,208 [INFO] ThirdParty:1030 - CMSIS Pack Vendor :STMicroelectronics X-CUBE-BLEMGR 3.1.0
2024-11-05 14:28:25,208 [INFO] ThirdParty:1030 - CMSIS Pack Vendor :STMicroelectronics ThreadX 1.0.0
2024-11-05 14:28:25,208 [INFO] ThirdParty:1030 - CMSIS Pack Vendor :STMicroelectronics FP-SNS-SMARTAG2 1.2.0
2024-11-05 14:28:25,208 [INFO] ThirdParty:1030 - CMSIS Pack Vendor :STMicroelectronics X-CUBE-AZRTOS-WL 2.0.0
2024-11-05 14:28:25,208 [INFO] ThirdParty:1030 - CMSIS Pack Vendor :SEGGER I-CUBE-embOS 1.3.1
2024-11-05 14:28:25,208 [INFO] ThirdParty:1030 - CMSIS Pack Vendor :STMicroelectronics X-CUBE-ALGOBUILD 1.4.0
2024-11-05 14:28:25,208 [INFO] ThirdParty:1030 - CMSIS Pack Vendor :STMicroelectronics FP-SNS-MOTENV1 5.0.0
2024-11-05 14:28:25,208 [INFO] ThirdParty:1030 - CMSIS Pack Vendor :STMicroelectronics USB_DEVICE 1.0.0
2024-11-05 14:28:25,208 [INFO] ThirdParty:1030 - CMSIS Pack Vendor :STMicroelectronics X-CUBE-AZRTOS-H7RS 1.0.0
2024-11-05 14:28:25,208 [INFO] ThirdParty:1030 - CMSIS Pack Vendor :wolfSSL I-CUBE-wolfMQTT 1.19.0
2024-11-05 14:28:25,208 [INFO] ThirdParty:1030 - CMSIS Pack Vendor :STMicroelectronics X-CUBE-AZRTOS-L4 2.0.0
2024-11-05 14:28:25,208 [INFO] ThirdParty:1030 - CMSIS Pack Vendor :STMicroelectronics ThreadX 0.0.2
2024-11-05 14:28:25,208 [INFO] ThirdParty:1030 - CMSIS Pack Vendor :WES I-CUBE-Cesium 1.3.0
2024-11-05 14:28:25,208 [INFO] ThirdParty:1030 - CMSIS Pack Vendor :STMicroelectronics FP-ATR-ASTRA1 2.0.0
2024-11-05 14:28:25,208 [INFO] ThirdParty:1030 - CMSIS Pack Vendor :STMicroelectronics lwIP 2.1.2
2024-11-05 14:28:25,208 [INFO] ThirdParty:1030 - CMSIS Pack Vendor :STMicroelectronics X-CUBE-SFXS2LP1 4.0.0
2024-11-05 14:28:25,208 [INFO] ThirdParty:1030 - CMSIS Pack Vendor :STMicroelectronics X-CUBE-BLE2 3.3.0
2024-11-05 14:28:25,208 [INFO] ThirdParty:1030 - CMSIS Pack Vendor :STMicroelectronics X-CUBE-TOF1 3.4.2
2024-11-05 14:28:25,208 [INFO] ThirdParty:1030 - CMSIS Pack Vendor :STMicroelectronics X-CUBE-AI 9.1.0
2024-11-05 14:28:25,208 [INFO] ThirdParty:1030 - CMSIS Pack Vendor :Infineon AIROC-Wi-Fi-Bluetooth-STM32 1.6.1
2024-11-05 14:28:25,208 [INFO] ThirdParty:1030 - CMSIS Pack Vendor :STMicroelectronics PDM2PCM 3.2.0
2024-11-05 14:28:25,208 [INFO] ThirdParty:1030 - CMSIS Pack Vendor :wolfSSL I-CUBE-wolfSSH 1.4.17
2024-11-05 14:28:25,208 [INFO] ThirdParty:841 - exiting critical section [change project]
2024-11-05 14:28:25,313 [INFO] PinOutPanel:1561 - setPackage(No Configuration,No Configuration)
2024-11-05 14:28:25,313 [INFO] PinOutPanel:1561 - setPackage(STM32WL55JCIx,UFBGA73)
2024-11-05 14:28:25,452 [INFO] UtilMem:75 - Before build in PCC Used Memory: 695709032 Bytes (944766976)
2024-11-05 14:28:25,641 [INFO] UtilMem:75 - After build in PCC Used Memory: 776449384 Bytes (944766976)
2024-11-05 14:28:25,660 [INFO] ApiDbMcu:508 - Load IP Config File for LoRaWAN
2024-11-05 14:28:25,661 [INFO] Middleware:612 - instanceName : LORAWAN bspName : USART check condition failed for : SEM_LORA_AT_SLAVE
2024-11-05 14:28:25,661 [INFO] Middleware:617 - instanceName : LORAWAN bspName : USART check condition success for : SEM_LORA_END_NODE  | SEM_LORA_USE_UART
2024-11-05 14:28:25,661 [INFO] Middleware:617 - instanceName : LORAWAN bspName : ADC check condition success for : !SEM_LORA_USER_APPLICATION | SEM_LORA_USE_ADC
2024-11-05 14:28:25,661 [INFO] Middleware:617 - instanceName : LORAWAN bspName : RTC check condition success for : !SEM_LORA_USER_APPLICATION | SEM_LORA_USE_RTC
2024-11-05 14:28:25,661 [INFO] Middleware:617 - instanceName : LORAWAN bspName : Debug Line 1 check condition success for : SEM_PROBE_LINE_FOR_LORA
2024-11-05 14:28:25,661 [INFO] Middleware:617 - instanceName : LORAWAN bspName : Debug Line 2 check condition success for : SEM_PROBE_LINE_FOR_LORA
2024-11-05 14:28:25,661 [INFO] Middleware:617 - instanceName : LORAWAN bspName : Debug Line 3 check condition success for : SEM_PROBE_LINE_FOR_LORA
2024-11-05 14:28:25,661 [INFO] Middleware:617 - instanceName : LORAWAN bspName : Debug Line 4 check condition success for : SEM_PROBE_LINE_FOR_LORA
2024-11-05 14:28:25,679 [INFO] IPUIPlugin:80 - create IPUIPlugin
2024-11-05 14:28:25,679 [INFO] IPUIPlugin:80 - create IPUIPlugin
2024-11-05 14:28:25,679 [INFO] IPUIPlugin:80 - create IPUIPlugin
2024-11-05 14:28:25,679 [INFO] IPUIPlugin:80 - create IPUIPlugin
2024-11-05 14:28:25,679 [INFO] IPUIPlugin:80 - create IPUIPlugin
2024-11-05 14:28:25,679 [INFO] IPUIPlugin:80 - create IPUIPlugin
2024-11-05 14:28:25,679 [INFO] IPUIPlugin:80 - create IPUIPlugin
2024-11-05 14:28:25,680 [INFO] IPUIPlugin:80 - create IPUIPlugin
2024-11-05 14:28:25,680 [INFO] IPUIPlugin:80 - create IPUIPlugin
2024-11-05 14:28:25,680 [INFO] IPUIPlugin:80 - create IPUIPlugin
2024-11-05 14:28:25,680 [INFO] IPUIPlugin:80 - create IPUIPlugin
2024-11-05 14:28:25,680 [INFO] IPUIPlugin:80 - create IPUIPlugin
2024-11-05 14:28:25,680 [INFO] IPUIPlugin:80 - create IPUIPlugin
2024-11-05 14:28:25,680 [INFO] IPUIPlugin:80 - create IPUIPlugin
2024-11-05 14:28:25,680 [INFO] IPUIPlugin:80 - create IPUIPlugin
2024-11-05 14:28:25,680 [INFO] IPUIPlugin:80 - create IPUIPlugin
2024-11-05 14:28:25,680 [INFO] IPUIPlugin:80 - create IPUIPlugin
2024-11-05 14:28:25,681 [INFO] IPUIPlugin:80 - create IPUIPlugin
2024-11-05 14:28:25,681 [INFO] IPUIPlugin:80 - create IPUIPlugin
2024-11-05 14:28:25,681 [INFO] IPUIPlugin:80 - create IPUIPlugin
2024-11-05 14:28:25,681 [INFO] IPUIPlugin:80 - create IPUIPlugin
2024-11-05 14:28:25,681 [INFO] IPUIPlugin:80 - create IPUIPlugin
2024-11-05 14:28:25,681 [INFO] IPUIPlugin:80 - create IPUIPlugin
2024-11-05 14:28:25,681 [INFO] IPUIPlugin:80 - create IPUIPlugin
2024-11-05 14:28:25,682 [INFO] IPUIPlugin:80 - create IPUIPlugin
2024-11-05 14:28:25,682 [INFO] IPUIPlugin:80 - create IPUIPlugin
2024-11-05 14:28:25,682 [INFO] IPUIPlugin:80 - create IPUIPlugin
2024-11-05 14:28:25,682 [INFO] IPUIPlugin:80 - create IPUIPlugin
2024-11-05 14:28:25,682 [INFO] IPUIPlugin:80 - create IPUIPlugin
2024-11-05 14:28:25,682 [INFO] IPUIPlugin:80 - create IPUIPlugin
2024-11-05 14:28:25,683 [INFO] IPUIPlugin:80 - create IPUIPlugin
2024-11-05 14:28:25,683 [INFO] IPUIPlugin:80 - create IPUIPlugin
2024-11-05 14:28:25,683 [INFO] IPUIPlugin:80 - create IPUIPlugin
2024-11-05 14:28:25,683 [INFO] IPUIPlugin:80 - create IPUIPlugin
2024-11-05 14:28:25,683 [INFO] IPUIPlugin:80 - create IPUIPlugin
2024-11-05 14:28:25,684 [INFO] IPUIPlugin:80 - create IPUIPlugin
2024-11-05 14:28:25,684 [INFO] IPUIPlugin:80 - create IPUIPlugin
2024-11-05 14:28:25,684 [INFO] IPUIPlugin:80 - create IPUIPlugin
2024-11-05 14:28:25,684 [INFO] IPUIPlugin:80 - create IPUIPlugin
2024-11-05 14:28:25,685 [INFO] IPUIPlugin:80 - create IPUIPlugin
2024-11-05 14:28:25,685 [INFO] IPUIPlugin:80 - create IPUIPlugin
2024-11-05 14:28:25,685 [INFO] IPUIPlugin:80 - create IPUIPlugin
2024-11-05 14:28:25,685 [INFO] IPUIPlugin:80 - create IPUIPlugin
2024-11-05 14:28:25,685 [INFO] IPUIPlugin:80 - create IPUIPlugin
2024-11-05 14:28:25,686 [INFO] IPUIPlugin:80 - create IPUIPlugin
2024-11-05 14:28:25,686 [INFO] IPUIPlugin:80 - create IPUIPlugin
2024-11-05 14:28:25,686 [INFO] IPUIPlugin:80 - create IPUIPlugin
2024-11-05 14:28:25,686 [INFO] IPUIPlugin:80 - create IPUIPlugin
2024-11-05 14:28:25,687 [INFO] IPUIPlugin:80 - create IPUIPlugin
2024-11-05 14:28:25,687 [INFO] IPUIPlugin:80 - create IPUIPlugin
2024-11-05 14:28:25,687 [INFO] IPUIPlugin:80 - create IPUIPlugin
2024-11-05 14:28:25,705 [INFO] CADModel:165 - CPN selected for project levelSTM32WL55JCI6
2024-11-05 14:28:25,705 [INFO] CADModel:114 - Register for checkConnection events
2024-11-05 14:28:25,756 [INFO] OpenFileManager:363 - Restore cursor
2024-11-05 14:28:25,981 [WARN] IP:2191 - HourFormat not found: check if there is a RefParameter without a condition.
2024-11-05 14:28:25,981 [WARN] IP:2191 - SynchPrediv not found: check if there is a RefParameter without a condition.
2024-11-05 14:28:25,981 [WARN] IP:2191 - OutPut1 not found: check if there is a RefParameter without a condition.
2024-11-05 14:28:25,981 [WARN] IP:2191 - OutPut2 not found: check if there is a RefParameter without a condition.
2024-11-05 14:28:25,981 [WARN] IP:2191 - OutPut3 not found: check if there is a RefParameter without a condition.
2024-11-05 14:28:25,981 [WARN] IP:2191 - BinMixBcdU not found: check if there is a RefParameter without a condition.
2024-11-05 14:28:25,981 [WARN] IP:2191 - HourFormat not found: check if there is a RefParameter without a condition.
2024-11-05 14:28:25,981 [WARN] IP:2191 - SynchPrediv not found: check if there is a RefParameter without a condition.
2024-11-05 14:28:25,981 [WARN] IP:2191 - BinMixBcdU not found: check if there is a RefParameter without a condition.
2024-11-05 14:28:25,981 [WARN] IP:2191 - Hours not found: check if there is a RefParameter without a condition.
2024-11-05 14:28:25,981 [WARN] IP:2191 - Minutes not found: check if there is a RefParameter without a condition.
2024-11-05 14:28:25,981 [WARN] IP:2191 - Seconds not found: check if there is a RefParameter without a condition.
2024-11-05 14:28:25,981 [WARN] IP:2191 - TimeFormat not found: check if there is a RefParameter without a condition.
2024-11-05 14:28:25,982 [WARN] IP:2191 - DayLightSaving not found: check if there is a RefParameter without a condition.
2024-11-05 14:28:25,982 [WARN] IP:2191 - StoreOperation not found: check if there is a RefParameter without a condition.
2024-11-05 14:28:25,982 [WARN] IP:2191 - WeekDay not found: check if there is a RefParameter without a condition.
2024-11-05 14:28:25,982 [WARN] IP:2191 - Month not found: check if there is a RefParameter without a condition.
2024-11-05 14:28:25,982 [WARN] IP:2191 - Date not found: check if there is a RefParameter without a condition.
2024-11-05 14:28:25,982 [WARN] IP:2191 - Year not found: check if there is a RefParameter without a condition.
2024-11-05 14:28:25,982 [WARN] IP:2191 - HourFormat not found: check if there is a RefParameter without a condition.
2024-11-05 14:28:25,982 [WARN] IP:2191 - SynchPrediv not found: check if there is a RefParameter without a condition.
2024-11-05 14:28:25,982 [WARN] IP:2191 - OutPut1 not found: check if there is a RefParameter without a condition.
2024-11-05 14:28:25,982 [WARN] IP:2191 - OutPut2 not found: check if there is a RefParameter without a condition.
2024-11-05 14:28:25,982 [WARN] IP:2191 - OutPut3 not found: check if there is a RefParameter without a condition.
2024-11-05 14:28:25,982 [WARN] IP:2191 - BinMixBcdU not found: check if there is a RefParameter without a condition.
2024-11-05 14:28:25,982 [WARN] IP:2191 - Hours_A not found: check if there is a RefParameter without a condition.
2024-11-05 14:28:25,982 [WARN] IP:2191 - Minutes_A not found: check if there is a RefParameter without a condition.
2024-11-05 14:28:25,982 [WARN] IP:2191 - Seconds_A not found: check if there is a RefParameter without a condition.
2024-11-05 14:28:25,982 [WARN] IP:2191 - AlarmMaskDateWeekDay not found: check if there is a RefParameter without a condition.
2024-11-05 14:28:25,982 [WARN] IP:2191 - AlarmMaskHours not found: check if there is a RefParameter without a condition.
2024-11-05 14:28:25,982 [WARN] IP:2191 - AlarmMaskMinutes not found: check if there is a RefParameter without a condition.
2024-11-05 14:28:25,982 [WARN] IP:2191 - AlarmMaskSeconds not found: check if there is a RefParameter without a condition.
2024-11-05 14:28:25,982 [WARN] IP:2191 - AlarmDateWeekDaySel not found: check if there is a RefParameter without a condition.
2024-11-05 14:28:25,982 [WARN] IP:2191 - AlarmDateWeekDay not found: check if there is a RefParameter without a condition.
2024-11-05 14:28:25,982 [WARN] IP:2191 - AlarmDateWeekDayARG not found: check if there is a RefParameter without a condition.
2024-11-05 14:28:25,982 [WARN] IP:2191 - HourFormat not found: check if there is a RefParameter without a condition.
2024-11-05 14:28:25,982 [WARN] IP:2191 - SynchPrediv not found: check if there is a RefParameter without a condition.
2024-11-05 14:28:25,983 [WARN] IP:2191 - OutPut1 not found: check if there is a RefParameter without a condition.
2024-11-05 14:28:25,983 [WARN] IP:2191 - OutPut2 not found: check if there is a RefParameter without a condition.
2024-11-05 14:28:25,983 [WARN] IP:2191 - OutPut3 not found: check if there is a RefParameter without a condition.
2024-11-05 14:28:25,983 [WARN] IP:2191 - BinMixBcdU not found: check if there is a RefParameter without a condition.
2024-11-05 14:28:25,983 [WARN] IP:2191 - HourFormat not found: check if there is a RefParameter without a condition.
2024-11-05 14:28:25,983 [WARN] IP:2191 - SynchPrediv not found: check if there is a RefParameter without a condition.
2024-11-05 14:28:25,983 [WARN] IP:2191 - BinMixBcdU not found: check if there is a RefParameter without a condition.
2024-11-05 14:28:25,983 [WARN] IP:2191 - Hours not found: check if there is a RefParameter without a condition.
2024-11-05 14:28:25,983 [WARN] IP:2191 - Minutes not found: check if there is a RefParameter without a condition.
2024-11-05 14:28:25,983 [WARN] IP:2191 - Seconds not found: check if there is a RefParameter without a condition.
2024-11-05 14:28:25,983 [WARN] IP:2191 - TimeFormat not found: check if there is a RefParameter without a condition.
2024-11-05 14:28:25,983 [WARN] IP:2191 - DayLightSaving not found: check if there is a RefParameter without a condition.
2024-11-05 14:28:25,983 [WARN] IP:2191 - StoreOperation not found: check if there is a RefParameter without a condition.
2024-11-05 14:28:25,983 [WARN] IP:2191 - WeekDay not found: check if there is a RefParameter without a condition.
2024-11-05 14:28:25,983 [WARN] IP:2191 - Month not found: check if there is a RefParameter without a condition.
2024-11-05 14:28:25,983 [WARN] IP:2191 - Date not found: check if there is a RefParameter without a condition.
2024-11-05 14:28:25,983 [WARN] IP:2191 - Year not found: check if there is a RefParameter without a condition.
2024-11-05 14:28:25,983 [WARN] IP:2191 - HourFormat not found: check if there is a RefParameter without a condition.
2024-11-05 14:28:25,983 [WARN] IP:2191 - SynchPrediv not found: check if there is a RefParameter without a condition.
2024-11-05 14:28:25,983 [WARN] IP:2191 - OutPut1 not found: check if there is a RefParameter without a condition.
2024-11-05 14:28:25,983 [WARN] IP:2191 - OutPut2 not found: check if there is a RefParameter without a condition.
2024-11-05 14:28:25,983 [WARN] IP:2191 - OutPut3 not found: check if there is a RefParameter without a condition.
2024-11-05 14:28:25,983 [WARN] IP:2191 - BinMixBcdU not found: check if there is a RefParameter without a condition.
2024-11-05 14:28:25,983 [WARN] IP:2191 - Hours_A not found: check if there is a RefParameter without a condition.
2024-11-05 14:28:25,983 [WARN] IP:2191 - Minutes_A not found: check if there is a RefParameter without a condition.
2024-11-05 14:28:25,983 [WARN] IP:2191 - Seconds_A not found: check if there is a RefParameter without a condition.
2024-11-05 14:28:25,984 [WARN] IP:2191 - AlarmMaskDateWeekDay not found: check if there is a RefParameter without a condition.
2024-11-05 14:28:25,984 [WARN] IP:2191 - AlarmMaskHours not found: check if there is a RefParameter without a condition.
2024-11-05 14:28:25,984 [WARN] IP:2191 - AlarmMaskMinutes not found: check if there is a RefParameter without a condition.
2024-11-05 14:28:25,984 [WARN] IP:2191 - AlarmMaskSeconds not found: check if there is a RefParameter without a condition.
2024-11-05 14:28:25,984 [WARN] IP:2191 - AlarmDateWeekDaySel not found: check if there is a RefParameter without a condition.
2024-11-05 14:28:25,984 [WARN] IP:2191 - AlarmDateWeekDay not found: check if there is a RefParameter without a condition.
2024-11-05 14:28:25,984 [WARN] IP:2191 - AlarmDateWeekDayARG not found: check if there is a RefParameter without a condition.
2024-11-05 14:28:26,002 [INFO] Middleware:612 - instanceName : LORAWAN bspName : USART check condition failed for : SEM_LORA_AT_SLAVE
2024-11-05 14:28:26,002 [INFO] Middleware:617 - instanceName : LORAWAN bspName : USART check condition success for : SEM_LORA_END_NODE  | SEM_LORA_USE_UART
2024-11-05 14:28:26,002 [INFO] Middleware:617 - instanceName : LORAWAN bspName : ADC check condition success for : !SEM_LORA_USER_APPLICATION | SEM_LORA_USE_ADC
2024-11-05 14:28:26,002 [INFO] Middleware:617 - instanceName : LORAWAN bspName : RTC check condition success for : !SEM_LORA_USER_APPLICATION | SEM_LORA_USE_RTC
2024-11-05 14:28:26,002 [INFO] Middleware:617 - instanceName : LORAWAN bspName : Debug Line 1 check condition success for : SEM_PROBE_LINE_FOR_LORA
2024-11-05 14:28:26,002 [INFO] Middleware:617 - instanceName : LORAWAN bspName : Debug Line 2 check condition success for : SEM_PROBE_LINE_FOR_LORA
2024-11-05 14:28:26,002 [INFO] Middleware:617 - instanceName : LORAWAN bspName : Debug Line 3 check condition success for : SEM_PROBE_LINE_FOR_LORA
2024-11-05 14:28:26,002 [INFO] Middleware:617 - instanceName : LORAWAN bspName : Debug Line 4 check condition success for : SEM_PROBE_LINE_FOR_LORA
2024-11-05 15:01:06,876 [INFO] WebApp:189 - Connection lost
2024-11-05 15:01:07,502 [INFO] WebApp:186 - Connection restablished
2024-11-05 15:26:09,563 [INFO] WebApp:189 - Connection lost
2024-11-05 15:26:10,258 [INFO] WebApp:186 - Connection restablished
2024-11-05 15:57:02,062 [INFO] WebApp:189 - Connection lost
2024-11-05 15:57:02,280 [INFO] WebApp:186 - Connection restablished
2024-11-05 16:22:04,857 [INFO] WebApp:189 - Connection lost
2024-11-05 16:22:05,531 [INFO] WebApp:186 - Connection restablished
2024-11-05 16:58:04,553 [INFO] I2cTimingTraitement:330 - 0x10805D88
2024-11-05 16:58:48,884 [INFO] NvicIntPanel:101 - NVIC parent = com.st.microxplorer.plugins.ip.nvic.MultiNvicIntPanel[,0,0,552x216,layout=javax.swing.BoxLayout,alignmentX=0.0,alignmentY=0.0,border=,flags=9,maximumSize=,minimumSize=,preferredSize=]
2024-11-05 16:58:51,288 [INFO] NvicIntPanel:101 - NVIC parent = com.st.microxplorer.plugins.ip.nvic.MultiNvicIntPanel[,0,0,0x0,invalid,layout=javax.swing.BoxLayout,alignmentX=0.0,alignmentY=0.0,border=,flags=9,maximumSize=,minimumSize=,preferredSize=]
2024-11-05 16:58:51,308 [WARN] IpParametersView:151 - Warning: This peripheral hasn't parameters
2024-11-05 16:58:51,328 [WARN] IpParametersView:151 - Warning: This peripheral hasn't parameters
2024-11-05 16:58:51,334 [WARN] IpParametersView:151 - Warning: This peripheral hasn't parameters
2024-11-05 16:58:51,340 [INFO] Middleware:612 - instanceName : LORAWAN bspName : USART check condition failed for : SEM_LORA_AT_SLAVE
2024-11-05 16:58:51,340 [INFO] Middleware:617 - instanceName : LORAWAN bspName : USART check condition success for : SEM_LORA_END_NODE  | SEM_LORA_USE_UART
2024-11-05 16:58:51,340 [INFO] Middleware:617 - instanceName : LORAWAN bspName : ADC check condition success for : !SEM_LORA_USER_APPLICATION | SEM_LORA_USE_ADC
2024-11-05 16:58:51,340 [INFO] Middleware:617 - instanceName : LORAWAN bspName : RTC check condition success for : !SEM_LORA_USER_APPLICATION | SEM_LORA_USE_RTC
2024-11-05 16:58:51,340 [INFO] Middleware:617 - instanceName : LORAWAN bspName : Debug Line 1 check condition success for : SEM_PROBE_LINE_FOR_LORA
2024-11-05 16:58:51,340 [INFO] Middleware:617 - instanceName : LORAWAN bspName : Debug Line 2 check condition success for : SEM_PROBE_LINE_FOR_LORA
2024-11-05 16:58:51,340 [INFO] Middleware:617 - instanceName : LORAWAN bspName : Debug Line 3 check condition success for : SEM_PROBE_LINE_FOR_LORA
2024-11-05 16:58:51,340 [INFO] Middleware:617 - instanceName : LORAWAN bspName : Debug Line 4 check condition success for : SEM_PROBE_LINE_FOR_LORA
2024-11-05 16:59:13,592 [INFO] NvicIntPanel:101 - NVIC parent = com.st.microxplorer.plugins.ip.nvic.MultiNvicIntPanel[,0,0,0x0,invalid,layout=javax.swing.BoxLayout,alignmentX=0.0,alignmentY=0.0,border=,flags=9,maximumSize=,minimumSize=,preferredSize=]
2024-11-05 16:59:18,305 [INFO] UtilMem:75 - End SaveConfig() Used Memory: 328356512 Bytes (916455424)
2024-11-05 16:59:19,627 [INFO] UtilMem:75 - End SaveConfig() Used Memory: 324189328 Bytes (916455424)
2024-11-05 16:59:21,525 [INFO] UtilMem:75 - End SaveConfig() Used Memory: 393395344 Bytes (916455424)
2024-11-05 16:59:21,598 [INFO] BlockDiagram:2766 - set Specific Code input for plugin: ADC
2024-11-05 16:59:21,598 [INFO] BlockDiagram:2766 - set Specific Code input for plugin: SEQUENCER
2024-11-05 16:59:21,598 [INFO] BlockDiagram:2766 - set Specific Code input for plugin: ADV_TRACE
2024-11-05 16:59:21,598 [INFO] BlockDiagram:2766 - set Specific Code input for plugin: SUBGHZ
2024-11-05 16:59:21,598 [INFO] BlockDiagram:2766 - set Specific Code input for plugin: SYS
2024-11-05 16:59:21,598 [INFO] BlockDiagram:2766 - set Specific Code input for plugin: RCC
2024-11-05 16:59:21,598 [INFO] BlockDiagram:2766 - set Specific Code input for plugin: I2C
2024-11-05 16:59:21,599 [INFO] BlockDiagram:2766 - set Specific Code input for plugin: TINY_LPM
2024-11-05 16:59:21,599 [INFO] BlockDiagram:2766 - set Specific Code input for plugin: RTC
2024-11-05 16:59:21,599 [INFO] BlockDiagram:2766 - set Specific Code input for plugin: NVIC
2024-11-05 16:59:21,599 [INFO] BlockDiagram:2766 - set Specific Code input for plugin: MISC
2024-11-05 16:59:21,599 [INFO] BlockDiagram:2766 - set Specific Code input for plugin: USART
2024-11-05 16:59:21,599 [INFO] BlockDiagram:2766 - set Specific Code input for plugin: LoRaWAN
2024-11-05 16:59:21,599 [INFO] BlockDiagram:2766 - set Specific Code input for plugin: DMA
2024-11-05 16:59:21,599 [INFO] BlockDiagram:2766 - set Specific Code input for plugin: TIMER
2024-11-05 16:59:21,599 [INFO] BlockDiagram:2766 - set Specific Code input for plugin: GPIO
2024-11-05 16:59:21,600 [INFO] CodeGenerator:807 - code generatio: config db path: /home/ante/st/stm32cubeide_1.16.1/plugins/com.st.stm32cube.common.mx_6.12.1.202409122256//db/
2024-11-05 16:59:21,614 [WARN] IP:2191 - HourFormat not found: check if there is a RefParameter without a condition.
2024-11-05 16:59:21,615 [WARN] IP:2191 - SynchPrediv not found: check if there is a RefParameter without a condition.
2024-11-05 16:59:21,615 [WARN] IP:2191 - OutPut1 not found: check if there is a RefParameter without a condition.
2024-11-05 16:59:21,615 [WARN] IP:2191 - OutPut2 not found: check if there is a RefParameter without a condition.
2024-11-05 16:59:21,615 [WARN] IP:2191 - OutPut3 not found: check if there is a RefParameter without a condition.
2024-11-05 16:59:21,615 [WARN] IP:2191 - BinMixBcdU not found: check if there is a RefParameter without a condition.
2024-11-05 16:59:21,615 [WARN] IP:2191 - HourFormat not found: check if there is a RefParameter without a condition.
2024-11-05 16:59:21,615 [WARN] IP:2191 - SynchPrediv not found: check if there is a RefParameter without a condition.
2024-11-05 16:59:21,615 [WARN] IP:2191 - BinMixBcdU not found: check if there is a RefParameter without a condition.
2024-11-05 16:59:21,615 [WARN] IP:2191 - Hours not found: check if there is a RefParameter without a condition.
2024-11-05 16:59:21,615 [WARN] IP:2191 - Minutes not found: check if there is a RefParameter without a condition.
2024-11-05 16:59:21,615 [WARN] IP:2191 - Seconds not found: check if there is a RefParameter without a condition.
2024-11-05 16:59:21,615 [WARN] IP:2191 - TimeFormat not found: check if there is a RefParameter without a condition.
2024-11-05 16:59:21,615 [WARN] IP:2191 - DayLightSaving not found: check if there is a RefParameter without a condition.
2024-11-05 16:59:21,615 [WARN] IP:2191 - StoreOperation not found: check if there is a RefParameter without a condition.
2024-11-05 16:59:21,615 [WARN] IP:2191 - WeekDay not found: check if there is a RefParameter without a condition.
2024-11-05 16:59:21,616 [WARN] IP:2191 - Month not found: check if there is a RefParameter without a condition.
2024-11-05 16:59:21,616 [WARN] IP:2191 - Date not found: check if there is a RefParameter without a condition.
2024-11-05 16:59:21,616 [WARN] IP:2191 - Year not found: check if there is a RefParameter without a condition.
2024-11-05 16:59:21,616 [WARN] IP:2191 - HourFormat not found: check if there is a RefParameter without a condition.
2024-11-05 16:59:21,616 [WARN] IP:2191 - SynchPrediv not found: check if there is a RefParameter without a condition.
2024-11-05 16:59:21,616 [WARN] IP:2191 - OutPut1 not found: check if there is a RefParameter without a condition.
2024-11-05 16:59:21,616 [WARN] IP:2191 - OutPut2 not found: check if there is a RefParameter without a condition.
2024-11-05 16:59:21,617 [WARN] IP:2191 - OutPut3 not found: check if there is a RefParameter without a condition.
2024-11-05 16:59:21,617 [WARN] IP:2191 - BinMixBcdU not found: check if there is a RefParameter without a condition.
2024-11-05 16:59:21,623 [WARN] IP:2191 - Hours_A not found: check if there is a RefParameter without a condition.
2024-11-05 16:59:21,623 [WARN] IP:2191 - Minutes_A not found: check if there is a RefParameter without a condition.
2024-11-05 16:59:21,623 [WARN] IP:2191 - Seconds_A not found: check if there is a RefParameter without a condition.
2024-11-05 16:59:21,623 [WARN] IP:2191 - AlarmMaskDateWeekDay not found: check if there is a RefParameter without a condition.
2024-11-05 16:59:21,623 [WARN] IP:2191 - AlarmMaskHours not found: check if there is a RefParameter without a condition.
2024-11-05 16:59:21,623 [WARN] IP:2191 - AlarmMaskMinutes not found: check if there is a RefParameter without a condition.
2024-11-05 16:59:21,623 [WARN] IP:2191 - AlarmMaskSeconds not found: check if there is a RefParameter without a condition.
2024-11-05 16:59:21,624 [WARN] IP:2191 - AlarmDateWeekDaySel not found: check if there is a RefParameter without a condition.
2024-11-05 16:59:21,624 [WARN] IP:2191 - AlarmDateWeekDay not found: check if there is a RefParameter without a condition.
2024-11-05 16:59:21,624 [WARN] IP:2191 - AlarmDateWeekDayARG not found: check if there is a RefParameter without a condition.
2024-11-05 16:59:21,629 [INFO] Argument:325 - Argument : hdmavalue: null
2024-11-05 16:59:21,629 [INFO] Argument:327 - 	 sub Args: 
2024-11-05 16:59:21,629 [INFO] Argument:325 - Argument : Instancevalue: DMA1_Channel5
2024-11-05 16:59:21,629 [INFO] Argument:335 - Argument : Instancevalue: DMA1_Channel5
2024-11-05 16:59:21,629 [INFO] Argument:325 - Argument : Initvalue: null
2024-11-05 16:59:21,629 [INFO] Argument:327 - 	 sub Args: 
2024-11-05 16:59:21,629 [INFO] Argument:325 - Argument : Requestvalue: DMA_REQUEST_USART2_TX
2024-11-05 16:59:21,629 [INFO] Argument:335 - Argument : Requestvalue: DMA_REQUEST_USART2_TX
2024-11-05 16:59:21,629 [INFO] Argument:325 - Argument : Directionvalue: DMA_MEMORY_TO_PERIPH
2024-11-05 16:59:21,629 [INFO] Argument:335 - Argument : Directionvalue: DMA_MEMORY_TO_PERIPH
2024-11-05 16:59:21,629 [INFO] Argument:325 - Argument : PeriphIncvalue: DMA_PINC_DISABLE
2024-11-05 16:59:21,629 [INFO] Argument:335 - Argument : PeriphIncvalue: DMA_PINC_DISABLE
2024-11-05 16:59:21,629 [INFO] Argument:325 - Argument : MemIncvalue: DMA_MINC_ENABLE
2024-11-05 16:59:21,629 [INFO] Argument:335 - Argument : MemIncvalue: DMA_MINC_ENABLE
2024-11-05 16:59:21,629 [INFO] Argument:325 - Argument : PeriphDataAlignmentvalue: DMA_PDATAALIGN_BYTE
2024-11-05 16:59:21,629 [INFO] Argument:335 - Argument : PeriphDataAlignmentvalue: DMA_PDATAALIGN_BYTE
2024-11-05 16:59:21,629 [INFO] Argument:325 - Argument : MemDataAlignmentvalue: DMA_MDATAALIGN_BYTE
2024-11-05 16:59:21,629 [INFO] Argument:335 - Argument : MemDataAlignmentvalue: DMA_MDATAALIGN_BYTE
2024-11-05 16:59:21,629 [INFO] Argument:325 - Argument : Modevalue: DMA_NORMAL
2024-11-05 16:59:21,629 [INFO] Argument:335 - Argument : Modevalue: DMA_NORMAL
2024-11-05 16:59:21,629 [INFO] Argument:325 - Argument : Priorityvalue: DMA_PRIORITY_LOW
2024-11-05 16:59:21,629 [INFO] Argument:335 - Argument : Priorityvalue: DMA_PRIORITY_LOW
2024-11-05 16:59:21,629 [INFO] Argument:325 - Argument : Lockvalue: null
2024-11-05 16:59:21,629 [INFO] Argument:335 - Argument : Lockvalue: null
2024-11-05 16:59:21,629 [INFO] Argument:325 - Argument : Statevalue: null
2024-11-05 16:59:21,629 [INFO] Argument:335 - Argument : Statevalue: null
2024-11-05 16:59:21,629 [INFO] Argument:325 - Argument : Parentvalue: null
2024-11-05 16:59:21,629 [INFO] Argument:335 - Argument : Parentvalue: null
2024-11-05 16:59:21,629 [INFO] Argument:325 - Argument : XferCpltCallbackvalue: null
2024-11-05 16:59:21,629 [INFO] Argument:335 - Argument : XferCpltCallbackvalue: null
2024-11-05 16:59:21,629 [INFO] Argument:325 - Argument : XferHalfCpltCallbackvalue: null
2024-11-05 16:59:21,629 [INFO] Argument:335 - Argument : XferHalfCpltCallbackvalue: null
2024-11-05 16:59:21,629 [INFO] Argument:325 - Argument : XferM1CpltCallbackvalue: null
2024-11-05 16:59:21,629 [INFO] Argument:335 - Argument : XferM1CpltCallbackvalue: null
2024-11-05 16:59:21,629 [INFO] Argument:325 - Argument : XferM1HalfCpltCallbackvalue: null
2024-11-05 16:59:21,629 [INFO] Argument:335 - Argument : XferM1HalfCpltCallbackvalue: null
2024-11-05 16:59:21,629 [INFO] Argument:325 - Argument : XferErrorCallbackvalue: null
2024-11-05 16:59:21,629 [INFO] Argument:335 - Argument : XferErrorCallbackvalue: null
2024-11-05 16:59:21,630 [INFO] Argument:325 - Argument : XferAbortCallbackvalue: null
2024-11-05 16:59:21,630 [INFO] Argument:335 - Argument : XferAbortCallbackvalue: null
2024-11-05 16:59:21,630 [INFO] Argument:325 - Argument : ErrorCodevalue: null
2024-11-05 16:59:21,630 [INFO] Argument:335 - Argument : ErrorCodevalue: null
2024-11-05 16:59:21,630 [INFO] Argument:325 - Argument : DmaBaseAddressvalue: null
2024-11-05 16:59:21,630 [INFO] Argument:335 - Argument : DmaBaseAddressvalue: null
2024-11-05 16:59:21,630 [INFO] Argument:325 - Argument : ChannelIndexvalue: null
2024-11-05 16:59:21,630 [INFO] Argument:335 - Argument : ChannelIndexvalue: null
2024-11-05 16:59:21,630 [INFO] Argument:325 - Argument : DMAmuxChannelvalue: null
2024-11-05 16:59:21,630 [INFO] Argument:335 - Argument : DMAmuxChannelvalue: null
2024-11-05 16:59:21,630 [INFO] Argument:325 - Argument : DMAmuxChannelStatusvalue: null
2024-11-05 16:59:21,630 [INFO] Argument:335 - Argument : DMAmuxChannelStatusvalue: null
2024-11-05 16:59:21,630 [INFO] Argument:325 - Argument : DMAmuxChannelStatusMaskvalue: null
2024-11-05 16:59:21,630 [INFO] Argument:335 - Argument : DMAmuxChannelStatusMaskvalue: null
2024-11-05 16:59:21,630 [INFO] Argument:325 - Argument : DMAmuxRequestGenvalue: null
2024-11-05 16:59:21,630 [INFO] Argument:335 - Argument : DMAmuxRequestGenvalue: null
2024-11-05 16:59:21,630 [INFO] Argument:325 - Argument : DMAmuxRequestGenStatusvalue: null
2024-11-05 16:59:21,630 [INFO] Argument:335 - Argument : DMAmuxRequestGenStatusvalue: null
2024-11-05 16:59:21,630 [INFO] Argument:325 - Argument : DMAmuxRequestGenStatusMaskvalue: null
2024-11-05 16:59:21,630 [INFO] Argument:335 - Argument : DMAmuxRequestGenStatusMaskvalue: null
2024-11-05 16:59:21,630 [INFO] Argument:325 - Argument : hdmavalue: null
2024-11-05 16:59:21,630 [INFO] Argument:327 - 	 sub Args: 
2024-11-05 16:59:21,630 [INFO] Argument:325 - Argument : Instancevalue: DMA1_Channel5
2024-11-05 16:59:21,630 [INFO] Argument:335 - Argument : Instancevalue: DMA1_Channel5
2024-11-05 16:59:21,630 [INFO] Argument:325 - Argument : Initvalue: null
2024-11-05 16:59:21,630 [INFO] Argument:327 - 	 sub Args: 
2024-11-05 16:59:21,630 [INFO] Argument:325 - Argument : Requestvalue: DMA_REQUEST_USART2_TX
2024-11-05 16:59:21,630 [INFO] Argument:335 - Argument : Requestvalue: DMA_REQUEST_USART2_TX
2024-11-05 16:59:21,630 [INFO] Argument:325 - Argument : Directionvalue: DMA_MEMORY_TO_PERIPH
2024-11-05 16:59:21,630 [INFO] Argument:335 - Argument : Directionvalue: DMA_MEMORY_TO_PERIPH
2024-11-05 16:59:21,630 [INFO] Argument:325 - Argument : PeriphIncvalue: DMA_PINC_DISABLE
2024-11-05 16:59:21,630 [INFO] Argument:335 - Argument : PeriphIncvalue: DMA_PINC_DISABLE
2024-11-05 16:59:21,630 [INFO] Argument:325 - Argument : MemIncvalue: DMA_MINC_ENABLE
2024-11-05 16:59:21,630 [INFO] Argument:335 - Argument : MemIncvalue: DMA_MINC_ENABLE
2024-11-05 16:59:21,630 [INFO] Argument:325 - Argument : PeriphDataAlignmentvalue: DMA_PDATAALIGN_BYTE
2024-11-05 16:59:21,630 [INFO] Argument:335 - Argument : PeriphDataAlignmentvalue: DMA_PDATAALIGN_BYTE
2024-11-05 16:59:21,630 [INFO] Argument:325 - Argument : MemDataAlignmentvalue: DMA_MDATAALIGN_BYTE
2024-11-05 16:59:21,630 [INFO] Argument:335 - Argument : MemDataAlignmentvalue: DMA_MDATAALIGN_BYTE
2024-11-05 16:59:21,630 [INFO] Argument:325 - Argument : Modevalue: DMA_NORMAL
2024-11-05 16:59:21,630 [INFO] Argument:335 - Argument : Modevalue: DMA_NORMAL
2024-11-05 16:59:21,630 [INFO] Argument:325 - Argument : Priorityvalue: DMA_PRIORITY_LOW
2024-11-05 16:59:21,630 [INFO] Argument:335 - Argument : Priorityvalue: DMA_PRIORITY_LOW
2024-11-05 16:59:21,630 [INFO] Argument:325 - Argument : Lockvalue: null
2024-11-05 16:59:21,630 [INFO] Argument:335 - Argument : Lockvalue: null
2024-11-05 16:59:21,630 [INFO] Argument:325 - Argument : Statevalue: null
2024-11-05 16:59:21,630 [INFO] Argument:335 - Argument : Statevalue: null
2024-11-05 16:59:21,630 [INFO] Argument:325 - Argument : Parentvalue: null
2024-11-05 16:59:21,630 [INFO] Argument:335 - Argument : Parentvalue: null
2024-11-05 16:59:21,630 [INFO] Argument:325 - Argument : XferCpltCallbackvalue: null
2024-11-05 16:59:21,630 [INFO] Argument:335 - Argument : XferCpltCallbackvalue: null
2024-11-05 16:59:21,630 [INFO] Argument:325 - Argument : XferHalfCpltCallbackvalue: null
2024-11-05 16:59:21,630 [INFO] Argument:335 - Argument : XferHalfCpltCallbackvalue: null
2024-11-05 16:59:21,630 [INFO] Argument:325 - Argument : XferM1CpltCallbackvalue: null
2024-11-05 16:59:21,630 [INFO] Argument:335 - Argument : XferM1CpltCallbackvalue: null
2024-11-05 16:59:21,630 [INFO] Argument:325 - Argument : XferM1HalfCpltCallbackvalue: null
2024-11-05 16:59:21,630 [INFO] Argument:335 - Argument : XferM1HalfCpltCallbackvalue: null
2024-11-05 16:59:21,630 [INFO] Argument:325 - Argument : XferErrorCallbackvalue: null
2024-11-05 16:59:21,630 [INFO] Argument:335 - Argument : XferErrorCallbackvalue: null
2024-11-05 16:59:21,630 [INFO] Argument:325 - Argument : XferAbortCallbackvalue: null
2024-11-05 16:59:21,630 [INFO] Argument:335 - Argument : XferAbortCallbackvalue: null
2024-11-05 16:59:21,630 [INFO] Argument:325 - Argument : ErrorCodevalue: null
2024-11-05 16:59:21,630 [INFO] Argument:335 - Argument : ErrorCodevalue: null
2024-11-05 16:59:21,630 [INFO] Argument:325 - Argument : DmaBaseAddressvalue: null
2024-11-05 16:59:21,630 [INFO] Argument:335 - Argument : DmaBaseAddressvalue: null
2024-11-05 16:59:21,630 [INFO] Argument:325 - Argument : ChannelIndexvalue: null
2024-11-05 16:59:21,630 [INFO] Argument:335 - Argument : ChannelIndexvalue: null
2024-11-05 16:59:21,630 [INFO] Argument:325 - Argument : DMAmuxChannelvalue: null
2024-11-05 16:59:21,630 [INFO] Argument:335 - Argument : DMAmuxChannelvalue: null
2024-11-05 16:59:21,630 [INFO] Argument:325 - Argument : DMAmuxChannelStatusvalue: null
2024-11-05 16:59:21,630 [INFO] Argument:335 - Argument : DMAmuxChannelStatusvalue: null
2024-11-05 16:59:21,630 [INFO] Argument:325 - Argument : DMAmuxChannelStatusMaskvalue: null
2024-11-05 16:59:21,630 [INFO] Argument:335 - Argument : DMAmuxChannelStatusMaskvalue: null
2024-11-05 16:59:21,630 [INFO] Argument:325 - Argument : DMAmuxRequestGenvalue: null
2024-11-05 16:59:21,630 [INFO] Argument:335 - Argument : DMAmuxRequestGenvalue: null
2024-11-05 16:59:21,630 [INFO] Argument:325 - Argument : DMAmuxRequestGenStatusvalue: null
2024-11-05 16:59:21,630 [INFO] Argument:335 - Argument : DMAmuxRequestGenStatusvalue: null
2024-11-05 16:59:21,630 [INFO] Argument:325 - Argument : DMAmuxRequestGenStatusMaskvalue: null
2024-11-05 16:59:21,630 [INFO] Argument:335 - Argument : DMAmuxRequestGenStatusMaskvalue: null
2024-11-05 16:59:21,630 [INFO] Argument:325 - Argument : ChannelAttributesvalue: DMA_CHANNEL_NPRIV
2024-11-05 16:59:21,630 [INFO] Argument:335 - Argument : ChannelAttributesvalue: DMA_CHANNEL_NPRIV
2024-11-05 16:59:21,699 [INFO] CodeEngine:255 - oldGeneratedFile, /home/ante/STM32CubeIDE/workspace_1.16.1/LoRaWAN_End_Node/MXTmpFiles/license.tmp_save
2024-11-05 16:59:21,784 [INFO] CodeEngine:279 - Generated code: /home/ante/STM32CubeIDE/workspace_1.16.1/LoRaWAN_End_Node/MXTmpFiles/license.tmp
2024-11-05 16:59:21,845 [INFO] CodeEngine:255 - oldGeneratedFile, /home/ante/STM32CubeIDE/workspace_1.16.1/LoRaWAN_End_Node/Core/Src/gpio.c_save
2024-11-05 16:59:21,916 [INFO] CodeEngine:279 - Generated code: /home/ante/STM32CubeIDE/workspace_1.16.1/LoRaWAN_End_Node/Core/Src/gpio.c
2024-11-05 16:59:21,917 [INFO] CodeEngine:255 - oldGeneratedFile, /home/ante/STM32CubeIDE/workspace_1.16.1/LoRaWAN_End_Node/Core/Inc/gpio.h_save
2024-11-05 16:59:21,975 [INFO] CodeEngine:279 - Generated code: /home/ante/STM32CubeIDE/workspace_1.16.1/LoRaWAN_End_Node/Core/Inc/gpio.h
2024-11-05 16:59:22,291 [WARN] IP:2191 - HourFormat not found: check if there is a RefParameter without a condition.
2024-11-05 16:59:22,291 [WARN] IP:2191 - SynchPrediv not found: check if there is a RefParameter without a condition.
2024-11-05 16:59:22,291 [WARN] IP:2191 - OutPut1 not found: check if there is a RefParameter without a condition.
2024-11-05 16:59:22,291 [WARN] IP:2191 - OutPut2 not found: check if there is a RefParameter without a condition.
2024-11-05 16:59:22,291 [WARN] IP:2191 - OutPut3 not found: check if there is a RefParameter without a condition.
2024-11-05 16:59:22,291 [WARN] IP:2191 - BinMixBcdU not found: check if there is a RefParameter without a condition.
2024-11-05 16:59:22,291 [WARN] IP:2191 - HourFormat not found: check if there is a RefParameter without a condition.
2024-11-05 16:59:22,291 [WARN] IP:2191 - SynchPrediv not found: check if there is a RefParameter without a condition.
2024-11-05 16:59:22,291 [WARN] IP:2191 - BinMixBcdU not found: check if there is a RefParameter without a condition.
2024-11-05 16:59:22,291 [WARN] IP:2191 - Hours not found: check if there is a RefParameter without a condition.
2024-11-05 16:59:22,292 [WARN] IP:2191 - Minutes not found: check if there is a RefParameter without a condition.
2024-11-05 16:59:22,292 [WARN] IP:2191 - Seconds not found: check if there is a RefParameter without a condition.
2024-11-05 16:59:22,292 [WARN] IP:2191 - TimeFormat not found: check if there is a RefParameter without a condition.
2024-11-05 16:59:22,292 [WARN] IP:2191 - DayLightSaving not found: check if there is a RefParameter without a condition.
2024-11-05 16:59:22,292 [WARN] IP:2191 - StoreOperation not found: check if there is a RefParameter without a condition.
2024-11-05 16:59:22,292 [WARN] IP:2191 - WeekDay not found: check if there is a RefParameter without a condition.
2024-11-05 16:59:22,292 [WARN] IP:2191 - Month not found: check if there is a RefParameter without a condition.
2024-11-05 16:59:22,292 [WARN] IP:2191 - Date not found: check if there is a RefParameter without a condition.
2024-11-05 16:59:22,292 [WARN] IP:2191 - Year not found: check if there is a RefParameter without a condition.
2024-11-05 16:59:22,763 [INFO] CodeEngine:255 - oldGeneratedFile, /home/ante/STM32CubeIDE/workspace_1.16.1/LoRaWAN_End_Node/Core/Src/adc.c_save
2024-11-05 16:59:22,861 [INFO] CodeEngine:279 - Generated code: /home/ante/STM32CubeIDE/workspace_1.16.1/LoRaWAN_End_Node/Core/Src/adc.c
2024-11-05 16:59:22,862 [INFO] CodeEngine:255 - oldGeneratedFile, /home/ante/STM32CubeIDE/workspace_1.16.1/LoRaWAN_End_Node/Core/Inc/adc.h_save
2024-11-05 16:59:22,916 [INFO] CodeEngine:279 - Generated code: /home/ante/STM32CubeIDE/workspace_1.16.1/LoRaWAN_End_Node/Core/Inc/adc.h
2024-11-05 16:59:22,933 [INFO] CodeEngine:255 - oldGeneratedFile, /home/ante/STM32CubeIDE/workspace_1.16.1/LoRaWAN_End_Node/Core/Src/dma.c_save
2024-11-05 16:59:22,983 [INFO] CodeEngine:279 - Generated code: /home/ante/STM32CubeIDE/workspace_1.16.1/LoRaWAN_End_Node/Core/Src/dma.c
2024-11-05 16:59:22,984 [INFO] CodeEngine:255 - oldGeneratedFile, /home/ante/STM32CubeIDE/workspace_1.16.1/LoRaWAN_End_Node/Core/Inc/dma.h_save
2024-11-05 16:59:23,032 [INFO] CodeEngine:279 - Generated code: /home/ante/STM32CubeIDE/workspace_1.16.1/LoRaWAN_End_Node/Core/Inc/dma.h
2024-11-05 16:59:23,035 [INFO] CodeEngine:255 - oldGeneratedFile, /home/ante/STM32CubeIDE/workspace_1.16.1/LoRaWAN_End_Node/Core/Src/i2c.c_save
2024-11-05 16:59:23,108 [INFO] CodeEngine:279 - Generated code: /home/ante/STM32CubeIDE/workspace_1.16.1/LoRaWAN_End_Node/Core/Src/i2c.c
2024-11-05 16:59:23,110 [INFO] CodeEngine:255 - oldGeneratedFile, /home/ante/STM32CubeIDE/workspace_1.16.1/LoRaWAN_End_Node/Core/Inc/i2c.h_save
2024-11-05 16:59:23,157 [INFO] CodeEngine:279 - Generated code: /home/ante/STM32CubeIDE/workspace_1.16.1/LoRaWAN_End_Node/Core/Inc/i2c.h
2024-11-05 16:59:23,176 [INFO] CodeEngine:255 - oldGeneratedFile, /home/ante/STM32CubeIDE/workspace_1.16.1/LoRaWAN_End_Node/Core/Inc/platform.h_save
2024-11-05 16:59:23,227 [INFO] CodeEngine:279 - Generated code: /home/ante/STM32CubeIDE/workspace_1.16.1/LoRaWAN_End_Node/Core/Inc/platform.h
2024-11-05 16:59:23,229 [INFO] CodeEngine:255 - oldGeneratedFile, /home/ante/STM32CubeIDE/workspace_1.16.1/LoRaWAN_End_Node/Core/Inc/flash_if.h_save
2024-11-05 16:59:23,277 [INFO] CodeEngine:279 - Generated code: /home/ante/STM32CubeIDE/workspace_1.16.1/LoRaWAN_End_Node/Core/Inc/flash_if.h
2024-11-05 16:59:23,279 [INFO] CodeEngine:255 - oldGeneratedFile, /home/ante/STM32CubeIDE/workspace_1.16.1/LoRaWAN_End_Node/Core/Inc/stm32_lpm_if.h_save
2024-11-05 16:59:23,333 [INFO] CodeEngine:279 - Generated code: /home/ante/STM32CubeIDE/workspace_1.16.1/LoRaWAN_End_Node/Core/Inc/stm32_lpm_if.h
2024-11-05 16:59:23,334 [INFO] CodeEngine:255 - oldGeneratedFile, /home/ante/STM32CubeIDE/workspace_1.16.1/LoRaWAN_End_Node/Core/Inc/sys_app.h_save
2024-11-05 16:59:23,384 [INFO] CodeEngine:279 - Generated code: /home/ante/STM32CubeIDE/workspace_1.16.1/LoRaWAN_End_Node/Core/Inc/sys_app.h
2024-11-05 16:59:23,385 [INFO] CodeEngine:255 - oldGeneratedFile, /home/ante/STM32CubeIDE/workspace_1.16.1/LoRaWAN_End_Node/Core/Inc/sys_conf.h_save
2024-11-05 16:59:23,436 [INFO] CodeEngine:279 - Generated code: /home/ante/STM32CubeIDE/workspace_1.16.1/LoRaWAN_End_Node/Core/Inc/sys_conf.h
2024-11-05 16:59:23,437 [INFO] CodeEngine:255 - oldGeneratedFile, /home/ante/STM32CubeIDE/workspace_1.16.1/LoRaWAN_End_Node/Core/Inc/sys_sensors.h_save
2024-11-05 16:59:23,486 [INFO] CodeEngine:279 - Generated code: /home/ante/STM32CubeIDE/workspace_1.16.1/LoRaWAN_End_Node/Core/Inc/sys_sensors.h
2024-11-05 16:59:23,487 [INFO] CodeEngine:255 - oldGeneratedFile, /home/ante/STM32CubeIDE/workspace_1.16.1/LoRaWAN_End_Node/Core/Inc/sys_debug.h_save
2024-11-05 16:59:23,538 [INFO] CodeEngine:279 - Generated code: /home/ante/STM32CubeIDE/workspace_1.16.1/LoRaWAN_End_Node/Core/Inc/sys_debug.h
2024-11-05 16:59:23,539 [INFO] CodeEngine:255 - oldGeneratedFile, /home/ante/STM32CubeIDE/workspace_1.16.1/LoRaWAN_End_Node/Core/Inc/utilities_conf.h_save
2024-11-05 16:59:23,590 [INFO] CodeEngine:279 - Generated code: /home/ante/STM32CubeIDE/workspace_1.16.1/LoRaWAN_End_Node/Core/Inc/utilities_conf.h
2024-11-05 16:59:23,592 [INFO] CodeEngine:255 - oldGeneratedFile, /home/ante/STM32CubeIDE/workspace_1.16.1/LoRaWAN_End_Node/Core/Inc/utilities_def.h_save
2024-11-05 16:59:23,642 [INFO] CodeEngine:279 - Generated code: /home/ante/STM32CubeIDE/workspace_1.16.1/LoRaWAN_End_Node/Core/Inc/utilities_def.h
2024-11-05 16:59:23,643 [INFO] CodeEngine:255 - oldGeneratedFile, /home/ante/STM32CubeIDE/workspace_1.16.1/LoRaWAN_End_Node/Core/Inc/stm32wlxx_nucleo_conf.h_save
2024-11-05 16:59:23,691 [INFO] CodeEngine:279 - Generated code: /home/ante/STM32CubeIDE/workspace_1.16.1/LoRaWAN_End_Node/Core/Inc/stm32wlxx_nucleo_conf.h
2024-11-05 16:59:23,693 [INFO] CodeEngine:255 - oldGeneratedFile, /home/ante/STM32CubeIDE/workspace_1.16.1/LoRaWAN_End_Node/Core/Inc/timer_if.h_save
2024-11-05 16:59:23,742 [INFO] CodeEngine:279 - Generated code: /home/ante/STM32CubeIDE/workspace_1.16.1/LoRaWAN_End_Node/Core/Inc/timer_if.h
2024-11-05 16:59:23,743 [INFO] CodeEngine:255 - oldGeneratedFile, /home/ante/STM32CubeIDE/workspace_1.16.1/LoRaWAN_End_Node/Core/Src/flash_if.c_save
2024-11-05 16:59:23,807 [INFO] CodeEngine:279 - Generated code: /home/ante/STM32CubeIDE/workspace_1.16.1/LoRaWAN_End_Node/Core/Src/flash_if.c
2024-11-05 16:59:23,809 [INFO] CodeEngine:255 - oldGeneratedFile, /home/ante/STM32CubeIDE/workspace_1.16.1/LoRaWAN_End_Node/Core/Src/stm32_lpm_if.c_save
2024-11-05 16:59:23,861 [INFO] CodeEngine:279 - Generated code: /home/ante/STM32CubeIDE/workspace_1.16.1/LoRaWAN_End_Node/Core/Src/stm32_lpm_if.c
2024-11-05 16:59:23,862 [INFO] CodeEngine:255 - oldGeneratedFile, /home/ante/STM32CubeIDE/workspace_1.16.1/LoRaWAN_End_Node/Core/Src/sys_app.c_save
2024-11-05 16:59:23,928 [INFO] CodeEngine:279 - Generated code: /home/ante/STM32CubeIDE/workspace_1.16.1/LoRaWAN_End_Node/Core/Src/sys_app.c
2024-11-05 16:59:23,930 [INFO] CodeEngine:255 - oldGeneratedFile, /home/ante/STM32CubeIDE/workspace_1.16.1/LoRaWAN_End_Node/Core/Src/sys_debug.c_save
2024-11-05 16:59:23,991 [INFO] CodeEngine:279 - Generated code: /home/ante/STM32CubeIDE/workspace_1.16.1/LoRaWAN_End_Node/Core/Src/sys_debug.c
2024-11-05 16:59:23,992 [INFO] CodeEngine:255 - oldGeneratedFile, /home/ante/STM32CubeIDE/workspace_1.16.1/LoRaWAN_End_Node/Core/Src/sys_sensors.c_save
2024-11-05 16:59:24,053 [INFO] CodeEngine:279 - Generated code: /home/ante/STM32CubeIDE/workspace_1.16.1/LoRaWAN_End_Node/Core/Src/sys_sensors.c
2024-11-05 16:59:24,055 [INFO] CodeEngine:255 - oldGeneratedFile, /home/ante/STM32CubeIDE/workspace_1.16.1/LoRaWAN_End_Node/Core/Src/timer_if.c_save
2024-11-05 16:59:24,129 [INFO] CodeEngine:279 - Generated code: /home/ante/STM32CubeIDE/workspace_1.16.1/LoRaWAN_End_Node/Core/Src/timer_if.c
2024-11-05 16:59:24,130 [INFO] CodeEngine:255 - oldGeneratedFile, /home/ante/STM32CubeIDE/workspace_1.16.1/LoRaWAN_End_Node/LoRaWAN/App/app_lorawan.c_save
2024-11-05 16:59:24,184 [INFO] CodeEngine:279 - Generated code: /home/ante/STM32CubeIDE/workspace_1.16.1/LoRaWAN_End_Node/LoRaWAN/App/app_lorawan.c
2024-11-05 16:59:24,185 [INFO] CodeEngine:255 - oldGeneratedFile, /home/ante/STM32CubeIDE/workspace_1.16.1/LoRaWAN_End_Node/LoRaWAN/App/app_lorawan.h_save
2024-11-05 16:59:24,233 [INFO] CodeEngine:279 - Generated code: /home/ante/STM32CubeIDE/workspace_1.16.1/LoRaWAN_End_Node/LoRaWAN/App/app_lorawan.h
2024-11-05 16:59:24,234 [INFO] CodeEngine:255 - oldGeneratedFile, /home/ante/STM32CubeIDE/workspace_1.16.1/LoRaWAN_End_Node/LoRaWAN/App/CayenneLpp.c_save
2024-11-05 16:59:24,285 [INFO] CodeEngine:279 - Generated code: /home/ante/STM32CubeIDE/workspace_1.16.1/LoRaWAN_End_Node/LoRaWAN/App/CayenneLpp.c
2024-11-05 16:59:24,286 [INFO] CodeEngine:255 - oldGeneratedFile, /home/ante/STM32CubeIDE/workspace_1.16.1/LoRaWAN_End_Node/LoRaWAN/App/CayenneLpp.h_save
2024-11-05 16:59:24,333 [INFO] CodeEngine:279 - Generated code: /home/ante/STM32CubeIDE/workspace_1.16.1/LoRaWAN_End_Node/LoRaWAN/App/CayenneLpp.h
2024-11-05 16:59:24,334 [INFO] CodeEngine:255 - oldGeneratedFile, /home/ante/STM32CubeIDE/workspace_1.16.1/LoRaWAN_End_Node/LoRaWAN/App/Commissioning.h_save
2024-11-05 16:59:24,380 [INFO] CodeEngine:279 - Generated code: /home/ante/STM32CubeIDE/workspace_1.16.1/LoRaWAN_End_Node/LoRaWAN/App/Commissioning.h
2024-11-05 16:59:24,382 [INFO] CodeEngine:255 - oldGeneratedFile, /home/ante/STM32CubeIDE/workspace_1.16.1/LoRaWAN_End_Node/LoRaWAN/App/se-identity.h_save
2024-11-05 16:59:24,446 [INFO] CodeEngine:279 - Generated code: /home/ante/STM32CubeIDE/workspace_1.16.1/LoRaWAN_End_Node/LoRaWAN/App/se-identity.h
2024-11-05 16:59:24,448 [INFO] CodeEngine:255 - oldGeneratedFile, /home/ante/STM32CubeIDE/workspace_1.16.1/LoRaWAN_End_Node/LoRaWAN/App/lora_app.c_save
2024-11-05 16:59:24,555 [INFO] CodeEngine:279 - Generated code: /home/ante/STM32CubeIDE/workspace_1.16.1/LoRaWAN_End_Node/LoRaWAN/App/lora_app.c
2024-11-05 16:59:24,556 [INFO] CodeEngine:255 - oldGeneratedFile, /home/ante/STM32CubeIDE/workspace_1.16.1/LoRaWAN_End_Node/LoRaWAN/App/lora_app.h_save
2024-11-05 16:59:24,608 [INFO] CodeEngine:279 - Generated code: /home/ante/STM32CubeIDE/workspace_1.16.1/LoRaWAN_End_Node/LoRaWAN/App/lora_app.h
2024-11-05 16:59:24,609 [INFO] CodeEngine:255 - oldGeneratedFile, /home/ante/STM32CubeIDE/workspace_1.16.1/LoRaWAN_End_Node/LoRaWAN/App/app_version.h_save
2024-11-05 16:59:24,657 [INFO] CodeEngine:279 - Generated code: /home/ante/STM32CubeIDE/workspace_1.16.1/LoRaWAN_End_Node/LoRaWAN/App/app_version.h
2024-11-05 16:59:24,658 [INFO] CodeEngine:255 - oldGeneratedFile, /home/ante/STM32CubeIDE/workspace_1.16.1/LoRaWAN_End_Node/LoRaWAN/App/lora_info.c_save
2024-11-05 16:59:24,708 [INFO] CodeEngine:279 - Generated code: /home/ante/STM32CubeIDE/workspace_1.16.1/LoRaWAN_End_Node/LoRaWAN/App/lora_info.c
2024-11-05 16:59:24,709 [INFO] CodeEngine:255 - oldGeneratedFile, /home/ante/STM32CubeIDE/workspace_1.16.1/LoRaWAN_End_Node/LoRaWAN/App/lora_info.h_save
2024-11-05 16:59:24,758 [INFO] CodeEngine:279 - Generated code: /home/ante/STM32CubeIDE/workspace_1.16.1/LoRaWAN_End_Node/LoRaWAN/App/lora_info.h
2024-11-05 16:59:24,759 [INFO] CodeEngine:255 - oldGeneratedFile, /home/ante/STM32CubeIDE/workspace_1.16.1/LoRaWAN_End_Node/LoRaWAN/Target/lorawan_conf.h_save
2024-11-05 16:59:24,823 [INFO] CodeEngine:279 - Generated code: /home/ante/STM32CubeIDE/workspace_1.16.1/LoRaWAN_End_Node/LoRaWAN/Target/lorawan_conf.h
2024-11-05 16:59:24,824 [INFO] CodeEngine:255 - oldGeneratedFile, /home/ante/STM32CubeIDE/workspace_1.16.1/LoRaWAN_End_Node/LoRaWAN/Target/mw_log_conf.h_save
2024-11-05 16:59:24,876 [INFO] CodeEngine:279 - Generated code: /home/ante/STM32CubeIDE/workspace_1.16.1/LoRaWAN_End_Node/LoRaWAN/Target/mw_log_conf.h
2024-11-05 16:59:24,877 [INFO] CodeEngine:255 - oldGeneratedFile, /home/ante/STM32CubeIDE/workspace_1.16.1/LoRaWAN_End_Node/LoRaWAN/Target/radio_board_if.c_save
2024-11-05 16:59:24,936 [INFO] CodeEngine:279 - Generated code: /home/ante/STM32CubeIDE/workspace_1.16.1/LoRaWAN_End_Node/LoRaWAN/Target/radio_board_if.c
2024-11-05 16:59:24,938 [INFO] CodeEngine:255 - oldGeneratedFile, /home/ante/STM32CubeIDE/workspace_1.16.1/LoRaWAN_End_Node/LoRaWAN/Target/radio_board_if.h_save
2024-11-05 16:59:24,998 [INFO] CodeEngine:279 - Generated code: /home/ante/STM32CubeIDE/workspace_1.16.1/LoRaWAN_End_Node/LoRaWAN/Target/radio_board_if.h
2024-11-05 16:59:25,000 [INFO] CodeEngine:255 - oldGeneratedFile, /home/ante/STM32CubeIDE/workspace_1.16.1/LoRaWAN_End_Node/LoRaWAN/Target/radio_conf.h_save
2024-11-05 16:59:25,057 [INFO] CodeEngine:279 - Generated code: /home/ante/STM32CubeIDE/workspace_1.16.1/LoRaWAN_End_Node/LoRaWAN/Target/radio_conf.h
2024-11-05 16:59:25,058 [INFO] CodeEngine:255 - oldGeneratedFile, /home/ante/STM32CubeIDE/workspace_1.16.1/LoRaWAN_End_Node/LoRaWAN/Target/systime.h_save
2024-11-05 16:59:25,115 [INFO] CodeEngine:279 - Generated code: /home/ante/STM32CubeIDE/workspace_1.16.1/LoRaWAN_End_Node/LoRaWAN/Target/systime.h
2024-11-05 16:59:25,117 [INFO] CodeEngine:255 - oldGeneratedFile, /home/ante/STM32CubeIDE/workspace_1.16.1/LoRaWAN_End_Node/LoRaWAN/Target/timer.h_save
2024-11-05 16:59:25,179 [INFO] CodeEngine:279 - Generated code: /home/ante/STM32CubeIDE/workspace_1.16.1/LoRaWAN_End_Node/LoRaWAN/Target/timer.h
2024-11-05 16:59:25,181 [INFO] CodeEngine:255 - oldGeneratedFile, /home/ante/STM32CubeIDE/workspace_1.16.1/LoRaWAN_End_Node/Core/Src/adc_if.c_save
2024-11-05 16:59:25,247 [INFO] CodeEngine:279 - Generated code: /home/ante/STM32CubeIDE/workspace_1.16.1/LoRaWAN_End_Node/Core/Src/adc_if.c
2024-11-05 16:59:25,249 [INFO] CodeEngine:255 - oldGeneratedFile, /home/ante/STM32CubeIDE/workspace_1.16.1/LoRaWAN_End_Node/Core/Inc/adc_if.h_save
2024-11-05 16:59:25,302 [INFO] CodeEngine:279 - Generated code: /home/ante/STM32CubeIDE/workspace_1.16.1/LoRaWAN_End_Node/Core/Inc/adc_if.h
2024-11-05 16:59:25,303 [INFO] CodeEngine:255 - oldGeneratedFile, /home/ante/STM32CubeIDE/workspace_1.16.1/LoRaWAN_End_Node/Core/Inc/usart_if.h_save
2024-11-05 16:59:25,358 [INFO] CodeEngine:279 - Generated code: /home/ante/STM32CubeIDE/workspace_1.16.1/LoRaWAN_End_Node/Core/Inc/usart_if.h
2024-11-05 16:59:25,359 [INFO] CodeEngine:255 - oldGeneratedFile, /home/ante/STM32CubeIDE/workspace_1.16.1/LoRaWAN_End_Node/Core/Src/usart_if.c_save
2024-11-05 16:59:25,420 [INFO] CodeEngine:279 - Generated code: /home/ante/STM32CubeIDE/workspace_1.16.1/LoRaWAN_End_Node/Core/Src/usart_if.c
2024-11-05 16:59:25,423 [INFO] CodeEngine:255 - oldGeneratedFile, /home/ante/STM32CubeIDE/workspace_1.16.1/LoRaWAN_End_Node/Core/Src/rtc.c_save
2024-11-05 16:59:25,500 [INFO] CodeEngine:279 - Generated code: /home/ante/STM32CubeIDE/workspace_1.16.1/LoRaWAN_End_Node/Core/Src/rtc.c
2024-11-05 16:59:25,501 [INFO] CodeEngine:255 - oldGeneratedFile, /home/ante/STM32CubeIDE/workspace_1.16.1/LoRaWAN_End_Node/Core/Inc/rtc.h_save
2024-11-05 16:59:25,552 [INFO] CodeEngine:279 - Generated code: /home/ante/STM32CubeIDE/workspace_1.16.1/LoRaWAN_End_Node/Core/Inc/rtc.h
2024-11-05 16:59:25,554 [INFO] CodeEngine:255 - oldGeneratedFile, /home/ante/STM32CubeIDE/workspace_1.16.1/LoRaWAN_End_Node/Core/Src/subghz.c_save
2024-11-05 16:59:25,624 [INFO] CodeEngine:279 - Generated code: /home/ante/STM32CubeIDE/workspace_1.16.1/LoRaWAN_End_Node/Core/Src/subghz.c
2024-11-05 16:59:25,625 [INFO] CodeEngine:255 - oldGeneratedFile, /home/ante/STM32CubeIDE/workspace_1.16.1/LoRaWAN_End_Node/Core/Inc/subghz.h_save
2024-11-05 16:59:25,689 [INFO] CodeEngine:279 - Generated code: /home/ante/STM32CubeIDE/workspace_1.16.1/LoRaWAN_End_Node/Core/Inc/subghz.h
2024-11-05 16:59:25,693 [INFO] CodeEngine:255 - oldGeneratedFile, /home/ante/STM32CubeIDE/workspace_1.16.1/LoRaWAN_End_Node/Core/Src/usart.c_save
2024-11-05 16:59:25,789 [INFO] CodeEngine:279 - Generated code: /home/ante/STM32CubeIDE/workspace_1.16.1/LoRaWAN_End_Node/Core/Src/usart.c
2024-11-05 16:59:25,791 [INFO] CodeEngine:255 - oldGeneratedFile, /home/ante/STM32CubeIDE/workspace_1.16.1/LoRaWAN_End_Node/Core/Inc/usart.h_save
2024-11-05 16:59:25,934 [INFO] CodeEngine:279 - Generated code: /home/ante/STM32CubeIDE/workspace_1.16.1/LoRaWAN_End_Node/Core/Inc/usart.h
2024-11-05 16:59:25,942 [INFO] CodeEngine:255 - oldGeneratedFile, /home/ante/STM32CubeIDE/workspace_1.16.1/LoRaWAN_End_Node/Core/Src/stm32wlxx_it.c_save
2024-11-05 16:59:26,088 [INFO] CodeEngine:279 - Generated code: /home/ante/STM32CubeIDE/workspace_1.16.1/LoRaWAN_End_Node/Core/Src/stm32wlxx_it.c
2024-11-05 16:59:26,090 [INFO] CodeEngine:255 - oldGeneratedFile, /home/ante/STM32CubeIDE/workspace_1.16.1/LoRaWAN_End_Node/Core/Inc/stm32wlxx_it.h_save
2024-11-05 16:59:26,141 [INFO] CodeEngine:279 - Generated code: /home/ante/STM32CubeIDE/workspace_1.16.1/LoRaWAN_End_Node/Core/Inc/stm32wlxx_it.h
2024-11-05 16:59:26,218 [INFO] CodeEngine:255 - oldGeneratedFile, /home/ante/STM32CubeIDE/workspace_1.16.1/LoRaWAN_End_Node/Core/Src/stm32wlxx_hal_msp.c_save
2024-11-05 16:59:26,293 [INFO] CodeEngine:279 - Generated code: /home/ante/STM32CubeIDE/workspace_1.16.1/LoRaWAN_End_Node/Core/Src/stm32wlxx_hal_msp.c
2024-11-05 16:59:26,294 [INFO] CodeEngine:255 - oldGeneratedFile, /home/ante/STM32CubeIDE/workspace_1.16.1/LoRaWAN_End_Node/MXTmpFiles/system.tmp_save
2024-11-05 16:59:26,346 [INFO] CodeEngine:279 - Generated code: /home/ante/STM32CubeIDE/workspace_1.16.1/LoRaWAN_End_Node/MXTmpFiles/system.tmp
2024-11-05 16:59:26,348 [INFO] CodeEngine:311 - oldGeneratedFile, /home/ante/STM32CubeIDE/workspace_1.16.1/LoRaWAN_End_Node/Core/Inc/stm32wlxx_hal_conf.h_save
2024-11-05 16:59:26,403 [INFO] CodeEngine:335 - Generated code: /home/ante/STM32CubeIDE/workspace_1.16.1/LoRaWAN_End_Node/Core/Inc/stm32wlxx_hal_conf.h
2024-11-05 16:59:26,420 [INFO] CodeEngine:255 - oldGeneratedFile, /home/ante/STM32CubeIDE/workspace_1.16.1/LoRaWAN_End_Node/Core/Inc/main.h_save
2024-11-05 16:59:26,475 [INFO] CodeEngine:279 - Generated code: /home/ante/STM32CubeIDE/workspace_1.16.1/LoRaWAN_End_Node/Core/Inc/main.h
2024-11-05 16:59:26,476 [INFO] CodeEngine:255 - oldGeneratedFile, /home/ante/STM32CubeIDE/workspace_1.16.1/LoRaWAN_End_Node/Core/Src/main.c_save
2024-11-05 16:59:26,548 [INFO] CodeEngine:279 - Generated code: /home/ante/STM32CubeIDE/workspace_1.16.1/LoRaWAN_End_Node/Core/Src/main.c
2024-11-05 16:59:26,795 [INFO] ProjectBuilder:3249 - Time for Copy HAL[1] : 95mS.
2024-11-05 16:59:26,799 [INFO] ProjectBuilder:4828 - Project Generator version: 4.5.0-B34
2024-11-05 16:59:26,865 [INFO] ConfigFileManager:1531 - The Die is : DIE497
2024-11-05 16:59:26,871 [INFO] ApiDbMcu:508 - Load IP Config File for FATFS
2024-11-05 16:59:26,891 [INFO] ApiDbMcu:508 - Load IP Config File for FREERTOS
2024-11-05 16:59:26,897 [INFO] ApiDbMcu:508 - Load IP Config File for KMS
2024-11-05 16:59:26,910 [INFO] ApiDbMcu:508 - Load IP Config File for Sigfox
2024-11-05 16:59:26,922 [INFO] ApiDbMcu:508 - Load IP Config File for SubGHz_Phy
2024-11-05 16:59:27,982 [INFO] ProjectBuilder:5097 - Time for Generating toolchain IDE Files: 1183mS.
2024-11-05 16:59:27,982 [INFO] ProjectBuilder:3107 - Time for Copy CMSIS : 0mS.
2024-11-05 16:59:27,983 [INFO] ProjectBuilder:3107 - Time for Copy CMSIS : 0mS.
2024-11-05 17:15:20,614 [INFO] Middleware:612 - instanceName : LORAWAN bspName : USART check condition failed for : SEM_LORA_AT_SLAVE
2024-11-05 17:15:20,614 [INFO] Middleware:617 - instanceName : LORAWAN bspName : USART check condition success for : SEM_LORA_END_NODE  | SEM_LORA_USE_UART
2024-11-05 17:15:20,614 [INFO] Middleware:617 - instanceName : LORAWAN bspName : ADC check condition success for : !SEM_LORA_USER_APPLICATION | SEM_LORA_USE_ADC
2024-11-05 17:15:20,614 [INFO] Middleware:617 - instanceName : LORAWAN bspName : RTC check condition success for : !SEM_LORA_USER_APPLICATION | SEM_LORA_USE_RTC
2024-11-05 17:15:20,614 [INFO] Middleware:617 - instanceName : LORAWAN bspName : Debug Line 1 check condition success for : SEM_PROBE_LINE_FOR_LORA
2024-11-05 17:15:20,614 [INFO] Middleware:617 - instanceName : LORAWAN bspName : Debug Line 2 check condition success for : SEM_PROBE_LINE_FOR_LORA
2024-11-05 17:15:20,615 [INFO] Middleware:617 - instanceName : LORAWAN bspName : Debug Line 3 check condition success for : SEM_PROBE_LINE_FOR_LORA
2024-11-05 17:15:20,615 [INFO] Middleware:617 - instanceName : LORAWAN bspName : Debug Line 4 check condition success for : SEM_PROBE_LINE_FOR_LORA
2024-11-05 17:15:50,036 [INFO] Middleware:612 - instanceName : LORAWAN bspName : USART check condition failed for : SEM_LORA_AT_SLAVE
2024-11-05 17:15:50,036 [INFO] Middleware:617 - instanceName : LORAWAN bspName : USART check condition success for : SEM_LORA_END_NODE  | SEM_LORA_USE_UART
2024-11-05 17:15:50,036 [INFO] Middleware:617 - instanceName : LORAWAN bspName : ADC check condition success for : !SEM_LORA_USER_APPLICATION | SEM_LORA_USE_ADC
2024-11-05 17:15:50,036 [INFO] Middleware:617 - instanceName : LORAWAN bspName : RTC check condition success for : !SEM_LORA_USER_APPLICATION | SEM_LORA_USE_RTC
2024-11-05 17:15:50,036 [INFO] Middleware:617 - instanceName : LORAWAN bspName : Debug Line 1 check condition success for : SEM_PROBE_LINE_FOR_LORA
2024-11-05 17:15:50,036 [INFO] Middleware:617 - instanceName : LORAWAN bspName : Debug Line 2 check condition success for : SEM_PROBE_LINE_FOR_LORA
2024-11-05 17:15:50,036 [INFO] Middleware:617 - instanceName : LORAWAN bspName : Debug Line 3 check condition success for : SEM_PROBE_LINE_FOR_LORA
2024-11-05 17:15:50,036 [INFO] Middleware:617 - instanceName : LORAWAN bspName : Debug Line 4 check condition success for : SEM_PROBE_LINE_FOR_LORA
2024-11-05 17:15:53,096 [INFO] Middleware:612 - instanceName : LORAWAN bspName : USART check condition failed for : SEM_LORA_AT_SLAVE
2024-11-05 17:15:53,096 [INFO] Middleware:617 - instanceName : LORAWAN bspName : USART check condition success for : SEM_LORA_END_NODE  | SEM_LORA_USE_UART
2024-11-05 17:15:53,096 [INFO] Middleware:617 - instanceName : LORAWAN bspName : ADC check condition success for : !SEM_LORA_USER_APPLICATION | SEM_LORA_USE_ADC
2024-11-05 17:15:53,096 [INFO] Middleware:617 - instanceName : LORAWAN bspName : RTC check condition success for : !SEM_LORA_USER_APPLICATION | SEM_LORA_USE_RTC
2024-11-05 17:15:53,096 [INFO] Middleware:617 - instanceName : LORAWAN bspName : Debug Line 1 check condition success for : SEM_PROBE_LINE_FOR_LORA
2024-11-05 17:15:53,096 [INFO] Middleware:617 - instanceName : LORAWAN bspName : Debug Line 2 check condition success for : SEM_PROBE_LINE_FOR_LORA
2024-11-05 17:15:53,096 [INFO] Middleware:617 - instanceName : LORAWAN bspName : Debug Line 3 check condition success for : SEM_PROBE_LINE_FOR_LORA
2024-11-05 17:15:53,096 [INFO] Middleware:617 - instanceName : LORAWAN bspName : Debug Line 4 check condition success for : SEM_PROBE_LINE_FOR_LORA
2024-11-05 17:16:52,647 [INFO] I2cTimingTraitement:330 - 0x10805D88
2024-11-05 17:16:52,687 [INFO] NvicIntPanel:101 - NVIC parent = com.st.microxplorer.plugins.ip.nvic.MultiNvicIntPanel[,0,0,0x0,invalid,layout=javax.swing.BoxLayout,alignmentX=0.0,alignmentY=0.0,border=,flags=9,maximumSize=,minimumSize=,preferredSize=]
2024-11-05 17:17:22,596 [INFO] Middleware:612 - instanceName : LORAWAN bspName : USART check condition failed for : SEM_LORA_AT_SLAVE
2024-11-05 17:17:22,596 [INFO] Middleware:617 - instanceName : LORAWAN bspName : USART check condition success for : SEM_LORA_END_NODE  | SEM_LORA_USE_UART
2024-11-05 17:17:22,596 [INFO] Middleware:617 - instanceName : LORAWAN bspName : ADC check condition success for : !SEM_LORA_USER_APPLICATION | SEM_LORA_USE_ADC
2024-11-05 17:17:22,596 [INFO] Middleware:617 - instanceName : LORAWAN bspName : RTC check condition success for : !SEM_LORA_USER_APPLICATION | SEM_LORA_USE_RTC
2024-11-05 17:17:22,596 [INFO] Middleware:617 - instanceName : LORAWAN bspName : Debug Line 1 check condition success for : SEM_PROBE_LINE_FOR_LORA
2024-11-05 17:17:22,596 [INFO] Middleware:617 - instanceName : LORAWAN bspName : Debug Line 2 check condition success for : SEM_PROBE_LINE_FOR_LORA
2024-11-05 17:17:22,596 [INFO] Middleware:617 - instanceName : LORAWAN bspName : Debug Line 3 check condition success for : SEM_PROBE_LINE_FOR_LORA
2024-11-05 17:17:22,596 [INFO] Middleware:617 - instanceName : LORAWAN bspName : Debug Line 4 check condition success for : SEM_PROBE_LINE_FOR_LORA
2024-11-05 17:17:26,547 [INFO] I2cTimingTraitement:330 - 0x10805D88
2024-11-05 17:17:26,584 [INFO] Middleware:612 - instanceName : LORAWAN bspName : USART check condition failed for : SEM_LORA_AT_SLAVE
2024-11-05 17:17:26,584 [INFO] Middleware:617 - instanceName : LORAWAN bspName : USART check condition success for : SEM_LORA_END_NODE  | SEM_LORA_USE_UART
2024-11-05 17:17:26,584 [INFO] Middleware:617 - instanceName : LORAWAN bspName : ADC check condition success for : !SEM_LORA_USER_APPLICATION | SEM_LORA_USE_ADC
2024-11-05 17:17:26,584 [INFO] Middleware:617 - instanceName : LORAWAN bspName : RTC check condition success for : !SEM_LORA_USER_APPLICATION | SEM_LORA_USE_RTC
2024-11-05 17:17:26,584 [INFO] Middleware:617 - instanceName : LORAWAN bspName : Debug Line 1 check condition success for : SEM_PROBE_LINE_FOR_LORA
2024-11-05 17:17:26,584 [INFO] Middleware:617 - instanceName : LORAWAN bspName : Debug Line 2 check condition success for : SEM_PROBE_LINE_FOR_LORA
2024-11-05 17:17:26,584 [INFO] Middleware:617 - instanceName : LORAWAN bspName : Debug Line 3 check condition success for : SEM_PROBE_LINE_FOR_LORA
2024-11-05 17:17:26,584 [INFO] Middleware:617 - instanceName : LORAWAN bspName : Debug Line 4 check condition success for : SEM_PROBE_LINE_FOR_LORA
2024-11-05 17:17:46,750 [INFO] Middleware:612 - instanceName : LORAWAN bspName : USART check condition failed for : SEM_LORA_AT_SLAVE
2024-11-05 17:17:46,750 [INFO] Middleware:617 - instanceName : LORAWAN bspName : USART check condition success for : SEM_LORA_END_NODE  | SEM_LORA_USE_UART
2024-11-05 17:17:46,750 [INFO] Middleware:617 - instanceName : LORAWAN bspName : ADC check condition success for : !SEM_LORA_USER_APPLICATION | SEM_LORA_USE_ADC
2024-11-05 17:17:46,750 [INFO] Middleware:617 - instanceName : LORAWAN bspName : RTC check condition success for : !SEM_LORA_USER_APPLICATION | SEM_LORA_USE_RTC
2024-11-05 17:17:46,750 [INFO] Middleware:617 - instanceName : LORAWAN bspName : Debug Line 1 check condition success for : SEM_PROBE_LINE_FOR_LORA
2024-11-05 17:17:46,750 [INFO] Middleware:617 - instanceName : LORAWAN bspName : Debug Line 2 check condition success for : SEM_PROBE_LINE_FOR_LORA
2024-11-05 17:17:46,750 [INFO] Middleware:617 - instanceName : LORAWAN bspName : Debug Line 3 check condition success for : SEM_PROBE_LINE_FOR_LORA
2024-11-05 17:17:46,750 [INFO] Middleware:617 - instanceName : LORAWAN bspName : Debug Line 4 check condition success for : SEM_PROBE_LINE_FOR_LORA
2024-11-05 17:17:46,750 [INFO] Middleware:612 - instanceName : LORAWAN bspName : USART check condition failed for : SEM_LORA_AT_SLAVE
2024-11-05 17:17:46,750 [INFO] Middleware:617 - instanceName : LORAWAN bspName : USART check condition success for : SEM_LORA_END_NODE  | SEM_LORA_USE_UART
2024-11-05 17:17:46,750 [INFO] Middleware:617 - instanceName : LORAWAN bspName : ADC check condition success for : !SEM_LORA_USER_APPLICATION | SEM_LORA_USE_ADC
2024-11-05 17:17:46,750 [INFO] Middleware:617 - instanceName : LORAWAN bspName : RTC check condition success for : !SEM_LORA_USER_APPLICATION | SEM_LORA_USE_RTC
2024-11-05 17:17:46,750 [INFO] Middleware:617 - instanceName : LORAWAN bspName : Debug Line 1 check condition success for : SEM_PROBE_LINE_FOR_LORA
2024-11-05 17:17:46,750 [INFO] Middleware:617 - instanceName : LORAWAN bspName : Debug Line 2 check condition success for : SEM_PROBE_LINE_FOR_LORA
2024-11-05 17:17:46,750 [INFO] Middleware:617 - instanceName : LORAWAN bspName : Debug Line 3 check condition success for : SEM_PROBE_LINE_FOR_LORA
2024-11-05 17:17:46,750 [INFO] Middleware:617 - instanceName : LORAWAN bspName : Debug Line 4 check condition success for : SEM_PROBE_LINE_FOR_LORA
2024-11-05 17:17:46,765 [INFO] Middleware:612 - instanceName : LORAWAN bspName : USART check condition failed for : SEM_LORA_AT_SLAVE
2024-11-05 17:17:46,765 [INFO] Middleware:617 - instanceName : LORAWAN bspName : USART check condition success for : SEM_LORA_END_NODE  | SEM_LORA_USE_UART
2024-11-05 17:17:46,765 [INFO] Middleware:617 - instanceName : LORAWAN bspName : ADC check condition success for : !SEM_LORA_USER_APPLICATION | SEM_LORA_USE_ADC
2024-11-05 17:17:46,765 [INFO] Middleware:617 - instanceName : LORAWAN bspName : RTC check condition success for : !SEM_LORA_USER_APPLICATION | SEM_LORA_USE_RTC
2024-11-05 17:17:46,765 [INFO] Middleware:617 - instanceName : LORAWAN bspName : Debug Line 1 check condition success for : SEM_PROBE_LINE_FOR_LORA
2024-11-05 17:17:46,765 [INFO] Middleware:617 - instanceName : LORAWAN bspName : Debug Line 2 check condition success for : SEM_PROBE_LINE_FOR_LORA
2024-11-05 17:17:46,765 [INFO] Middleware:617 - instanceName : LORAWAN bspName : Debug Line 3 check condition success for : SEM_PROBE_LINE_FOR_LORA
2024-11-05 17:17:46,765 [INFO] Middleware:617 - instanceName : LORAWAN bspName : Debug Line 4 check condition success for : SEM_PROBE_LINE_FOR_LORA
2024-11-05 17:17:46,784 [INFO] Middleware:612 - instanceName : LORAWAN bspName : USART check condition failed for : SEM_LORA_AT_SLAVE
2024-11-05 17:17:46,784 [INFO] Middleware:617 - instanceName : LORAWAN bspName : USART check condition success for : SEM_LORA_END_NODE  | SEM_LORA_USE_UART
2024-11-05 17:17:46,784 [INFO] Middleware:617 - instanceName : LORAWAN bspName : ADC check condition success for : !SEM_LORA_USER_APPLICATION | SEM_LORA_USE_ADC
2024-11-05 17:17:46,784 [INFO] Middleware:617 - instanceName : LORAWAN bspName : RTC check condition success for : !SEM_LORA_USER_APPLICATION | SEM_LORA_USE_RTC
2024-11-05 17:17:46,784 [INFO] Middleware:617 - instanceName : LORAWAN bspName : Debug Line 1 check condition success for : SEM_PROBE_LINE_FOR_LORA
2024-11-05 17:17:46,784 [INFO] Middleware:617 - instanceName : LORAWAN bspName : Debug Line 2 check condition success for : SEM_PROBE_LINE_FOR_LORA
2024-11-05 17:17:46,784 [INFO] Middleware:617 - instanceName : LORAWAN bspName : Debug Line 3 check condition success for : SEM_PROBE_LINE_FOR_LORA
2024-11-05 17:17:46,784 [INFO] Middleware:617 - instanceName : LORAWAN bspName : Debug Line 4 check condition success for : SEM_PROBE_LINE_FOR_LORA
2024-11-05 17:17:51,811 [INFO] UtilMem:75 - End SaveConfig() Used Memory: 443071128 Bytes (916455424)
2024-11-05 17:17:54,116 [INFO] UtilMem:75 - End SaveConfig() Used Memory: 468763288 Bytes (916455424)
2024-11-05 17:17:55,872 [INFO] UtilMem:75 - End SaveConfig() Used Memory: 530971336 Bytes (916455424)
2024-11-05 17:17:55,944 [INFO] BlockDiagram:2766 - set Specific Code input for plugin: ADC
2024-11-05 17:17:55,944 [INFO] BlockDiagram:2766 - set Specific Code input for plugin: SEQUENCER
2024-11-05 17:17:55,944 [INFO] BlockDiagram:2766 - set Specific Code input for plugin: ADV_TRACE
2024-11-05 17:17:55,944 [INFO] BlockDiagram:2766 - set Specific Code input for plugin: SUBGHZ
2024-11-05 17:17:55,944 [INFO] BlockDiagram:2766 - set Specific Code input for plugin: SYS
2024-11-05 17:17:55,944 [INFO] BlockDiagram:2766 - set Specific Code input for plugin: RCC
2024-11-05 17:17:55,944 [INFO] BlockDiagram:2766 - set Specific Code input for plugin: I2C
2024-11-05 17:17:55,944 [INFO] BlockDiagram:2766 - set Specific Code input for plugin: TINY_LPM
2024-11-05 17:17:55,944 [INFO] BlockDiagram:2766 - set Specific Code input for plugin: RTC
2024-11-05 17:17:55,944 [INFO] BlockDiagram:2766 - set Specific Code input for plugin: NVIC
2024-11-05 17:17:55,945 [INFO] BlockDiagram:2766 - set Specific Code input for plugin: MISC
2024-11-05 17:17:55,945 [INFO] BlockDiagram:2766 - set Specific Code input for plugin: USART
2024-11-05 17:17:55,945 [INFO] BlockDiagram:2766 - set Specific Code input for plugin: LoRaWAN
2024-11-05 17:17:55,945 [INFO] BlockDiagram:2766 - set Specific Code input for plugin: DMA
2024-11-05 17:17:55,945 [INFO] BlockDiagram:2766 - set Specific Code input for plugin: TIMER
2024-11-05 17:17:55,945 [INFO] BlockDiagram:2766 - set Specific Code input for plugin: GPIO
2024-11-05 17:17:55,946 [INFO] CodeGenerator:807 - code generatio: config db path: /home/ante/st/stm32cubeide_1.16.1/plugins/com.st.stm32cube.common.mx_6.12.1.202409122256//db/
2024-11-05 17:17:55,961 [WARN] IP:2191 - HourFormat not found: check if there is a RefParameter without a condition.
2024-11-05 17:17:55,961 [WARN] IP:2191 - SynchPrediv not found: check if there is a RefParameter without a condition.
2024-11-05 17:17:55,961 [WARN] IP:2191 - OutPut1 not found: check if there is a RefParameter without a condition.
2024-11-05 17:17:55,961 [WARN] IP:2191 - OutPut2 not found: check if there is a RefParameter without a condition.
2024-11-05 17:17:55,961 [WARN] IP:2191 - OutPut3 not found: check if there is a RefParameter without a condition.
2024-11-05 17:17:55,961 [WARN] IP:2191 - BinMixBcdU not found: check if there is a RefParameter without a condition.
2024-11-05 17:17:55,961 [WARN] IP:2191 - HourFormat not found: check if there is a RefParameter without a condition.
2024-11-05 17:17:55,961 [WARN] IP:2191 - SynchPrediv not found: check if there is a RefParameter without a condition.
2024-11-05 17:17:55,961 [WARN] IP:2191 - BinMixBcdU not found: check if there is a RefParameter without a condition.
2024-11-05 17:17:55,961 [WARN] IP:2191 - Hours not found: check if there is a RefParameter without a condition.
2024-11-05 17:17:55,961 [WARN] IP:2191 - Minutes not found: check if there is a RefParameter without a condition.
2024-11-05 17:17:55,961 [WARN] IP:2191 - Seconds not found: check if there is a RefParameter without a condition.
2024-11-05 17:17:55,961 [WARN] IP:2191 - TimeFormat not found: check if there is a RefParameter without a condition.
2024-11-05 17:17:55,961 [WARN] IP:2191 - DayLightSaving not found: check if there is a RefParameter without a condition.
2024-11-05 17:17:55,961 [WARN] IP:2191 - StoreOperation not found: check if there is a RefParameter without a condition.
2024-11-05 17:17:55,961 [WARN] IP:2191 - WeekDay not found: check if there is a RefParameter without a condition.
2024-11-05 17:17:55,961 [WARN] IP:2191 - Month not found: check if there is a RefParameter without a condition.
2024-11-05 17:17:55,962 [WARN] IP:2191 - Date not found: check if there is a RefParameter without a condition.
2024-11-05 17:17:55,962 [WARN] IP:2191 - Year not found: check if there is a RefParameter without a condition.
2024-11-05 17:17:55,962 [WARN] IP:2191 - HourFormat not found: check if there is a RefParameter without a condition.
2024-11-05 17:17:55,962 [WARN] IP:2191 - SynchPrediv not found: check if there is a RefParameter without a condition.
2024-11-05 17:17:55,962 [WARN] IP:2191 - OutPut1 not found: check if there is a RefParameter without a condition.
2024-11-05 17:17:55,962 [WARN] IP:2191 - OutPut2 not found: check if there is a RefParameter without a condition.
2024-11-05 17:17:55,962 [WARN] IP:2191 - OutPut3 not found: check if there is a RefParameter without a condition.
2024-11-05 17:17:55,962 [WARN] IP:2191 - BinMixBcdU not found: check if there is a RefParameter without a condition.
2024-11-05 17:17:55,962 [WARN] IP:2191 - Hours_A not found: check if there is a RefParameter without a condition.
2024-11-05 17:17:55,962 [WARN] IP:2191 - Minutes_A not found: check if there is a RefParameter without a condition.
2024-11-05 17:17:55,962 [WARN] IP:2191 - Seconds_A not found: check if there is a RefParameter without a condition.
2024-11-05 17:17:55,962 [WARN] IP:2191 - AlarmMaskDateWeekDay not found: check if there is a RefParameter without a condition.
2024-11-05 17:17:55,962 [WARN] IP:2191 - AlarmMaskHours not found: check if there is a RefParameter without a condition.
2024-11-05 17:17:55,962 [WARN] IP:2191 - AlarmMaskMinutes not found: check if there is a RefParameter without a condition.
2024-11-05 17:17:55,962 [WARN] IP:2191 - AlarmMaskSeconds not found: check if there is a RefParameter without a condition.
2024-11-05 17:17:55,962 [WARN] IP:2191 - AlarmDateWeekDaySel not found: check if there is a RefParameter without a condition.
2024-11-05 17:17:55,962 [WARN] IP:2191 - AlarmDateWeekDay not found: check if there is a RefParameter without a condition.
2024-11-05 17:17:55,962 [WARN] IP:2191 - AlarmDateWeekDayARG not found: check if there is a RefParameter without a condition.
2024-11-05 17:17:55,966 [INFO] Argument:325 - Argument : hdmavalue: null
2024-11-05 17:17:55,966 [INFO] Argument:327 - 	 sub Args: 
2024-11-05 17:17:55,966 [INFO] Argument:325 - Argument : Instancevalue: DMA1_Channel5
2024-11-05 17:17:55,966 [INFO] Argument:335 - Argument : Instancevalue: DMA1_Channel5
2024-11-05 17:17:55,966 [INFO] Argument:325 - Argument : Initvalue: null
2024-11-05 17:17:55,966 [INFO] Argument:327 - 	 sub Args: 
2024-11-05 17:17:55,966 [INFO] Argument:325 - Argument : Requestvalue: DMA_REQUEST_USART2_TX
2024-11-05 17:17:55,966 [INFO] Argument:335 - Argument : Requestvalue: DMA_REQUEST_USART2_TX
2024-11-05 17:17:55,966 [INFO] Argument:325 - Argument : Directionvalue: DMA_MEMORY_TO_PERIPH
2024-11-05 17:17:55,966 [INFO] Argument:335 - Argument : Directionvalue: DMA_MEMORY_TO_PERIPH
2024-11-05 17:17:55,966 [INFO] Argument:325 - Argument : PeriphIncvalue: DMA_PINC_DISABLE
2024-11-05 17:17:55,966 [INFO] Argument:335 - Argument : PeriphIncvalue: DMA_PINC_DISABLE
2024-11-05 17:17:55,966 [INFO] Argument:325 - Argument : MemIncvalue: DMA_MINC_ENABLE
2024-11-05 17:17:55,966 [INFO] Argument:335 - Argument : MemIncvalue: DMA_MINC_ENABLE
2024-11-05 17:17:55,966 [INFO] Argument:325 - Argument : PeriphDataAlignmentvalue: DMA_PDATAALIGN_BYTE
2024-11-05 17:17:55,966 [INFO] Argument:335 - Argument : PeriphDataAlignmentvalue: DMA_PDATAALIGN_BYTE
2024-11-05 17:17:55,966 [INFO] Argument:325 - Argument : MemDataAlignmentvalue: DMA_MDATAALIGN_BYTE
2024-11-05 17:17:55,966 [INFO] Argument:335 - Argument : MemDataAlignmentvalue: DMA_MDATAALIGN_BYTE
2024-11-05 17:17:55,966 [INFO] Argument:325 - Argument : Modevalue: DMA_NORMAL
2024-11-05 17:17:55,966 [INFO] Argument:335 - Argument : Modevalue: DMA_NORMAL
2024-11-05 17:17:55,966 [INFO] Argument:325 - Argument : Priorityvalue: DMA_PRIORITY_LOW
2024-11-05 17:17:55,967 [INFO] Argument:335 - Argument : Priorityvalue: DMA_PRIORITY_LOW
2024-11-05 17:17:55,967 [INFO] Argument:325 - Argument : Lockvalue: null
2024-11-05 17:17:55,967 [INFO] Argument:335 - Argument : Lockvalue: null
2024-11-05 17:17:55,967 [INFO] Argument:325 - Argument : Statevalue: null
2024-11-05 17:17:55,967 [INFO] Argument:335 - Argument : Statevalue: null
2024-11-05 17:17:55,967 [INFO] Argument:325 - Argument : Parentvalue: null
2024-11-05 17:17:55,967 [INFO] Argument:335 - Argument : Parentvalue: null
2024-11-05 17:17:55,967 [INFO] Argument:325 - Argument : XferCpltCallbackvalue: null
2024-11-05 17:17:55,967 [INFO] Argument:335 - Argument : XferCpltCallbackvalue: null
2024-11-05 17:17:55,967 [INFO] Argument:325 - Argument : XferHalfCpltCallbackvalue: null
2024-11-05 17:17:55,967 [INFO] Argument:335 - Argument : XferHalfCpltCallbackvalue: null
2024-11-05 17:17:55,967 [INFO] Argument:325 - Argument : XferM1CpltCallbackvalue: null
2024-11-05 17:17:55,967 [INFO] Argument:335 - Argument : XferM1CpltCallbackvalue: null
2024-11-05 17:17:55,967 [INFO] Argument:325 - Argument : XferM1HalfCpltCallbackvalue: null
2024-11-05 17:17:55,967 [INFO] Argument:335 - Argument : XferM1HalfCpltCallbackvalue: null
2024-11-05 17:17:55,967 [INFO] Argument:325 - Argument : XferErrorCallbackvalue: null
2024-11-05 17:17:55,967 [INFO] Argument:335 - Argument : XferErrorCallbackvalue: null
2024-11-05 17:17:55,967 [INFO] Argument:325 - Argument : XferAbortCallbackvalue: null
2024-11-05 17:17:55,967 [INFO] Argument:335 - Argument : XferAbortCallbackvalue: null
2024-11-05 17:17:55,967 [INFO] Argument:325 - Argument : ErrorCodevalue: null
2024-11-05 17:17:55,967 [INFO] Argument:335 - Argument : ErrorCodevalue: null
2024-11-05 17:17:55,967 [INFO] Argument:325 - Argument : DmaBaseAddressvalue: null
2024-11-05 17:17:55,967 [INFO] Argument:335 - Argument : DmaBaseAddressvalue: null
2024-11-05 17:17:55,967 [INFO] Argument:325 - Argument : ChannelIndexvalue: null
2024-11-05 17:17:55,967 [INFO] Argument:335 - Argument : ChannelIndexvalue: null
2024-11-05 17:17:55,967 [INFO] Argument:325 - Argument : DMAmuxChannelvalue: null
2024-11-05 17:17:55,967 [INFO] Argument:335 - Argument : DMAmuxChannelvalue: null
2024-11-05 17:17:55,967 [INFO] Argument:325 - Argument : DMAmuxChannelStatusvalue: null
2024-11-05 17:17:55,967 [INFO] Argument:335 - Argument : DMAmuxChannelStatusvalue: null
2024-11-05 17:17:55,967 [INFO] Argument:325 - Argument : DMAmuxChannelStatusMaskvalue: null
2024-11-05 17:17:55,967 [INFO] Argument:335 - Argument : DMAmuxChannelStatusMaskvalue: null
2024-11-05 17:17:55,967 [INFO] Argument:325 - Argument : DMAmuxRequestGenvalue: null
2024-11-05 17:17:55,967 [INFO] Argument:335 - Argument : DMAmuxRequestGenvalue: null
2024-11-05 17:17:55,967 [INFO] Argument:325 - Argument : DMAmuxRequestGenStatusvalue: null
2024-11-05 17:17:55,967 [INFO] Argument:335 - Argument : DMAmuxRequestGenStatusvalue: null
2024-11-05 17:17:55,967 [INFO] Argument:325 - Argument : DMAmuxRequestGenStatusMaskvalue: null
2024-11-05 17:17:55,967 [INFO] Argument:335 - Argument : DMAmuxRequestGenStatusMaskvalue: null
2024-11-05 17:17:55,967 [INFO] Argument:325 - Argument : hdmavalue: null
2024-11-05 17:17:55,967 [INFO] Argument:327 - 	 sub Args: 
2024-11-05 17:17:55,967 [INFO] Argument:325 - Argument : Instancevalue: DMA1_Channel5
2024-11-05 17:17:55,967 [INFO] Argument:335 - Argument : Instancevalue: DMA1_Channel5
2024-11-05 17:17:55,967 [INFO] Argument:325 - Argument : Initvalue: null
2024-11-05 17:17:55,967 [INFO] Argument:327 - 	 sub Args: 
2024-11-05 17:17:55,967 [INFO] Argument:325 - Argument : Requestvalue: DMA_REQUEST_USART2_TX
2024-11-05 17:17:55,967 [INFO] Argument:335 - Argument : Requestvalue: DMA_REQUEST_USART2_TX
2024-11-05 17:17:55,967 [INFO] Argument:325 - Argument : Directionvalue: DMA_MEMORY_TO_PERIPH
2024-11-05 17:17:55,967 [INFO] Argument:335 - Argument : Directionvalue: DMA_MEMORY_TO_PERIPH
2024-11-05 17:17:55,967 [INFO] Argument:325 - Argument : PeriphIncvalue: DMA_PINC_DISABLE
2024-11-05 17:17:55,967 [INFO] Argument:335 - Argument : PeriphIncvalue: DMA_PINC_DISABLE
2024-11-05 17:17:55,967 [INFO] Argument:325 - Argument : MemIncvalue: DMA_MINC_ENABLE
2024-11-05 17:17:55,967 [INFO] Argument:335 - Argument : MemIncvalue: DMA_MINC_ENABLE
2024-11-05 17:17:55,967 [INFO] Argument:325 - Argument : PeriphDataAlignmentvalue: DMA_PDATAALIGN_BYTE
2024-11-05 17:17:55,967 [INFO] Argument:335 - Argument : PeriphDataAlignmentvalue: DMA_PDATAALIGN_BYTE
2024-11-05 17:17:55,967 [INFO] Argument:325 - Argument : MemDataAlignmentvalue: DMA_MDATAALIGN_BYTE
2024-11-05 17:17:55,967 [INFO] Argument:335 - Argument : MemDataAlignmentvalue: DMA_MDATAALIGN_BYTE
2024-11-05 17:17:55,967 [INFO] Argument:325 - Argument : Modevalue: DMA_NORMAL
2024-11-05 17:17:55,967 [INFO] Argument:335 - Argument : Modevalue: DMA_NORMAL
2024-11-05 17:17:55,967 [INFO] Argument:325 - Argument : Priorityvalue: DMA_PRIORITY_LOW
2024-11-05 17:17:55,967 [INFO] Argument:335 - Argument : Priorityvalue: DMA_PRIORITY_LOW
2024-11-05 17:17:55,967 [INFO] Argument:325 - Argument : Lockvalue: null
2024-11-05 17:17:55,967 [INFO] Argument:335 - Argument : Lockvalue: null
2024-11-05 17:17:55,967 [INFO] Argument:325 - Argument : Statevalue: null
2024-11-05 17:17:55,967 [INFO] Argument:335 - Argument : Statevalue: null
2024-11-05 17:17:55,967 [INFO] Argument:325 - Argument : Parentvalue: null
2024-11-05 17:17:55,967 [INFO] Argument:335 - Argument : Parentvalue: null
2024-11-05 17:17:55,967 [INFO] Argument:325 - Argument : XferCpltCallbackvalue: null
2024-11-05 17:17:55,967 [INFO] Argument:335 - Argument : XferCpltCallbackvalue: null
2024-11-05 17:17:55,967 [INFO] Argument:325 - Argument : XferHalfCpltCallbackvalue: null
2024-11-05 17:17:55,967 [INFO] Argument:335 - Argument : XferHalfCpltCallbackvalue: null
2024-11-05 17:17:55,967 [INFO] Argument:325 - Argument : XferM1CpltCallbackvalue: null
2024-11-05 17:17:55,967 [INFO] Argument:335 - Argument : XferM1CpltCallbackvalue: null
2024-11-05 17:17:55,967 [INFO] Argument:325 - Argument : XferM1HalfCpltCallbackvalue: null
2024-11-05 17:17:55,968 [INFO] Argument:335 - Argument : XferM1HalfCpltCallbackvalue: null
2024-11-05 17:17:55,968 [INFO] Argument:325 - Argument : XferErrorCallbackvalue: null
2024-11-05 17:17:55,968 [INFO] Argument:335 - Argument : XferErrorCallbackvalue: null
2024-11-05 17:17:55,968 [INFO] Argument:325 - Argument : XferAbortCallbackvalue: null
2024-11-05 17:17:55,968 [INFO] Argument:335 - Argument : XferAbortCallbackvalue: null
2024-11-05 17:17:55,968 [INFO] Argument:325 - Argument : ErrorCodevalue: null
2024-11-05 17:17:55,968 [INFO] Argument:335 - Argument : ErrorCodevalue: null
2024-11-05 17:17:55,968 [INFO] Argument:325 - Argument : DmaBaseAddressvalue: null
2024-11-05 17:17:55,968 [INFO] Argument:335 - Argument : DmaBaseAddressvalue: null
2024-11-05 17:17:55,968 [INFO] Argument:325 - Argument : ChannelIndexvalue: null
2024-11-05 17:17:55,968 [INFO] Argument:335 - Argument : ChannelIndexvalue: null
2024-11-05 17:17:55,968 [INFO] Argument:325 - Argument : DMAmuxChannelvalue: null
2024-11-05 17:17:55,968 [INFO] Argument:335 - Argument : DMAmuxChannelvalue: null
2024-11-05 17:17:55,968 [INFO] Argument:325 - Argument : DMAmuxChannelStatusvalue: null
2024-11-05 17:17:55,968 [INFO] Argument:335 - Argument : DMAmuxChannelStatusvalue: null
2024-11-05 17:17:55,968 [INFO] Argument:325 - Argument : DMAmuxChannelStatusMaskvalue: null
2024-11-05 17:17:55,968 [INFO] Argument:335 - Argument : DMAmuxChannelStatusMaskvalue: null
2024-11-05 17:17:55,968 [INFO] Argument:325 - Argument : DMAmuxRequestGenvalue: null
2024-11-05 17:17:55,968 [INFO] Argument:335 - Argument : DMAmuxRequestGenvalue: null
2024-11-05 17:17:55,968 [INFO] Argument:325 - Argument : DMAmuxRequestGenStatusvalue: null
2024-11-05 17:17:55,968 [INFO] Argument:335 - Argument : DMAmuxRequestGenStatusvalue: null
2024-11-05 17:17:55,968 [INFO] Argument:325 - Argument : DMAmuxRequestGenStatusMaskvalue: null
2024-11-05 17:17:55,968 [INFO] Argument:335 - Argument : DMAmuxRequestGenStatusMaskvalue: null
2024-11-05 17:17:55,968 [INFO] Argument:325 - Argument : ChannelAttributesvalue: DMA_CHANNEL_NPRIV
2024-11-05 17:17:55,968 [INFO] Argument:335 - Argument : ChannelAttributesvalue: DMA_CHANNEL_NPRIV
2024-11-05 17:17:56,032 [INFO] CodeEngine:255 - oldGeneratedFile, /home/ante/STM32CubeIDE/workspace_1.16.1/LoRaWAN_End_Node/MXTmpFiles/license.tmp_save
2024-11-05 17:17:56,104 [INFO] CodeEngine:279 - Generated code: /home/ante/STM32CubeIDE/workspace_1.16.1/LoRaWAN_End_Node/MXTmpFiles/license.tmp
2024-11-05 17:17:56,141 [INFO] CodeEngine:255 - oldGeneratedFile, /home/ante/STM32CubeIDE/workspace_1.16.1/LoRaWAN_End_Node/Core/Src/gpio.c_save
2024-11-05 17:17:56,204 [INFO] CodeEngine:279 - Generated code: /home/ante/STM32CubeIDE/workspace_1.16.1/LoRaWAN_End_Node/Core/Src/gpio.c
2024-11-05 17:17:56,205 [INFO] CodeEngine:255 - oldGeneratedFile, /home/ante/STM32CubeIDE/workspace_1.16.1/LoRaWAN_End_Node/Core/Inc/gpio.h_save
2024-11-05 17:17:56,257 [INFO] CodeEngine:279 - Generated code: /home/ante/STM32CubeIDE/workspace_1.16.1/LoRaWAN_End_Node/Core/Inc/gpio.h
2024-11-05 17:17:56,566 [WARN] IP:2191 - HourFormat not found: check if there is a RefParameter without a condition.
2024-11-05 17:17:56,566 [WARN] IP:2191 - SynchPrediv not found: check if there is a RefParameter without a condition.
2024-11-05 17:17:56,566 [WARN] IP:2191 - OutPut1 not found: check if there is a RefParameter without a condition.
2024-11-05 17:17:56,566 [WARN] IP:2191 - OutPut2 not found: check if there is a RefParameter without a condition.
2024-11-05 17:17:56,566 [WARN] IP:2191 - OutPut3 not found: check if there is a RefParameter without a condition.
2024-11-05 17:17:56,567 [WARN] IP:2191 - BinMixBcdU not found: check if there is a RefParameter without a condition.
2024-11-05 17:17:56,567 [WARN] IP:2191 - HourFormat not found: check if there is a RefParameter without a condition.
2024-11-05 17:17:56,567 [WARN] IP:2191 - SynchPrediv not found: check if there is a RefParameter without a condition.
2024-11-05 17:17:56,567 [WARN] IP:2191 - BinMixBcdU not found: check if there is a RefParameter without a condition.
2024-11-05 17:17:56,567 [WARN] IP:2191 - Hours not found: check if there is a RefParameter without a condition.
2024-11-05 17:17:56,567 [WARN] IP:2191 - Minutes not found: check if there is a RefParameter without a condition.
2024-11-05 17:17:56,567 [WARN] IP:2191 - Seconds not found: check if there is a RefParameter without a condition.
2024-11-05 17:17:56,567 [WARN] IP:2191 - TimeFormat not found: check if there is a RefParameter without a condition.
2024-11-05 17:17:56,567 [WARN] IP:2191 - DayLightSaving not found: check if there is a RefParameter without a condition.
2024-11-05 17:17:56,567 [WARN] IP:2191 - StoreOperation not found: check if there is a RefParameter without a condition.
2024-11-05 17:17:56,567 [WARN] IP:2191 - WeekDay not found: check if there is a RefParameter without a condition.
2024-11-05 17:17:56,567 [WARN] IP:2191 - Month not found: check if there is a RefParameter without a condition.
2024-11-05 17:17:56,567 [WARN] IP:2191 - Date not found: check if there is a RefParameter without a condition.
2024-11-05 17:17:56,567 [WARN] IP:2191 - Year not found: check if there is a RefParameter without a condition.
2024-11-05 17:17:56,820 [INFO] CodeEngine:255 - oldGeneratedFile, /home/ante/STM32CubeIDE/workspace_1.16.1/LoRaWAN_End_Node/Core/Src/adc.c_save
2024-11-05 17:17:56,901 [INFO] CodeEngine:279 - Generated code: /home/ante/STM32CubeIDE/workspace_1.16.1/LoRaWAN_End_Node/Core/Src/adc.c
2024-11-05 17:17:56,902 [INFO] CodeEngine:255 - oldGeneratedFile, /home/ante/STM32CubeIDE/workspace_1.16.1/LoRaWAN_End_Node/Core/Inc/adc.h_save
2024-11-05 17:17:56,950 [INFO] CodeEngine:279 - Generated code: /home/ante/STM32CubeIDE/workspace_1.16.1/LoRaWAN_End_Node/Core/Inc/adc.h
2024-11-05 17:17:56,966 [INFO] CodeEngine:255 - oldGeneratedFile, /home/ante/STM32CubeIDE/workspace_1.16.1/LoRaWAN_End_Node/Core/Src/dma.c_save
2024-11-05 17:17:57,015 [INFO] CodeEngine:279 - Generated code: /home/ante/STM32CubeIDE/workspace_1.16.1/LoRaWAN_End_Node/Core/Src/dma.c
2024-11-05 17:17:57,016 [INFO] CodeEngine:255 - oldGeneratedFile, /home/ante/STM32CubeIDE/workspace_1.16.1/LoRaWAN_End_Node/Core/Inc/dma.h_save
2024-11-05 17:17:57,063 [INFO] CodeEngine:279 - Generated code: /home/ante/STM32CubeIDE/workspace_1.16.1/LoRaWAN_End_Node/Core/Inc/dma.h
2024-11-05 17:17:57,065 [INFO] CodeEngine:255 - oldGeneratedFile, /home/ante/STM32CubeIDE/workspace_1.16.1/LoRaWAN_End_Node/Core/Src/i2c.c_save
2024-11-05 17:17:57,130 [INFO] CodeEngine:279 - Generated code: /home/ante/STM32CubeIDE/workspace_1.16.1/LoRaWAN_End_Node/Core/Src/i2c.c
2024-11-05 17:17:57,131 [INFO] CodeEngine:255 - oldGeneratedFile, /home/ante/STM32CubeIDE/workspace_1.16.1/LoRaWAN_End_Node/Core/Inc/i2c.h_save
2024-11-05 17:17:57,177 [INFO] CodeEngine:279 - Generated code: /home/ante/STM32CubeIDE/workspace_1.16.1/LoRaWAN_End_Node/Core/Inc/i2c.h
2024-11-05 17:17:57,192 [INFO] CodeEngine:255 - oldGeneratedFile, /home/ante/STM32CubeIDE/workspace_1.16.1/LoRaWAN_End_Node/Core/Inc/platform.h_save
2024-11-05 17:17:57,239 [INFO] CodeEngine:279 - Generated code: /home/ante/STM32CubeIDE/workspace_1.16.1/LoRaWAN_End_Node/Core/Inc/platform.h
2024-11-05 17:17:57,240 [INFO] CodeEngine:255 - oldGeneratedFile, /home/ante/STM32CubeIDE/workspace_1.16.1/LoRaWAN_End_Node/Core/Inc/flash_if.h_save
2024-11-05 17:17:57,287 [INFO] CodeEngine:279 - Generated code: /home/ante/STM32CubeIDE/workspace_1.16.1/LoRaWAN_End_Node/Core/Inc/flash_if.h
2024-11-05 17:17:57,288 [INFO] CodeEngine:255 - oldGeneratedFile, /home/ante/STM32CubeIDE/workspace_1.16.1/LoRaWAN_End_Node/Core/Inc/stm32_lpm_if.h_save
2024-11-05 17:17:57,334 [INFO] CodeEngine:279 - Generated code: /home/ante/STM32CubeIDE/workspace_1.16.1/LoRaWAN_End_Node/Core/Inc/stm32_lpm_if.h
2024-11-05 17:17:57,335 [INFO] CodeEngine:255 - oldGeneratedFile, /home/ante/STM32CubeIDE/workspace_1.16.1/LoRaWAN_End_Node/Core/Inc/sys_app.h_save
2024-11-05 17:17:57,383 [INFO] CodeEngine:279 - Generated code: /home/ante/STM32CubeIDE/workspace_1.16.1/LoRaWAN_End_Node/Core/Inc/sys_app.h
2024-11-05 17:17:57,384 [INFO] CodeEngine:255 - oldGeneratedFile, /home/ante/STM32CubeIDE/workspace_1.16.1/LoRaWAN_End_Node/Core/Inc/sys_conf.h_save
2024-11-05 17:17:57,432 [INFO] CodeEngine:279 - Generated code: /home/ante/STM32CubeIDE/workspace_1.16.1/LoRaWAN_End_Node/Core/Inc/sys_conf.h
2024-11-05 17:17:57,433 [INFO] CodeEngine:255 - oldGeneratedFile, /home/ante/STM32CubeIDE/workspace_1.16.1/LoRaWAN_End_Node/Core/Inc/sys_sensors.h_save
2024-11-05 17:17:57,480 [INFO] CodeEngine:279 - Generated code: /home/ante/STM32CubeIDE/workspace_1.16.1/LoRaWAN_End_Node/Core/Inc/sys_sensors.h
2024-11-05 17:17:57,481 [INFO] CodeEngine:255 - oldGeneratedFile, /home/ante/STM32CubeIDE/workspace_1.16.1/LoRaWAN_End_Node/Core/Inc/sys_debug.h_save
2024-11-05 17:17:57,529 [INFO] CodeEngine:279 - Generated code: /home/ante/STM32CubeIDE/workspace_1.16.1/LoRaWAN_End_Node/Core/Inc/sys_debug.h
2024-11-05 17:17:57,531 [INFO] CodeEngine:255 - oldGeneratedFile, /home/ante/STM32CubeIDE/workspace_1.16.1/LoRaWAN_End_Node/Core/Inc/utilities_conf.h_save
2024-11-05 17:17:57,580 [INFO] CodeEngine:279 - Generated code: /home/ante/STM32CubeIDE/workspace_1.16.1/LoRaWAN_End_Node/Core/Inc/utilities_conf.h
2024-11-05 17:17:57,582 [INFO] CodeEngine:255 - oldGeneratedFile, /home/ante/STM32CubeIDE/workspace_1.16.1/LoRaWAN_End_Node/Core/Inc/utilities_def.h_save
2024-11-05 17:17:57,632 [INFO] CodeEngine:279 - Generated code: /home/ante/STM32CubeIDE/workspace_1.16.1/LoRaWAN_End_Node/Core/Inc/utilities_def.h
2024-11-05 17:17:57,633 [INFO] CodeEngine:255 - oldGeneratedFile, /home/ante/STM32CubeIDE/workspace_1.16.1/LoRaWAN_End_Node/Core/Inc/stm32wlxx_nucleo_conf.h_save
2024-11-05 17:17:57,680 [INFO] CodeEngine:279 - Generated code: /home/ante/STM32CubeIDE/workspace_1.16.1/LoRaWAN_End_Node/Core/Inc/stm32wlxx_nucleo_conf.h
2024-11-05 17:17:57,682 [INFO] CodeEngine:255 - oldGeneratedFile, /home/ante/STM32CubeIDE/workspace_1.16.1/LoRaWAN_End_Node/Core/Inc/timer_if.h_save
2024-11-05 17:17:57,729 [INFO] CodeEngine:279 - Generated code: /home/ante/STM32CubeIDE/workspace_1.16.1/LoRaWAN_End_Node/Core/Inc/timer_if.h
2024-11-05 17:17:57,730 [INFO] CodeEngine:255 - oldGeneratedFile, /home/ante/STM32CubeIDE/workspace_1.16.1/LoRaWAN_End_Node/Core/Src/flash_if.c_save
2024-11-05 17:17:57,792 [INFO] CodeEngine:279 - Generated code: /home/ante/STM32CubeIDE/workspace_1.16.1/LoRaWAN_End_Node/Core/Src/flash_if.c
2024-11-05 17:17:57,794 [INFO] CodeEngine:255 - oldGeneratedFile, /home/ante/STM32CubeIDE/workspace_1.16.1/LoRaWAN_End_Node/Core/Src/stm32_lpm_if.c_save
2024-11-05 17:17:57,845 [INFO] CodeEngine:279 - Generated code: /home/ante/STM32CubeIDE/workspace_1.16.1/LoRaWAN_End_Node/Core/Src/stm32_lpm_if.c
2024-11-05 17:17:57,846 [INFO] CodeEngine:255 - oldGeneratedFile, /home/ante/STM32CubeIDE/workspace_1.16.1/LoRaWAN_End_Node/Core/Src/sys_app.c_save
2024-11-05 17:17:57,918 [INFO] CodeEngine:279 - Generated code: /home/ante/STM32CubeIDE/workspace_1.16.1/LoRaWAN_End_Node/Core/Src/sys_app.c
2024-11-05 17:17:57,920 [INFO] CodeEngine:255 - oldGeneratedFile, /home/ante/STM32CubeIDE/workspace_1.16.1/LoRaWAN_End_Node/Core/Src/sys_debug.c_save
2024-11-05 17:17:57,970 [INFO] CodeEngine:279 - Generated code: /home/ante/STM32CubeIDE/workspace_1.16.1/LoRaWAN_End_Node/Core/Src/sys_debug.c
2024-11-05 17:17:57,971 [INFO] CodeEngine:255 - oldGeneratedFile, /home/ante/STM32CubeIDE/workspace_1.16.1/LoRaWAN_End_Node/Core/Src/sys_sensors.c_save
2024-11-05 17:17:58,039 [INFO] CodeEngine:279 - Generated code: /home/ante/STM32CubeIDE/workspace_1.16.1/LoRaWAN_End_Node/Core/Src/sys_sensors.c
2024-11-05 17:17:58,041 [INFO] CodeEngine:255 - oldGeneratedFile, /home/ante/STM32CubeIDE/workspace_1.16.1/LoRaWAN_End_Node/Core/Src/timer_if.c_save
2024-11-05 17:17:58,113 [INFO] CodeEngine:279 - Generated code: /home/ante/STM32CubeIDE/workspace_1.16.1/LoRaWAN_End_Node/Core/Src/timer_if.c
2024-11-05 17:17:58,115 [INFO] CodeEngine:255 - oldGeneratedFile, /home/ante/STM32CubeIDE/workspace_1.16.1/LoRaWAN_End_Node/LoRaWAN/App/app_lorawan.c_save
2024-11-05 17:17:58,164 [INFO] CodeEngine:279 - Generated code: /home/ante/STM32CubeIDE/workspace_1.16.1/LoRaWAN_End_Node/LoRaWAN/App/app_lorawan.c
2024-11-05 17:17:58,165 [INFO] CodeEngine:255 - oldGeneratedFile, /home/ante/STM32CubeIDE/workspace_1.16.1/LoRaWAN_End_Node/LoRaWAN/App/app_lorawan.h_save
2024-11-05 17:17:58,211 [INFO] CodeEngine:279 - Generated code: /home/ante/STM32CubeIDE/workspace_1.16.1/LoRaWAN_End_Node/LoRaWAN/App/app_lorawan.h
2024-11-05 17:17:58,212 [INFO] CodeEngine:255 - oldGeneratedFile, /home/ante/STM32CubeIDE/workspace_1.16.1/LoRaWAN_End_Node/LoRaWAN/App/CayenneLpp.c_save
2024-11-05 17:17:58,260 [INFO] CodeEngine:279 - Generated code: /home/ante/STM32CubeIDE/workspace_1.16.1/LoRaWAN_End_Node/LoRaWAN/App/CayenneLpp.c
2024-11-05 17:17:58,261 [INFO] CodeEngine:255 - oldGeneratedFile, /home/ante/STM32CubeIDE/workspace_1.16.1/LoRaWAN_End_Node/LoRaWAN/App/CayenneLpp.h_save
2024-11-05 17:17:58,307 [INFO] CodeEngine:279 - Generated code: /home/ante/STM32CubeIDE/workspace_1.16.1/LoRaWAN_End_Node/LoRaWAN/App/CayenneLpp.h
2024-11-05 17:17:58,308 [INFO] CodeEngine:255 - oldGeneratedFile, /home/ante/STM32CubeIDE/workspace_1.16.1/LoRaWAN_End_Node/LoRaWAN/App/Commissioning.h_save
2024-11-05 17:17:58,353 [INFO] CodeEngine:279 - Generated code: /home/ante/STM32CubeIDE/workspace_1.16.1/LoRaWAN_End_Node/LoRaWAN/App/Commissioning.h
2024-11-05 17:17:58,354 [INFO] CodeEngine:255 - oldGeneratedFile, /home/ante/STM32CubeIDE/workspace_1.16.1/LoRaWAN_End_Node/LoRaWAN/App/se-identity.h_save
2024-11-05 17:17:58,416 [INFO] CodeEngine:279 - Generated code: /home/ante/STM32CubeIDE/workspace_1.16.1/LoRaWAN_End_Node/LoRaWAN/App/se-identity.h
2024-11-05 17:17:58,419 [INFO] CodeEngine:255 - oldGeneratedFile, /home/ante/STM32CubeIDE/workspace_1.16.1/LoRaWAN_End_Node/LoRaWAN/App/lora_app.c_save
2024-11-05 17:17:58,519 [INFO] CodeEngine:279 - Generated code: /home/ante/STM32CubeIDE/workspace_1.16.1/LoRaWAN_End_Node/LoRaWAN/App/lora_app.c
2024-11-05 17:17:58,522 [INFO] CodeEngine:255 - oldGeneratedFile, /home/ante/STM32CubeIDE/workspace_1.16.1/LoRaWAN_End_Node/LoRaWAN/App/lora_app.h_save
2024-11-05 17:17:58,572 [INFO] CodeEngine:279 - Generated code: /home/ante/STM32CubeIDE/workspace_1.16.1/LoRaWAN_End_Node/LoRaWAN/App/lora_app.h
2024-11-05 17:17:58,573 [INFO] CodeEngine:255 - oldGeneratedFile, /home/ante/STM32CubeIDE/workspace_1.16.1/LoRaWAN_End_Node/LoRaWAN/App/app_version.h_save
2024-11-05 17:17:58,620 [INFO] CodeEngine:279 - Generated code: /home/ante/STM32CubeIDE/workspace_1.16.1/LoRaWAN_End_Node/LoRaWAN/App/app_version.h
2024-11-05 17:17:58,621 [INFO] CodeEngine:255 - oldGeneratedFile, /home/ante/STM32CubeIDE/workspace_1.16.1/LoRaWAN_End_Node/LoRaWAN/App/lora_info.c_save
2024-11-05 17:17:58,669 [INFO] CodeEngine:279 - Generated code: /home/ante/STM32CubeIDE/workspace_1.16.1/LoRaWAN_End_Node/LoRaWAN/App/lora_info.c
2024-11-05 17:17:58,670 [INFO] CodeEngine:255 - oldGeneratedFile, /home/ante/STM32CubeIDE/workspace_1.16.1/LoRaWAN_End_Node/LoRaWAN/App/lora_info.h_save
2024-11-05 17:17:58,716 [INFO] CodeEngine:279 - Generated code: /home/ante/STM32CubeIDE/workspace_1.16.1/LoRaWAN_End_Node/LoRaWAN/App/lora_info.h
2024-11-05 17:17:58,717 [INFO] CodeEngine:255 - oldGeneratedFile, /home/ante/STM32CubeIDE/workspace_1.16.1/LoRaWAN_End_Node/LoRaWAN/Target/lorawan_conf.h_save
2024-11-05 17:17:58,777 [INFO] CodeEngine:279 - Generated code: /home/ante/STM32CubeIDE/workspace_1.16.1/LoRaWAN_End_Node/LoRaWAN/Target/lorawan_conf.h
2024-11-05 17:17:58,778 [INFO] CodeEngine:255 - oldGeneratedFile, /home/ante/STM32CubeIDE/workspace_1.16.1/LoRaWAN_End_Node/LoRaWAN/Target/mw_log_conf.h_save
2024-11-05 17:17:58,825 [INFO] CodeEngine:279 - Generated code: /home/ante/STM32CubeIDE/workspace_1.16.1/LoRaWAN_End_Node/LoRaWAN/Target/mw_log_conf.h
2024-11-05 17:17:58,826 [INFO] CodeEngine:255 - oldGeneratedFile, /home/ante/STM32CubeIDE/workspace_1.16.1/LoRaWAN_End_Node/LoRaWAN/Target/radio_board_if.c_save
2024-11-05 17:17:58,881 [INFO] CodeEngine:279 - Generated code: /home/ante/STM32CubeIDE/workspace_1.16.1/LoRaWAN_End_Node/LoRaWAN/Target/radio_board_if.c
2024-11-05 17:17:58,882 [INFO] CodeEngine:255 - oldGeneratedFile, /home/ante/STM32CubeIDE/workspace_1.16.1/LoRaWAN_End_Node/LoRaWAN/Target/radio_board_if.h_save
2024-11-05 17:17:58,932 [INFO] CodeEngine:279 - Generated code: /home/ante/STM32CubeIDE/workspace_1.16.1/LoRaWAN_End_Node/LoRaWAN/Target/radio_board_if.h
2024-11-05 17:17:58,934 [INFO] CodeEngine:255 - oldGeneratedFile, /home/ante/STM32CubeIDE/workspace_1.16.1/LoRaWAN_End_Node/LoRaWAN/Target/radio_conf.h_save
2024-11-05 17:17:58,982 [INFO] CodeEngine:279 - Generated code: /home/ante/STM32CubeIDE/workspace_1.16.1/LoRaWAN_End_Node/LoRaWAN/Target/radio_conf.h
2024-11-05 17:17:58,984 [INFO] CodeEngine:255 - oldGeneratedFile, /home/ante/STM32CubeIDE/workspace_1.16.1/LoRaWAN_End_Node/LoRaWAN/Target/systime.h_save
2024-11-05 17:17:59,030 [INFO] CodeEngine:279 - Generated code: /home/ante/STM32CubeIDE/workspace_1.16.1/LoRaWAN_End_Node/LoRaWAN/Target/systime.h
2024-11-05 17:17:59,031 [INFO] CodeEngine:255 - oldGeneratedFile, /home/ante/STM32CubeIDE/workspace_1.16.1/LoRaWAN_End_Node/LoRaWAN/Target/timer.h_save
2024-11-05 17:17:59,078 [INFO] CodeEngine:279 - Generated code: /home/ante/STM32CubeIDE/workspace_1.16.1/LoRaWAN_End_Node/LoRaWAN/Target/timer.h
2024-11-05 17:17:59,079 [INFO] CodeEngine:255 - oldGeneratedFile, /home/ante/STM32CubeIDE/workspace_1.16.1/LoRaWAN_End_Node/Core/Src/adc_if.c_save
2024-11-05 17:17:59,131 [INFO] CodeEngine:279 - Generated code: /home/ante/STM32CubeIDE/workspace_1.16.1/LoRaWAN_End_Node/Core/Src/adc_if.c
2024-11-05 17:17:59,132 [INFO] CodeEngine:255 - oldGeneratedFile, /home/ante/STM32CubeIDE/workspace_1.16.1/LoRaWAN_End_Node/Core/Inc/adc_if.h_save
2024-11-05 17:17:59,179 [INFO] CodeEngine:279 - Generated code: /home/ante/STM32CubeIDE/workspace_1.16.1/LoRaWAN_End_Node/Core/Inc/adc_if.h
2024-11-05 17:17:59,180 [INFO] CodeEngine:255 - oldGeneratedFile, /home/ante/STM32CubeIDE/workspace_1.16.1/LoRaWAN_End_Node/Core/Inc/usart_if.h_save
2024-11-05 17:17:59,227 [INFO] CodeEngine:279 - Generated code: /home/ante/STM32CubeIDE/workspace_1.16.1/LoRaWAN_End_Node/Core/Inc/usart_if.h
2024-11-05 17:17:59,228 [INFO] CodeEngine:255 - oldGeneratedFile, /home/ante/STM32CubeIDE/workspace_1.16.1/LoRaWAN_End_Node/Core/Src/usart_if.c_save
2024-11-05 17:17:59,281 [INFO] CodeEngine:279 - Generated code: /home/ante/STM32CubeIDE/workspace_1.16.1/LoRaWAN_End_Node/Core/Src/usart_if.c
2024-11-05 17:17:59,283 [INFO] CodeEngine:255 - oldGeneratedFile, /home/ante/STM32CubeIDE/workspace_1.16.1/LoRaWAN_End_Node/Core/Src/rtc.c_save
2024-11-05 17:17:59,351 [INFO] CodeEngine:279 - Generated code: /home/ante/STM32CubeIDE/workspace_1.16.1/LoRaWAN_End_Node/Core/Src/rtc.c
2024-11-05 17:17:59,351 [INFO] CodeEngine:255 - oldGeneratedFile, /home/ante/STM32CubeIDE/workspace_1.16.1/LoRaWAN_End_Node/Core/Inc/rtc.h_save
2024-11-05 17:17:59,398 [INFO] CodeEngine:279 - Generated code: /home/ante/STM32CubeIDE/workspace_1.16.1/LoRaWAN_End_Node/Core/Inc/rtc.h
2024-11-05 17:17:59,400 [INFO] CodeEngine:255 - oldGeneratedFile, /home/ante/STM32CubeIDE/workspace_1.16.1/LoRaWAN_End_Node/Core/Src/subghz.c_save
2024-11-05 17:17:59,464 [INFO] CodeEngine:279 - Generated code: /home/ante/STM32CubeIDE/workspace_1.16.1/LoRaWAN_End_Node/Core/Src/subghz.c
2024-11-05 17:17:59,465 [INFO] CodeEngine:255 - oldGeneratedFile, /home/ante/STM32CubeIDE/workspace_1.16.1/LoRaWAN_End_Node/Core/Inc/subghz.h_save
2024-11-05 17:17:59,512 [INFO] CodeEngine:279 - Generated code: /home/ante/STM32CubeIDE/workspace_1.16.1/LoRaWAN_End_Node/Core/Inc/subghz.h
2024-11-05 17:17:59,514 [INFO] CodeEngine:255 - oldGeneratedFile, /home/ante/STM32CubeIDE/workspace_1.16.1/LoRaWAN_End_Node/Core/Src/usart.c_save
2024-11-05 17:17:59,612 [INFO] CodeEngine:279 - Generated code: /home/ante/STM32CubeIDE/workspace_1.16.1/LoRaWAN_End_Node/Core/Src/usart.c
2024-11-05 17:17:59,613 [INFO] CodeEngine:255 - oldGeneratedFile, /home/ante/STM32CubeIDE/workspace_1.16.1/LoRaWAN_End_Node/Core/Inc/usart.h_save
2024-11-05 17:17:59,679 [INFO] CodeEngine:279 - Generated code: /home/ante/STM32CubeIDE/workspace_1.16.1/LoRaWAN_End_Node/Core/Inc/usart.h
2024-11-05 17:17:59,688 [INFO] CodeEngine:255 - oldGeneratedFile, /home/ante/STM32CubeIDE/workspace_1.16.1/LoRaWAN_End_Node/Core/Src/stm32wlxx_it.c_save
2024-11-05 17:17:59,858 [INFO] CodeEngine:279 - Generated code: /home/ante/STM32CubeIDE/workspace_1.16.1/LoRaWAN_End_Node/Core/Src/stm32wlxx_it.c
2024-11-05 17:17:59,859 [INFO] CodeEngine:255 - oldGeneratedFile, /home/ante/STM32CubeIDE/workspace_1.16.1/LoRaWAN_End_Node/Core/Inc/stm32wlxx_it.h_save
2024-11-05 17:17:59,905 [INFO] CodeEngine:279 - Generated code: /home/ante/STM32CubeIDE/workspace_1.16.1/LoRaWAN_End_Node/Core/Inc/stm32wlxx_it.h
2024-11-05 17:17:59,966 [INFO] CodeEngine:255 - oldGeneratedFile, /home/ante/STM32CubeIDE/workspace_1.16.1/LoRaWAN_End_Node/Core/Src/stm32wlxx_hal_msp.c_save
2024-11-05 17:18:00,035 [INFO] CodeEngine:279 - Generated code: /home/ante/STM32CubeIDE/workspace_1.16.1/LoRaWAN_End_Node/Core/Src/stm32wlxx_hal_msp.c
2024-11-05 17:18:00,037 [INFO] CodeEngine:255 - oldGeneratedFile, /home/ante/STM32CubeIDE/workspace_1.16.1/LoRaWAN_End_Node/MXTmpFiles/system.tmp_save
2024-11-05 17:18:00,083 [INFO] CodeEngine:279 - Generated code: /home/ante/STM32CubeIDE/workspace_1.16.1/LoRaWAN_End_Node/MXTmpFiles/system.tmp
2024-11-05 17:18:00,085 [INFO] CodeEngine:311 - oldGeneratedFile, /home/ante/STM32CubeIDE/workspace_1.16.1/LoRaWAN_End_Node/Core/Inc/stm32wlxx_hal_conf.h_save
2024-11-05 17:18:00,135 [INFO] CodeEngine:335 - Generated code: /home/ante/STM32CubeIDE/workspace_1.16.1/LoRaWAN_End_Node/Core/Inc/stm32wlxx_hal_conf.h
2024-11-05 17:18:00,144 [INFO] CodeEngine:255 - oldGeneratedFile, /home/ante/STM32CubeIDE/workspace_1.16.1/LoRaWAN_End_Node/Core/Inc/main.h_save
2024-11-05 17:18:00,194 [INFO] CodeEngine:279 - Generated code: /home/ante/STM32CubeIDE/workspace_1.16.1/LoRaWAN_End_Node/Core/Inc/main.h
2024-11-05 17:18:00,196 [INFO] CodeEngine:255 - oldGeneratedFile, /home/ante/STM32CubeIDE/workspace_1.16.1/LoRaWAN_End_Node/Core/Src/main.c_save
2024-11-05 17:18:00,262 [INFO] CodeEngine:279 - Generated code: /home/ante/STM32CubeIDE/workspace_1.16.1/LoRaWAN_End_Node/Core/Src/main.c
2024-11-05 17:18:00,497 [INFO] ProjectBuilder:3249 - Time for Copy HAL[1] : 94mS.
2024-11-05 17:18:00,501 [INFO] ProjectBuilder:4828 - Project Generator version: 4.5.0-B34
2024-11-05 17:18:00,563 [INFO] ConfigFileManager:1531 - The Die is : DIE497
2024-11-05 17:18:01,544 [INFO] ProjectBuilder:5097 - Time for Generating toolchain IDE Files: 1044mS.
2024-11-05 17:18:01,544 [INFO] ProjectBuilder:3107 - Time for Copy CMSIS : 0mS.
2024-11-05 17:18:01,546 [INFO] ProjectBuilder:3107 - Time for Copy CMSIS : 0mS.
2024-11-05 17:21:40,243 [INFO] Middleware:612 - instanceName : LORAWAN bspName : USART check condition failed for : SEM_LORA_AT_SLAVE
2024-11-05 17:21:40,244 [INFO] Middleware:617 - instanceName : LORAWAN bspName : USART check condition success for : SEM_LORA_END_NODE  | SEM_LORA_USE_UART
2024-11-05 17:21:40,244 [INFO] Middleware:617 - instanceName : LORAWAN bspName : ADC check condition success for : !SEM_LORA_USER_APPLICATION | SEM_LORA_USE_ADC
2024-11-05 17:21:40,244 [INFO] Middleware:617 - instanceName : LORAWAN bspName : RTC check condition success for : !SEM_LORA_USER_APPLICATION | SEM_LORA_USE_RTC
2024-11-05 17:21:40,244 [INFO] Middleware:617 - instanceName : LORAWAN bspName : Debug Line 1 check condition success for : SEM_PROBE_LINE_FOR_LORA
2024-11-05 17:21:40,244 [INFO] Middleware:617 - instanceName : LORAWAN bspName : Debug Line 2 check condition success for : SEM_PROBE_LINE_FOR_LORA
2024-11-05 17:21:40,244 [INFO] Middleware:617 - instanceName : LORAWAN bspName : Debug Line 3 check condition success for : SEM_PROBE_LINE_FOR_LORA
2024-11-05 17:21:40,244 [INFO] Middleware:617 - instanceName : LORAWAN bspName : Debug Line 4 check condition success for : SEM_PROBE_LINE_FOR_LORA
2024-11-05 17:21:40,244 [INFO] Middleware:612 - instanceName : LORAWAN bspName : USART check condition failed for : SEM_LORA_AT_SLAVE
2024-11-05 17:21:40,244 [INFO] Middleware:617 - instanceName : LORAWAN bspName : USART check condition success for : SEM_LORA_END_NODE  | SEM_LORA_USE_UART
2024-11-05 17:21:40,244 [INFO] Middleware:617 - instanceName : LORAWAN bspName : ADC check condition success for : !SEM_LORA_USER_APPLICATION | SEM_LORA_USE_ADC
2024-11-05 17:21:40,244 [INFO] Middleware:617 - instanceName : LORAWAN bspName : RTC check condition success for : !SEM_LORA_USER_APPLICATION | SEM_LORA_USE_RTC
2024-11-05 17:21:40,244 [INFO] Middleware:617 - instanceName : LORAWAN bspName : Debug Line 1 check condition success for : SEM_PROBE_LINE_FOR_LORA
2024-11-05 17:21:40,244 [INFO] Middleware:617 - instanceName : LORAWAN bspName : Debug Line 2 check condition success for : SEM_PROBE_LINE_FOR_LORA
2024-11-05 17:21:40,244 [INFO] Middleware:617 - instanceName : LORAWAN bspName : Debug Line 3 check condition success for : SEM_PROBE_LINE_FOR_LORA
2024-11-05 17:21:40,244 [INFO] Middleware:617 - instanceName : LORAWAN bspName : Debug Line 4 check condition success for : SEM_PROBE_LINE_FOR_LORA
2024-11-05 17:21:40,276 [INFO] Middleware:612 - instanceName : LORAWAN bspName : USART check condition failed for : SEM_LORA_AT_SLAVE
2024-11-05 17:21:40,276 [INFO] Middleware:617 - instanceName : LORAWAN bspName : USART check condition success for : SEM_LORA_END_NODE  | SEM_LORA_USE_UART
2024-11-05 17:21:40,276 [INFO] Middleware:617 - instanceName : LORAWAN bspName : ADC check condition success for : !SEM_LORA_USER_APPLICATION | SEM_LORA_USE_ADC
2024-11-05 17:21:40,276 [INFO] Middleware:617 - instanceName : LORAWAN bspName : RTC check condition success for : !SEM_LORA_USER_APPLICATION | SEM_LORA_USE_RTC
2024-11-05 17:21:40,276 [INFO] Middleware:617 - instanceName : LORAWAN bspName : Debug Line 1 check condition success for : SEM_PROBE_LINE_FOR_LORA
2024-11-05 17:21:40,276 [INFO] Middleware:617 - instanceName : LORAWAN bspName : Debug Line 2 check condition success for : SEM_PROBE_LINE_FOR_LORA
2024-11-05 17:21:40,276 [INFO] Middleware:617 - instanceName : LORAWAN bspName : Debug Line 3 check condition success for : SEM_PROBE_LINE_FOR_LORA
2024-11-05 17:21:40,276 [INFO] Middleware:617 - instanceName : LORAWAN bspName : Debug Line 4 check condition success for : SEM_PROBE_LINE_FOR_LORA
2024-11-05 17:21:40,314 [INFO] Middleware:612 - instanceName : LORAWAN bspName : USART check condition failed for : SEM_LORA_AT_SLAVE
2024-11-05 17:21:40,314 [INFO] Middleware:617 - instanceName : LORAWAN bspName : USART check condition success for : SEM_LORA_END_NODE  | SEM_LORA_USE_UART
2024-11-05 17:21:40,314 [INFO] Middleware:617 - instanceName : LORAWAN bspName : ADC check condition success for : !SEM_LORA_USER_APPLICATION | SEM_LORA_USE_ADC
2024-11-05 17:21:40,314 [INFO] Middleware:617 - instanceName : LORAWAN bspName : RTC check condition success for : !SEM_LORA_USER_APPLICATION | SEM_LORA_USE_RTC
2024-11-05 17:21:40,314 [INFO] Middleware:617 - instanceName : LORAWAN bspName : Debug Line 1 check condition success for : SEM_PROBE_LINE_FOR_LORA
2024-11-05 17:21:40,314 [INFO] Middleware:617 - instanceName : LORAWAN bspName : Debug Line 2 check condition success for : SEM_PROBE_LINE_FOR_LORA
2024-11-05 17:21:40,314 [INFO] Middleware:617 - instanceName : LORAWAN bspName : Debug Line 3 check condition success for : SEM_PROBE_LINE_FOR_LORA
2024-11-05 17:21:40,314 [INFO] Middleware:617 - instanceName : LORAWAN bspName : Debug Line 4 check condition success for : SEM_PROBE_LINE_FOR_LORA
2024-11-05 17:21:44,255 [INFO] UtilMem:75 - End SaveConfig() Used Memory: 318056944 Bytes (947912704)
2024-11-05 17:21:46,716 [INFO] UtilMem:75 - End SaveConfig() Used Memory: 312039504 Bytes (947912704)
2024-11-05 17:21:49,226 [INFO] UtilMem:75 - End SaveConfig() Used Memory: 379148368 Bytes (947912704)
2024-11-05 17:21:49,311 [INFO] BlockDiagram:2766 - set Specific Code input for plugin: ADC
2024-11-05 17:21:49,311 [INFO] BlockDiagram:2766 - set Specific Code input for plugin: SEQUENCER
2024-11-05 17:21:49,311 [INFO] BlockDiagram:2766 - set Specific Code input for plugin: ADV_TRACE
2024-11-05 17:21:49,311 [INFO] BlockDiagram:2766 - set Specific Code input for plugin: SUBGHZ
2024-11-05 17:21:49,311 [INFO] BlockDiagram:2766 - set Specific Code input for plugin: SYS
2024-11-05 17:21:49,311 [INFO] BlockDiagram:2766 - set Specific Code input for plugin: RCC
2024-11-05 17:21:49,311 [INFO] BlockDiagram:2766 - set Specific Code input for plugin: I2C
2024-11-05 17:21:49,311 [INFO] BlockDiagram:2766 - set Specific Code input for plugin: TINY_LPM
2024-11-05 17:21:49,311 [INFO] BlockDiagram:2766 - set Specific Code input for plugin: RTC
2024-11-05 17:21:49,311 [INFO] BlockDiagram:2766 - set Specific Code input for plugin: NVIC
2024-11-05 17:21:49,311 [INFO] BlockDiagram:2766 - set Specific Code input for plugin: MISC
2024-11-05 17:21:49,311 [INFO] BlockDiagram:2766 - set Specific Code input for plugin: USART
2024-11-05 17:21:49,311 [INFO] BlockDiagram:2766 - set Specific Code input for plugin: LoRaWAN
2024-11-05 17:21:49,311 [INFO] BlockDiagram:2766 - set Specific Code input for plugin: DMA
2024-11-05 17:21:49,311 [INFO] BlockDiagram:2766 - set Specific Code input for plugin: TIMER
2024-11-05 17:21:49,311 [INFO] BlockDiagram:2766 - set Specific Code input for plugin: GPIO
2024-11-05 17:21:49,312 [INFO] CodeGenerator:807 - code generatio: config db path: /home/ante/st/stm32cubeide_1.16.1/plugins/com.st.stm32cube.common.mx_6.12.1.202409122256//db/
2024-11-05 17:21:49,329 [WARN] IP:2191 - HourFormat not found: check if there is a RefParameter without a condition.
2024-11-05 17:21:49,330 [WARN] IP:2191 - SynchPrediv not found: check if there is a RefParameter without a condition.
2024-11-05 17:21:49,330 [WARN] IP:2191 - OutPut1 not found: check if there is a RefParameter without a condition.
2024-11-05 17:21:49,330 [WARN] IP:2191 - OutPut2 not found: check if there is a RefParameter without a condition.
2024-11-05 17:21:49,330 [WARN] IP:2191 - OutPut3 not found: check if there is a RefParameter without a condition.
2024-11-05 17:21:49,330 [WARN] IP:2191 - BinMixBcdU not found: check if there is a RefParameter without a condition.
2024-11-05 17:21:49,330 [WARN] IP:2191 - HourFormat not found: check if there is a RefParameter without a condition.
2024-11-05 17:21:49,330 [WARN] IP:2191 - SynchPrediv not found: check if there is a RefParameter without a condition.
2024-11-05 17:21:49,330 [WARN] IP:2191 - BinMixBcdU not found: check if there is a RefParameter without a condition.
2024-11-05 17:21:49,330 [WARN] IP:2191 - Hours not found: check if there is a RefParameter without a condition.
2024-11-05 17:21:49,330 [WARN] IP:2191 - Minutes not found: check if there is a RefParameter without a condition.
2024-11-05 17:21:49,330 [WARN] IP:2191 - Seconds not found: check if there is a RefParameter without a condition.
2024-11-05 17:21:49,330 [WARN] IP:2191 - TimeFormat not found: check if there is a RefParameter without a condition.
2024-11-05 17:21:49,330 [WARN] IP:2191 - DayLightSaving not found: check if there is a RefParameter without a condition.
2024-11-05 17:21:49,330 [WARN] IP:2191 - StoreOperation not found: check if there is a RefParameter without a condition.
2024-11-05 17:21:49,330 [WARN] IP:2191 - WeekDay not found: check if there is a RefParameter without a condition.
2024-11-05 17:21:49,330 [WARN] IP:2191 - Month not found: check if there is a RefParameter without a condition.
2024-11-05 17:21:49,330 [WARN] IP:2191 - Date not found: check if there is a RefParameter without a condition.
2024-11-05 17:21:49,331 [WARN] IP:2191 - Year not found: check if there is a RefParameter without a condition.
2024-11-05 17:21:49,331 [WARN] IP:2191 - HourFormat not found: check if there is a RefParameter without a condition.
2024-11-05 17:21:49,331 [WARN] IP:2191 - SynchPrediv not found: check if there is a RefParameter without a condition.
2024-11-05 17:21:49,331 [WARN] IP:2191 - OutPut1 not found: check if there is a RefParameter without a condition.
2024-11-05 17:21:49,331 [WARN] IP:2191 - OutPut2 not found: check if there is a RefParameter without a condition.
2024-11-05 17:21:49,331 [WARN] IP:2191 - OutPut3 not found: check if there is a RefParameter without a condition.
2024-11-05 17:21:49,331 [WARN] IP:2191 - BinMixBcdU not found: check if there is a RefParameter without a condition.
2024-11-05 17:21:49,331 [WARN] IP:2191 - Hours_A not found: check if there is a RefParameter without a condition.
2024-11-05 17:21:49,331 [WARN] IP:2191 - Minutes_A not found: check if there is a RefParameter without a condition.
2024-11-05 17:21:49,331 [WARN] IP:2191 - Seconds_A not found: check if there is a RefParameter without a condition.
2024-11-05 17:21:49,331 [WARN] IP:2191 - AlarmMaskDateWeekDay not found: check if there is a RefParameter without a condition.
2024-11-05 17:21:49,331 [WARN] IP:2191 - AlarmMaskHours not found: check if there is a RefParameter without a condition.
2024-11-05 17:21:49,331 [WARN] IP:2191 - AlarmMaskMinutes not found: check if there is a RefParameter without a condition.
2024-11-05 17:21:49,331 [WARN] IP:2191 - AlarmMaskSeconds not found: check if there is a RefParameter without a condition.
2024-11-05 17:21:49,331 [WARN] IP:2191 - AlarmDateWeekDaySel not found: check if there is a RefParameter without a condition.
2024-11-05 17:21:49,331 [WARN] IP:2191 - AlarmDateWeekDay not found: check if there is a RefParameter without a condition.
2024-11-05 17:21:49,331 [WARN] IP:2191 - AlarmDateWeekDayARG not found: check if there is a RefParameter without a condition.
2024-11-05 17:21:49,335 [INFO] Argument:325 - Argument : hdmavalue: null
2024-11-05 17:21:49,335 [INFO] Argument:327 - 	 sub Args: 
2024-11-05 17:21:49,335 [INFO] Argument:325 - Argument : Instancevalue: DMA1_Channel5
2024-11-05 17:21:49,335 [INFO] Argument:335 - Argument : Instancevalue: DMA1_Channel5
2024-11-05 17:21:49,335 [INFO] Argument:325 - Argument : Initvalue: null
2024-11-05 17:21:49,335 [INFO] Argument:327 - 	 sub Args: 
2024-11-05 17:21:49,335 [INFO] Argument:325 - Argument : Requestvalue: DMA_REQUEST_USART2_TX
2024-11-05 17:21:49,335 [INFO] Argument:335 - Argument : Requestvalue: DMA_REQUEST_USART2_TX
2024-11-05 17:21:49,335 [INFO] Argument:325 - Argument : Directionvalue: DMA_MEMORY_TO_PERIPH
2024-11-05 17:21:49,335 [INFO] Argument:335 - Argument : Directionvalue: DMA_MEMORY_TO_PERIPH
2024-11-05 17:21:49,335 [INFO] Argument:325 - Argument : PeriphIncvalue: DMA_PINC_DISABLE
2024-11-05 17:21:49,335 [INFO] Argument:335 - Argument : PeriphIncvalue: DMA_PINC_DISABLE
2024-11-05 17:21:49,335 [INFO] Argument:325 - Argument : MemIncvalue: DMA_MINC_ENABLE
2024-11-05 17:21:49,335 [INFO] Argument:335 - Argument : MemIncvalue: DMA_MINC_ENABLE
2024-11-05 17:21:49,335 [INFO] Argument:325 - Argument : PeriphDataAlignmentvalue: DMA_PDATAALIGN_BYTE
2024-11-05 17:21:49,335 [INFO] Argument:335 - Argument : PeriphDataAlignmentvalue: DMA_PDATAALIGN_BYTE
2024-11-05 17:21:49,335 [INFO] Argument:325 - Argument : MemDataAlignmentvalue: DMA_MDATAALIGN_BYTE
2024-11-05 17:21:49,335 [INFO] Argument:335 - Argument : MemDataAlignmentvalue: DMA_MDATAALIGN_BYTE
2024-11-05 17:21:49,335 [INFO] Argument:325 - Argument : Modevalue: DMA_NORMAL
2024-11-05 17:21:49,335 [INFO] Argument:335 - Argument : Modevalue: DMA_NORMAL
2024-11-05 17:21:49,335 [INFO] Argument:325 - Argument : Priorityvalue: DMA_PRIORITY_LOW
2024-11-05 17:21:49,335 [INFO] Argument:335 - Argument : Priorityvalue: DMA_PRIORITY_LOW
2024-11-05 17:21:49,335 [INFO] Argument:325 - Argument : Lockvalue: null
2024-11-05 17:21:49,335 [INFO] Argument:335 - Argument : Lockvalue: null
2024-11-05 17:21:49,335 [INFO] Argument:325 - Argument : Statevalue: null
2024-11-05 17:21:49,335 [INFO] Argument:335 - Argument : Statevalue: null
2024-11-05 17:21:49,335 [INFO] Argument:325 - Argument : Parentvalue: null
2024-11-05 17:21:49,336 [INFO] Argument:335 - Argument : Parentvalue: null
2024-11-05 17:21:49,336 [INFO] Argument:325 - Argument : XferCpltCallbackvalue: null
2024-11-05 17:21:49,336 [INFO] Argument:335 - Argument : XferCpltCallbackvalue: null
2024-11-05 17:21:49,336 [INFO] Argument:325 - Argument : XferHalfCpltCallbackvalue: null
2024-11-05 17:21:49,336 [INFO] Argument:335 - Argument : XferHalfCpltCallbackvalue: null
2024-11-05 17:21:49,336 [INFO] Argument:325 - Argument : XferM1CpltCallbackvalue: null
2024-11-05 17:21:49,336 [INFO] Argument:335 - Argument : XferM1CpltCallbackvalue: null
2024-11-05 17:21:49,336 [INFO] Argument:325 - Argument : XferM1HalfCpltCallbackvalue: null
2024-11-05 17:21:49,336 [INFO] Argument:335 - Argument : XferM1HalfCpltCallbackvalue: null
2024-11-05 17:21:49,336 [INFO] Argument:325 - Argument : XferErrorCallbackvalue: null
2024-11-05 17:21:49,336 [INFO] Argument:335 - Argument : XferErrorCallbackvalue: null
2024-11-05 17:21:49,336 [INFO] Argument:325 - Argument : XferAbortCallbackvalue: null
2024-11-05 17:21:49,336 [INFO] Argument:335 - Argument : XferAbortCallbackvalue: null
2024-11-05 17:21:49,336 [INFO] Argument:325 - Argument : ErrorCodevalue: null
2024-11-05 17:21:49,336 [INFO] Argument:335 - Argument : ErrorCodevalue: null
2024-11-05 17:21:49,336 [INFO] Argument:325 - Argument : DmaBaseAddressvalue: null
2024-11-05 17:21:49,336 [INFO] Argument:335 - Argument : DmaBaseAddressvalue: null
2024-11-05 17:21:49,336 [INFO] Argument:325 - Argument : ChannelIndexvalue: null
2024-11-05 17:21:49,336 [INFO] Argument:335 - Argument : ChannelIndexvalue: null
2024-11-05 17:21:49,336 [INFO] Argument:325 - Argument : DMAmuxChannelvalue: null
2024-11-05 17:21:49,336 [INFO] Argument:335 - Argument : DMAmuxChannelvalue: null
2024-11-05 17:21:49,336 [INFO] Argument:325 - Argument : DMAmuxChannelStatusvalue: null
2024-11-05 17:21:49,336 [INFO] Argument:335 - Argument : DMAmuxChannelStatusvalue: null
2024-11-05 17:21:49,336 [INFO] Argument:325 - Argument : DMAmuxChannelStatusMaskvalue: null
2024-11-05 17:21:49,336 [INFO] Argument:335 - Argument : DMAmuxChannelStatusMaskvalue: null
2024-11-05 17:21:49,336 [INFO] Argument:325 - Argument : DMAmuxRequestGenvalue: null
2024-11-05 17:21:49,336 [INFO] Argument:335 - Argument : DMAmuxRequestGenvalue: null
2024-11-05 17:21:49,336 [INFO] Argument:325 - Argument : DMAmuxRequestGenStatusvalue: null
2024-11-05 17:21:49,336 [INFO] Argument:335 - Argument : DMAmuxRequestGenStatusvalue: null
2024-11-05 17:21:49,336 [INFO] Argument:325 - Argument : DMAmuxRequestGenStatusMaskvalue: null
2024-11-05 17:21:49,336 [INFO] Argument:335 - Argument : DMAmuxRequestGenStatusMaskvalue: null
2024-11-05 17:21:49,336 [INFO] Argument:325 - Argument : hdmavalue: null
2024-11-05 17:21:49,336 [INFO] Argument:327 - 	 sub Args: 
2024-11-05 17:21:49,336 [INFO] Argument:325 - Argument : Instancevalue: DMA1_Channel5
2024-11-05 17:21:49,336 [INFO] Argument:335 - Argument : Instancevalue: DMA1_Channel5
2024-11-05 17:21:49,336 [INFO] Argument:325 - Argument : Initvalue: null
2024-11-05 17:21:49,336 [INFO] Argument:327 - 	 sub Args: 
2024-11-05 17:21:49,336 [INFO] Argument:325 - Argument : Requestvalue: DMA_REQUEST_USART2_TX
2024-11-05 17:21:49,336 [INFO] Argument:335 - Argument : Requestvalue: DMA_REQUEST_USART2_TX
2024-11-05 17:21:49,336 [INFO] Argument:325 - Argument : Directionvalue: DMA_MEMORY_TO_PERIPH
2024-11-05 17:21:49,336 [INFO] Argument:335 - Argument : Directionvalue: DMA_MEMORY_TO_PERIPH
2024-11-05 17:21:49,336 [INFO] Argument:325 - Argument : PeriphIncvalue: DMA_PINC_DISABLE
2024-11-05 17:21:49,336 [INFO] Argument:335 - Argument : PeriphIncvalue: DMA_PINC_DISABLE
2024-11-05 17:21:49,336 [INFO] Argument:325 - Argument : MemIncvalue: DMA_MINC_ENABLE
2024-11-05 17:21:49,336 [INFO] Argument:335 - Argument : MemIncvalue: DMA_MINC_ENABLE
2024-11-05 17:21:49,336 [INFO] Argument:325 - Argument : PeriphDataAlignmentvalue: DMA_PDATAALIGN_BYTE
2024-11-05 17:21:49,336 [INFO] Argument:335 - Argument : PeriphDataAlignmentvalue: DMA_PDATAALIGN_BYTE
2024-11-05 17:21:49,336 [INFO] Argument:325 - Argument : MemDataAlignmentvalue: DMA_MDATAALIGN_BYTE
2024-11-05 17:21:49,336 [INFO] Argument:335 - Argument : MemDataAlignmentvalue: DMA_MDATAALIGN_BYTE
2024-11-05 17:21:49,336 [INFO] Argument:325 - Argument : Modevalue: DMA_NORMAL
2024-11-05 17:21:49,336 [INFO] Argument:335 - Argument : Modevalue: DMA_NORMAL
2024-11-05 17:21:49,336 [INFO] Argument:325 - Argument : Priorityvalue: DMA_PRIORITY_LOW
2024-11-05 17:21:49,336 [INFO] Argument:335 - Argument : Priorityvalue: DMA_PRIORITY_LOW
2024-11-05 17:21:49,336 [INFO] Argument:325 - Argument : Lockvalue: null
2024-11-05 17:21:49,336 [INFO] Argument:335 - Argument : Lockvalue: null
2024-11-05 17:21:49,337 [INFO] Argument:325 - Argument : Statevalue: null
2024-11-05 17:21:49,337 [INFO] Argument:335 - Argument : Statevalue: null
2024-11-05 17:21:49,337 [INFO] Argument:325 - Argument : Parentvalue: null
2024-11-05 17:21:49,337 [INFO] Argument:335 - Argument : Parentvalue: null
2024-11-05 17:21:49,337 [INFO] Argument:325 - Argument : XferCpltCallbackvalue: null
2024-11-05 17:21:49,337 [INFO] Argument:335 - Argument : XferCpltCallbackvalue: null
2024-11-05 17:21:49,337 [INFO] Argument:325 - Argument : XferHalfCpltCallbackvalue: null
2024-11-05 17:21:49,337 [INFO] Argument:335 - Argument : XferHalfCpltCallbackvalue: null
2024-11-05 17:21:49,337 [INFO] Argument:325 - Argument : XferM1CpltCallbackvalue: null
2024-11-05 17:21:49,337 [INFO] Argument:335 - Argument : XferM1CpltCallbackvalue: null
2024-11-05 17:21:49,337 [INFO] Argument:325 - Argument : XferM1HalfCpltCallbackvalue: null
2024-11-05 17:21:49,337 [INFO] Argument:335 - Argument : XferM1HalfCpltCallbackvalue: null
2024-11-05 17:21:49,337 [INFO] Argument:325 - Argument : XferErrorCallbackvalue: null
2024-11-05 17:21:49,337 [INFO] Argument:335 - Argument : XferErrorCallbackvalue: null
2024-11-05 17:21:49,337 [INFO] Argument:325 - Argument : XferAbortCallbackvalue: null
2024-11-05 17:21:49,337 [INFO] Argument:335 - Argument : XferAbortCallbackvalue: null
2024-11-05 17:21:49,337 [INFO] Argument:325 - Argument : ErrorCodevalue: null
2024-11-05 17:21:49,337 [INFO] Argument:335 - Argument : ErrorCodevalue: null
2024-11-05 17:21:49,337 [INFO] Argument:325 - Argument : DmaBaseAddressvalue: null
2024-11-05 17:21:49,337 [INFO] Argument:335 - Argument : DmaBaseAddressvalue: null
2024-11-05 17:21:49,337 [INFO] Argument:325 - Argument : ChannelIndexvalue: null
2024-11-05 17:21:49,337 [INFO] Argument:335 - Argument : ChannelIndexvalue: null
2024-11-05 17:21:49,337 [INFO] Argument:325 - Argument : DMAmuxChannelvalue: null
2024-11-05 17:21:49,337 [INFO] Argument:335 - Argument : DMAmuxChannelvalue: null
2024-11-05 17:21:49,337 [INFO] Argument:325 - Argument : DMAmuxChannelStatusvalue: null
2024-11-05 17:21:49,337 [INFO] Argument:335 - Argument : DMAmuxChannelStatusvalue: null
2024-11-05 17:21:49,337 [INFO] Argument:325 - Argument : DMAmuxChannelStatusMaskvalue: null
2024-11-05 17:21:49,337 [INFO] Argument:335 - Argument : DMAmuxChannelStatusMaskvalue: null
2024-11-05 17:21:49,337 [INFO] Argument:325 - Argument : DMAmuxRequestGenvalue: null
2024-11-05 17:21:49,337 [INFO] Argument:335 - Argument : DMAmuxRequestGenvalue: null
2024-11-05 17:21:49,337 [INFO] Argument:325 - Argument : DMAmuxRequestGenStatusvalue: null
2024-11-05 17:21:49,337 [INFO] Argument:335 - Argument : DMAmuxRequestGenStatusvalue: null
2024-11-05 17:21:49,337 [INFO] Argument:325 - Argument : DMAmuxRequestGenStatusMaskvalue: null
2024-11-05 17:21:49,337 [INFO] Argument:335 - Argument : DMAmuxRequestGenStatusMaskvalue: null
2024-11-05 17:21:49,337 [INFO] Argument:325 - Argument : ChannelAttributesvalue: DMA_CHANNEL_NPRIV
2024-11-05 17:21:49,337 [INFO] Argument:335 - Argument : ChannelAttributesvalue: DMA_CHANNEL_NPRIV
2024-11-05 17:21:49,404 [INFO] CodeEngine:255 - oldGeneratedFile, /home/ante/STM32CubeIDE/workspace_1.16.1/LoRaWAN_End_Node/MXTmpFiles/license.tmp_save
2024-11-05 17:21:49,462 [INFO] CodeEngine:279 - Generated code: /home/ante/STM32CubeIDE/workspace_1.16.1/LoRaWAN_End_Node/MXTmpFiles/license.tmp
2024-11-05 17:21:49,503 [INFO] CodeEngine:255 - oldGeneratedFile, /home/ante/STM32CubeIDE/workspace_1.16.1/LoRaWAN_End_Node/Core/Src/gpio.c_save
2024-11-05 17:21:49,569 [INFO] CodeEngine:279 - Generated code: /home/ante/STM32CubeIDE/workspace_1.16.1/LoRaWAN_End_Node/Core/Src/gpio.c
2024-11-05 17:21:49,570 [INFO] CodeEngine:255 - oldGeneratedFile, /home/ante/STM32CubeIDE/workspace_1.16.1/LoRaWAN_End_Node/Core/Inc/gpio.h_save
2024-11-05 17:21:49,625 [INFO] CodeEngine:279 - Generated code: /home/ante/STM32CubeIDE/workspace_1.16.1/LoRaWAN_End_Node/Core/Inc/gpio.h
2024-11-05 17:21:49,829 [WARN] IP:2191 - HourFormat not found: check if there is a RefParameter without a condition.
2024-11-05 17:21:49,829 [WARN] IP:2191 - SynchPrediv not found: check if there is a RefParameter without a condition.
2024-11-05 17:21:49,829 [WARN] IP:2191 - OutPut1 not found: check if there is a RefParameter without a condition.
2024-11-05 17:21:49,829 [WARN] IP:2191 - OutPut2 not found: check if there is a RefParameter without a condition.
2024-11-05 17:21:49,829 [WARN] IP:2191 - OutPut3 not found: check if there is a RefParameter without a condition.
2024-11-05 17:21:49,829 [WARN] IP:2191 - BinMixBcdU not found: check if there is a RefParameter without a condition.
2024-11-05 17:21:49,829 [WARN] IP:2191 - HourFormat not found: check if there is a RefParameter without a condition.
2024-11-05 17:21:49,829 [WARN] IP:2191 - SynchPrediv not found: check if there is a RefParameter without a condition.
2024-11-05 17:21:49,829 [WARN] IP:2191 - BinMixBcdU not found: check if there is a RefParameter without a condition.
2024-11-05 17:21:49,829 [WARN] IP:2191 - Hours not found: check if there is a RefParameter without a condition.
2024-11-05 17:21:49,829 [WARN] IP:2191 - Minutes not found: check if there is a RefParameter without a condition.
2024-11-05 17:21:49,829 [WARN] IP:2191 - Seconds not found: check if there is a RefParameter without a condition.
2024-11-05 17:21:49,829 [WARN] IP:2191 - TimeFormat not found: check if there is a RefParameter without a condition.
2024-11-05 17:21:49,829 [WARN] IP:2191 - DayLightSaving not found: check if there is a RefParameter without a condition.
2024-11-05 17:21:49,829 [WARN] IP:2191 - StoreOperation not found: check if there is a RefParameter without a condition.
2024-11-05 17:21:49,829 [WARN] IP:2191 - WeekDay not found: check if there is a RefParameter without a condition.
2024-11-05 17:21:49,829 [WARN] IP:2191 - Month not found: check if there is a RefParameter without a condition.
2024-11-05 17:21:49,829 [WARN] IP:2191 - Date not found: check if there is a RefParameter without a condition.
2024-11-05 17:21:49,829 [WARN] IP:2191 - Year not found: check if there is a RefParameter without a condition.
2024-11-05 17:21:50,080 [INFO] CodeEngine:255 - oldGeneratedFile, /home/ante/STM32CubeIDE/workspace_1.16.1/LoRaWAN_End_Node/Core/Src/adc.c_save
2024-11-05 17:21:50,171 [INFO] CodeEngine:279 - Generated code: /home/ante/STM32CubeIDE/workspace_1.16.1/LoRaWAN_End_Node/Core/Src/adc.c
2024-11-05 17:21:50,171 [INFO] CodeEngine:255 - oldGeneratedFile, /home/ante/STM32CubeIDE/workspace_1.16.1/LoRaWAN_End_Node/Core/Inc/adc.h_save
2024-11-05 17:21:50,215 [INFO] CodeEngine:279 - Generated code: /home/ante/STM32CubeIDE/workspace_1.16.1/LoRaWAN_End_Node/Core/Inc/adc.h
2024-11-05 17:21:50,230 [INFO] CodeEngine:255 - oldGeneratedFile, /home/ante/STM32CubeIDE/workspace_1.16.1/LoRaWAN_End_Node/Core/Src/dma.c_save
2024-11-05 17:21:50,277 [INFO] CodeEngine:279 - Generated code: /home/ante/STM32CubeIDE/workspace_1.16.1/LoRaWAN_End_Node/Core/Src/dma.c
2024-11-05 17:21:50,278 [INFO] CodeEngine:255 - oldGeneratedFile, /home/ante/STM32CubeIDE/workspace_1.16.1/LoRaWAN_End_Node/Core/Inc/dma.h_save
2024-11-05 17:21:50,323 [INFO] CodeEngine:279 - Generated code: /home/ante/STM32CubeIDE/workspace_1.16.1/LoRaWAN_End_Node/Core/Inc/dma.h
2024-11-05 17:21:50,325 [INFO] CodeEngine:255 - oldGeneratedFile, /home/ante/STM32CubeIDE/workspace_1.16.1/LoRaWAN_End_Node/Core/Src/i2c.c_save
2024-11-05 17:21:50,388 [INFO] CodeEngine:279 - Generated code: /home/ante/STM32CubeIDE/workspace_1.16.1/LoRaWAN_End_Node/Core/Src/i2c.c
2024-11-05 17:21:50,388 [INFO] CodeEngine:255 - oldGeneratedFile, /home/ante/STM32CubeIDE/workspace_1.16.1/LoRaWAN_End_Node/Core/Inc/i2c.h_save
2024-11-05 17:21:50,432 [INFO] CodeEngine:279 - Generated code: /home/ante/STM32CubeIDE/workspace_1.16.1/LoRaWAN_End_Node/Core/Inc/i2c.h
2024-11-05 17:21:50,446 [INFO] CodeEngine:255 - oldGeneratedFile, /home/ante/STM32CubeIDE/workspace_1.16.1/LoRaWAN_End_Node/Core/Inc/platform.h_save
2024-11-05 17:21:50,492 [INFO] CodeEngine:279 - Generated code: /home/ante/STM32CubeIDE/workspace_1.16.1/LoRaWAN_End_Node/Core/Inc/platform.h
2024-11-05 17:21:50,492 [INFO] CodeEngine:255 - oldGeneratedFile, /home/ante/STM32CubeIDE/workspace_1.16.1/LoRaWAN_End_Node/Core/Inc/flash_if.h_save
2024-11-05 17:21:50,538 [INFO] CodeEngine:279 - Generated code: /home/ante/STM32CubeIDE/workspace_1.16.1/LoRaWAN_End_Node/Core/Inc/flash_if.h
2024-11-05 17:21:50,539 [INFO] CodeEngine:255 - oldGeneratedFile, /home/ante/STM32CubeIDE/workspace_1.16.1/LoRaWAN_End_Node/Core/Inc/stm32_lpm_if.h_save
2024-11-05 17:21:50,584 [INFO] CodeEngine:279 - Generated code: /home/ante/STM32CubeIDE/workspace_1.16.1/LoRaWAN_End_Node/Core/Inc/stm32_lpm_if.h
2024-11-05 17:21:50,584 [INFO] CodeEngine:255 - oldGeneratedFile, /home/ante/STM32CubeIDE/workspace_1.16.1/LoRaWAN_End_Node/Core/Inc/sys_app.h_save
2024-11-05 17:21:50,630 [INFO] CodeEngine:279 - Generated code: /home/ante/STM32CubeIDE/workspace_1.16.1/LoRaWAN_End_Node/Core/Inc/sys_app.h
2024-11-05 17:21:50,632 [INFO] CodeEngine:255 - oldGeneratedFile, /home/ante/STM32CubeIDE/workspace_1.16.1/LoRaWAN_End_Node/Core/Inc/sys_conf.h_save
2024-11-05 17:21:50,678 [INFO] CodeEngine:279 - Generated code: /home/ante/STM32CubeIDE/workspace_1.16.1/LoRaWAN_End_Node/Core/Inc/sys_conf.h
2024-11-05 17:21:50,679 [INFO] CodeEngine:255 - oldGeneratedFile, /home/ante/STM32CubeIDE/workspace_1.16.1/LoRaWAN_End_Node/Core/Inc/sys_sensors.h_save
2024-11-05 17:21:50,724 [INFO] CodeEngine:279 - Generated code: /home/ante/STM32CubeIDE/workspace_1.16.1/LoRaWAN_End_Node/Core/Inc/sys_sensors.h
2024-11-05 17:21:50,725 [INFO] CodeEngine:255 - oldGeneratedFile, /home/ante/STM32CubeIDE/workspace_1.16.1/LoRaWAN_End_Node/Core/Inc/sys_debug.h_save
2024-11-05 17:21:50,771 [INFO] CodeEngine:279 - Generated code: /home/ante/STM32CubeIDE/workspace_1.16.1/LoRaWAN_End_Node/Core/Inc/sys_debug.h
2024-11-05 17:21:50,772 [INFO] CodeEngine:255 - oldGeneratedFile, /home/ante/STM32CubeIDE/workspace_1.16.1/LoRaWAN_End_Node/Core/Inc/utilities_conf.h_save
2024-11-05 17:21:50,820 [INFO] CodeEngine:279 - Generated code: /home/ante/STM32CubeIDE/workspace_1.16.1/LoRaWAN_End_Node/Core/Inc/utilities_conf.h
2024-11-05 17:21:50,821 [INFO] CodeEngine:255 - oldGeneratedFile, /home/ante/STM32CubeIDE/workspace_1.16.1/LoRaWAN_End_Node/Core/Inc/utilities_def.h_save
2024-11-05 17:21:50,868 [INFO] CodeEngine:279 - Generated code: /home/ante/STM32CubeIDE/workspace_1.16.1/LoRaWAN_End_Node/Core/Inc/utilities_def.h
2024-11-05 17:21:50,869 [INFO] CodeEngine:255 - oldGeneratedFile, /home/ante/STM32CubeIDE/workspace_1.16.1/LoRaWAN_End_Node/Core/Inc/stm32wlxx_nucleo_conf.h_save
2024-11-05 17:21:50,920 [INFO] CodeEngine:279 - Generated code: /home/ante/STM32CubeIDE/workspace_1.16.1/LoRaWAN_End_Node/Core/Inc/stm32wlxx_nucleo_conf.h
2024-11-05 17:21:50,921 [INFO] CodeEngine:255 - oldGeneratedFile, /home/ante/STM32CubeIDE/workspace_1.16.1/LoRaWAN_End_Node/Core/Inc/timer_if.h_save
2024-11-05 17:21:50,975 [INFO] CodeEngine:279 - Generated code: /home/ante/STM32CubeIDE/workspace_1.16.1/LoRaWAN_End_Node/Core/Inc/timer_if.h
2024-11-05 17:21:50,976 [INFO] CodeEngine:255 - oldGeneratedFile, /home/ante/STM32CubeIDE/workspace_1.16.1/LoRaWAN_End_Node/Core/Src/flash_if.c_save
2024-11-05 17:21:51,046 [INFO] CodeEngine:279 - Generated code: /home/ante/STM32CubeIDE/workspace_1.16.1/LoRaWAN_End_Node/Core/Src/flash_if.c
2024-11-05 17:21:51,047 [INFO] CodeEngine:255 - oldGeneratedFile, /home/ante/STM32CubeIDE/workspace_1.16.1/LoRaWAN_End_Node/Core/Src/stm32_lpm_if.c_save
2024-11-05 17:21:51,096 [INFO] CodeEngine:279 - Generated code: /home/ante/STM32CubeIDE/workspace_1.16.1/LoRaWAN_End_Node/Core/Src/stm32_lpm_if.c
2024-11-05 17:21:51,097 [INFO] CodeEngine:255 - oldGeneratedFile, /home/ante/STM32CubeIDE/workspace_1.16.1/LoRaWAN_End_Node/Core/Src/sys_app.c_save
2024-11-05 17:21:51,159 [INFO] CodeEngine:279 - Generated code: /home/ante/STM32CubeIDE/workspace_1.16.1/LoRaWAN_End_Node/Core/Src/sys_app.c
2024-11-05 17:21:51,160 [INFO] CodeEngine:255 - oldGeneratedFile, /home/ante/STM32CubeIDE/workspace_1.16.1/LoRaWAN_End_Node/Core/Src/sys_debug.c_save
2024-11-05 17:21:51,209 [INFO] CodeEngine:279 - Generated code: /home/ante/STM32CubeIDE/workspace_1.16.1/LoRaWAN_End_Node/Core/Src/sys_debug.c
2024-11-05 17:21:51,210 [INFO] CodeEngine:255 - oldGeneratedFile, /home/ante/STM32CubeIDE/workspace_1.16.1/LoRaWAN_End_Node/Core/Src/sys_sensors.c_save
2024-11-05 17:21:51,267 [INFO] CodeEngine:279 - Generated code: /home/ante/STM32CubeIDE/workspace_1.16.1/LoRaWAN_End_Node/Core/Src/sys_sensors.c
2024-11-05 17:21:51,268 [INFO] CodeEngine:255 - oldGeneratedFile, /home/ante/STM32CubeIDE/workspace_1.16.1/LoRaWAN_End_Node/Core/Src/timer_if.c_save
2024-11-05 17:21:51,338 [INFO] CodeEngine:279 - Generated code: /home/ante/STM32CubeIDE/workspace_1.16.1/LoRaWAN_End_Node/Core/Src/timer_if.c
2024-11-05 17:21:51,340 [INFO] CodeEngine:255 - oldGeneratedFile, /home/ante/STM32CubeIDE/workspace_1.16.1/LoRaWAN_End_Node/LoRaWAN/App/app_lorawan.c_save
2024-11-05 17:21:51,387 [INFO] CodeEngine:279 - Generated code: /home/ante/STM32CubeIDE/workspace_1.16.1/LoRaWAN_End_Node/LoRaWAN/App/app_lorawan.c
2024-11-05 17:21:51,388 [INFO] CodeEngine:255 - oldGeneratedFile, /home/ante/STM32CubeIDE/workspace_1.16.1/LoRaWAN_End_Node/LoRaWAN/App/app_lorawan.h_save
2024-11-05 17:21:51,433 [INFO] CodeEngine:279 - Generated code: /home/ante/STM32CubeIDE/workspace_1.16.1/LoRaWAN_End_Node/LoRaWAN/App/app_lorawan.h
2024-11-05 17:21:51,434 [INFO] CodeEngine:255 - oldGeneratedFile, /home/ante/STM32CubeIDE/workspace_1.16.1/LoRaWAN_End_Node/LoRaWAN/App/CayenneLpp.c_save
2024-11-05 17:21:51,481 [INFO] CodeEngine:279 - Generated code: /home/ante/STM32CubeIDE/workspace_1.16.1/LoRaWAN_End_Node/LoRaWAN/App/CayenneLpp.c
2024-11-05 17:21:51,482 [INFO] CodeEngine:255 - oldGeneratedFile, /home/ante/STM32CubeIDE/workspace_1.16.1/LoRaWAN_End_Node/LoRaWAN/App/CayenneLpp.h_save
2024-11-05 17:21:51,526 [INFO] CodeEngine:279 - Generated code: /home/ante/STM32CubeIDE/workspace_1.16.1/LoRaWAN_End_Node/LoRaWAN/App/CayenneLpp.h
2024-11-05 17:21:51,526 [INFO] CodeEngine:255 - oldGeneratedFile, /home/ante/STM32CubeIDE/workspace_1.16.1/LoRaWAN_End_Node/LoRaWAN/App/Commissioning.h_save
2024-11-05 17:21:51,571 [INFO] CodeEngine:279 - Generated code: /home/ante/STM32CubeIDE/workspace_1.16.1/LoRaWAN_End_Node/LoRaWAN/App/Commissioning.h
2024-11-05 17:21:51,571 [INFO] CodeEngine:255 - oldGeneratedFile, /home/ante/STM32CubeIDE/workspace_1.16.1/LoRaWAN_End_Node/LoRaWAN/App/se-identity.h_save
2024-11-05 17:21:51,633 [INFO] CodeEngine:279 - Generated code: /home/ante/STM32CubeIDE/workspace_1.16.1/LoRaWAN_End_Node/LoRaWAN/App/se-identity.h
2024-11-05 17:21:51,635 [INFO] CodeEngine:255 - oldGeneratedFile, /home/ante/STM32CubeIDE/workspace_1.16.1/LoRaWAN_End_Node/LoRaWAN/App/lora_app.c_save
2024-11-05 17:21:51,740 [INFO] CodeEngine:279 - Generated code: /home/ante/STM32CubeIDE/workspace_1.16.1/LoRaWAN_End_Node/LoRaWAN/App/lora_app.c
2024-11-05 17:21:51,742 [INFO] CodeEngine:255 - oldGeneratedFile, /home/ante/STM32CubeIDE/workspace_1.16.1/LoRaWAN_End_Node/LoRaWAN/App/lora_app.h_save
2024-11-05 17:21:51,793 [INFO] CodeEngine:279 - Generated code: /home/ante/STM32CubeIDE/workspace_1.16.1/LoRaWAN_End_Node/LoRaWAN/App/lora_app.h
2024-11-05 17:21:51,794 [INFO] CodeEngine:255 - oldGeneratedFile, /home/ante/STM32CubeIDE/workspace_1.16.1/LoRaWAN_End_Node/LoRaWAN/App/app_version.h_save
2024-11-05 17:21:51,839 [INFO] CodeEngine:279 - Generated code: /home/ante/STM32CubeIDE/workspace_1.16.1/LoRaWAN_End_Node/LoRaWAN/App/app_version.h
2024-11-05 17:21:51,840 [INFO] CodeEngine:255 - oldGeneratedFile, /home/ante/STM32CubeIDE/workspace_1.16.1/LoRaWAN_End_Node/LoRaWAN/App/lora_info.c_save
2024-11-05 17:21:51,888 [INFO] CodeEngine:279 - Generated code: /home/ante/STM32CubeIDE/workspace_1.16.1/LoRaWAN_End_Node/LoRaWAN/App/lora_info.c
2024-11-05 17:21:51,889 [INFO] CodeEngine:255 - oldGeneratedFile, /home/ante/STM32CubeIDE/workspace_1.16.1/LoRaWAN_End_Node/LoRaWAN/App/lora_info.h_save
2024-11-05 17:21:51,934 [INFO] CodeEngine:279 - Generated code: /home/ante/STM32CubeIDE/workspace_1.16.1/LoRaWAN_End_Node/LoRaWAN/App/lora_info.h
2024-11-05 17:21:51,935 [INFO] CodeEngine:255 - oldGeneratedFile, /home/ante/STM32CubeIDE/workspace_1.16.1/LoRaWAN_End_Node/LoRaWAN/Target/lorawan_conf.h_save
2024-11-05 17:21:51,985 [INFO] CodeEngine:279 - Generated code: /home/ante/STM32CubeIDE/workspace_1.16.1/LoRaWAN_End_Node/LoRaWAN/Target/lorawan_conf.h
2024-11-05 17:21:51,986 [INFO] CodeEngine:255 - oldGeneratedFile, /home/ante/STM32CubeIDE/workspace_1.16.1/LoRaWAN_End_Node/LoRaWAN/Target/mw_log_conf.h_save
2024-11-05 17:21:52,033 [INFO] CodeEngine:279 - Generated code: /home/ante/STM32CubeIDE/workspace_1.16.1/LoRaWAN_End_Node/LoRaWAN/Target/mw_log_conf.h
2024-11-05 17:21:52,033 [INFO] CodeEngine:255 - oldGeneratedFile, /home/ante/STM32CubeIDE/workspace_1.16.1/LoRaWAN_End_Node/LoRaWAN/Target/radio_board_if.c_save
2024-11-05 17:21:52,088 [INFO] CodeEngine:279 - Generated code: /home/ante/STM32CubeIDE/workspace_1.16.1/LoRaWAN_End_Node/LoRaWAN/Target/radio_board_if.c
2024-11-05 17:21:52,089 [INFO] CodeEngine:255 - oldGeneratedFile, /home/ante/STM32CubeIDE/workspace_1.16.1/LoRaWAN_End_Node/LoRaWAN/Target/radio_board_if.h_save
2024-11-05 17:21:52,148 [INFO] CodeEngine:279 - Generated code: /home/ante/STM32CubeIDE/workspace_1.16.1/LoRaWAN_End_Node/LoRaWAN/Target/radio_board_if.h
2024-11-05 17:21:52,149 [INFO] CodeEngine:255 - oldGeneratedFile, /home/ante/STM32CubeIDE/workspace_1.16.1/LoRaWAN_End_Node/LoRaWAN/Target/radio_conf.h_save
2024-11-05 17:21:52,207 [INFO] CodeEngine:279 - Generated code: /home/ante/STM32CubeIDE/workspace_1.16.1/LoRaWAN_End_Node/LoRaWAN/Target/radio_conf.h
2024-11-05 17:21:52,208 [INFO] CodeEngine:255 - oldGeneratedFile, /home/ante/STM32CubeIDE/workspace_1.16.1/LoRaWAN_End_Node/LoRaWAN/Target/systime.h_save
2024-11-05 17:21:52,267 [INFO] CodeEngine:279 - Generated code: /home/ante/STM32CubeIDE/workspace_1.16.1/LoRaWAN_End_Node/LoRaWAN/Target/systime.h
2024-11-05 17:21:52,268 [INFO] CodeEngine:255 - oldGeneratedFile, /home/ante/STM32CubeIDE/workspace_1.16.1/LoRaWAN_End_Node/LoRaWAN/Target/timer.h_save
2024-11-05 17:21:52,314 [INFO] CodeEngine:279 - Generated code: /home/ante/STM32CubeIDE/workspace_1.16.1/LoRaWAN_End_Node/LoRaWAN/Target/timer.h
2024-11-05 17:21:52,315 [INFO] CodeEngine:255 - oldGeneratedFile, /home/ante/STM32CubeIDE/workspace_1.16.1/LoRaWAN_End_Node/Core/Src/adc_if.c_save
2024-11-05 17:21:52,365 [INFO] CodeEngine:279 - Generated code: /home/ante/STM32CubeIDE/workspace_1.16.1/LoRaWAN_End_Node/Core/Src/adc_if.c
2024-11-05 17:21:52,366 [INFO] CodeEngine:255 - oldGeneratedFile, /home/ante/STM32CubeIDE/workspace_1.16.1/LoRaWAN_End_Node/Core/Inc/adc_if.h_save
2024-11-05 17:21:52,412 [INFO] CodeEngine:279 - Generated code: /home/ante/STM32CubeIDE/workspace_1.16.1/LoRaWAN_End_Node/Core/Inc/adc_if.h
2024-11-05 17:21:52,412 [INFO] CodeEngine:255 - oldGeneratedFile, /home/ante/STM32CubeIDE/workspace_1.16.1/LoRaWAN_End_Node/Core/Inc/usart_if.h_save
2024-11-05 17:21:52,459 [INFO] CodeEngine:279 - Generated code: /home/ante/STM32CubeIDE/workspace_1.16.1/LoRaWAN_End_Node/Core/Inc/usart_if.h
2024-11-05 17:21:52,460 [INFO] CodeEngine:255 - oldGeneratedFile, /home/ante/STM32CubeIDE/workspace_1.16.1/LoRaWAN_End_Node/Core/Src/usart_if.c_save
2024-11-05 17:21:52,513 [INFO] CodeEngine:279 - Generated code: /home/ante/STM32CubeIDE/workspace_1.16.1/LoRaWAN_End_Node/Core/Src/usart_if.c
2024-11-05 17:21:52,514 [INFO] CodeEngine:255 - oldGeneratedFile, /home/ante/STM32CubeIDE/workspace_1.16.1/LoRaWAN_End_Node/Core/Src/rtc.c_save
2024-11-05 17:21:52,586 [INFO] CodeEngine:279 - Generated code: /home/ante/STM32CubeIDE/workspace_1.16.1/LoRaWAN_End_Node/Core/Src/rtc.c
2024-11-05 17:21:52,587 [INFO] CodeEngine:255 - oldGeneratedFile, /home/ante/STM32CubeIDE/workspace_1.16.1/LoRaWAN_End_Node/Core/Inc/rtc.h_save
2024-11-05 17:21:52,640 [INFO] CodeEngine:279 - Generated code: /home/ante/STM32CubeIDE/workspace_1.16.1/LoRaWAN_End_Node/Core/Inc/rtc.h
2024-11-05 17:21:52,642 [INFO] CodeEngine:255 - oldGeneratedFile, /home/ante/STM32CubeIDE/workspace_1.16.1/LoRaWAN_End_Node/Core/Src/subghz.c_save
2024-11-05 17:21:52,705 [INFO] CodeEngine:279 - Generated code: /home/ante/STM32CubeIDE/workspace_1.16.1/LoRaWAN_End_Node/Core/Src/subghz.c
2024-11-05 17:21:52,706 [INFO] CodeEngine:255 - oldGeneratedFile, /home/ante/STM32CubeIDE/workspace_1.16.1/LoRaWAN_End_Node/Core/Inc/subghz.h_save
2024-11-05 17:21:52,752 [INFO] CodeEngine:279 - Generated code: /home/ante/STM32CubeIDE/workspace_1.16.1/LoRaWAN_End_Node/Core/Inc/subghz.h
2024-11-05 17:21:52,754 [INFO] CodeEngine:255 - oldGeneratedFile, /home/ante/STM32CubeIDE/workspace_1.16.1/LoRaWAN_End_Node/Core/Src/usart.c_save
2024-11-05 17:21:52,820 [INFO] CodeEngine:279 - Generated code: /home/ante/STM32CubeIDE/workspace_1.16.1/LoRaWAN_End_Node/Core/Src/usart.c
2024-11-05 17:21:52,821 [INFO] CodeEngine:255 - oldGeneratedFile, /home/ante/STM32CubeIDE/workspace_1.16.1/LoRaWAN_End_Node/Core/Inc/usart.h_save
2024-11-05 17:21:52,866 [INFO] CodeEngine:279 - Generated code: /home/ante/STM32CubeIDE/workspace_1.16.1/LoRaWAN_End_Node/Core/Inc/usart.h
2024-11-05 17:21:52,872 [INFO] CodeEngine:255 - oldGeneratedFile, /home/ante/STM32CubeIDE/workspace_1.16.1/LoRaWAN_End_Node/Core/Src/stm32wlxx_it.c_save
2024-11-05 17:21:52,936 [INFO] CodeEngine:279 - Generated code: /home/ante/STM32CubeIDE/workspace_1.16.1/LoRaWAN_End_Node/Core/Src/stm32wlxx_it.c
2024-11-05 17:21:52,937 [INFO] CodeEngine:255 - oldGeneratedFile, /home/ante/STM32CubeIDE/workspace_1.16.1/LoRaWAN_End_Node/Core/Inc/stm32wlxx_it.h_save
2024-11-05 17:21:52,983 [INFO] CodeEngine:279 - Generated code: /home/ante/STM32CubeIDE/workspace_1.16.1/LoRaWAN_End_Node/Core/Inc/stm32wlxx_it.h
2024-11-05 17:21:53,040 [INFO] CodeEngine:255 - oldGeneratedFile, /home/ante/STM32CubeIDE/workspace_1.16.1/LoRaWAN_End_Node/Core/Src/stm32wlxx_hal_msp.c_save
2024-11-05 17:21:53,119 [INFO] CodeEngine:279 - Generated code: /home/ante/STM32CubeIDE/workspace_1.16.1/LoRaWAN_End_Node/Core/Src/stm32wlxx_hal_msp.c
2024-11-05 17:21:53,119 [INFO] CodeEngine:255 - oldGeneratedFile, /home/ante/STM32CubeIDE/workspace_1.16.1/LoRaWAN_End_Node/MXTmpFiles/system.tmp_save
2024-11-05 17:21:53,163 [INFO] CodeEngine:279 - Generated code: /home/ante/STM32CubeIDE/workspace_1.16.1/LoRaWAN_End_Node/MXTmpFiles/system.tmp
2024-11-05 17:21:53,165 [INFO] CodeEngine:311 - oldGeneratedFile, /home/ante/STM32CubeIDE/workspace_1.16.1/LoRaWAN_End_Node/Core/Inc/stm32wlxx_hal_conf.h_save
2024-11-05 17:21:53,212 [INFO] CodeEngine:335 - Generated code: /home/ante/STM32CubeIDE/workspace_1.16.1/LoRaWAN_End_Node/Core/Inc/stm32wlxx_hal_conf.h
2024-11-05 17:21:53,220 [INFO] CodeEngine:255 - oldGeneratedFile, /home/ante/STM32CubeIDE/workspace_1.16.1/LoRaWAN_End_Node/Core/Inc/main.h_save
2024-11-05 17:21:53,268 [INFO] CodeEngine:279 - Generated code: /home/ante/STM32CubeIDE/workspace_1.16.1/LoRaWAN_End_Node/Core/Inc/main.h
2024-11-05 17:21:53,269 [INFO] CodeEngine:255 - oldGeneratedFile, /home/ante/STM32CubeIDE/workspace_1.16.1/LoRaWAN_End_Node/Core/Src/main.c_save
2024-11-05 17:21:53,333 [INFO] CodeEngine:279 - Generated code: /home/ante/STM32CubeIDE/workspace_1.16.1/LoRaWAN_End_Node/Core/Src/main.c
2024-11-05 17:21:53,633 [INFO] ProjectBuilder:3249 - Time for Copy HAL[1] : 127mS.
2024-11-05 17:21:53,637 [INFO] ProjectBuilder:4828 - Project Generator version: 4.5.0-B34
2024-11-05 17:21:53,704 [INFO] ConfigFileManager:1531 - The Die is : DIE497
2024-11-05 17:21:54,493 [INFO] ProjectBuilder:5097 - Time for Generating toolchain IDE Files: 857mS.
2024-11-05 17:21:54,494 [INFO] ProjectBuilder:3107 - Time for Copy CMSIS : 0mS.
2024-11-05 17:21:54,495 [INFO] ProjectBuilder:3107 - Time for Copy CMSIS : 0mS.
2024-11-05 17:32:45,279 [INFO] I2cTimingTraitement:330 - 0x10805D88
2024-11-05 17:32:47,911 [INFO] NvicIntPanel:101 - NVIC parent = com.st.microxplorer.plugins.ip.nvic.MultiNvicIntPanel[,0,0,450x372,layout=javax.swing.BoxLayout,alignmentX=0.0,alignmentY=0.0,border=,flags=9,maximumSize=,minimumSize=,preferredSize=]
2024-11-05 17:32:49,911 [INFO] NvicIntPanel:101 - NVIC parent = com.st.microxplorer.plugins.ip.nvic.MultiNvicIntPanel[,0,0,0x0,invalid,layout=javax.swing.BoxLayout,alignmentX=0.0,alignmentY=0.0,border=,flags=9,maximumSize=,minimumSize=,preferredSize=]
2024-11-05 17:33:17,504 [INFO] UtilMem:75 - End SaveConfig() Used Memory: 564782544 Bytes (947912704)
2024-11-05 17:33:19,851 [INFO] UtilMem:75 - End SaveConfig() Used Memory: 594142792 Bytes (947912704)
2024-11-05 17:33:22,141 [INFO] UtilMem:75 - End SaveConfig() Used Memory: 691482688 Bytes (947912704)
2024-11-05 17:33:22,223 [INFO] BlockDiagram:2766 - set Specific Code input for plugin: ADC
2024-11-05 17:33:22,223 [INFO] BlockDiagram:2766 - set Specific Code input for plugin: SEQUENCER
2024-11-05 17:33:22,223 [INFO] BlockDiagram:2766 - set Specific Code input for plugin: ADV_TRACE
2024-11-05 17:33:22,223 [INFO] BlockDiagram:2766 - set Specific Code input for plugin: SUBGHZ
2024-11-05 17:33:22,223 [INFO] BlockDiagram:2766 - set Specific Code input for plugin: SYS
2024-11-05 17:33:22,223 [INFO] BlockDiagram:2766 - set Specific Code input for plugin: RCC
2024-11-05 17:33:22,223 [INFO] BlockDiagram:2766 - set Specific Code input for plugin: I2C
2024-11-05 17:33:22,223 [INFO] BlockDiagram:2766 - set Specific Code input for plugin: TINY_LPM
2024-11-05 17:33:22,223 [INFO] BlockDiagram:2766 - set Specific Code input for plugin: RTC
2024-11-05 17:33:22,223 [INFO] BlockDiagram:2766 - set Specific Code input for plugin: NVIC
2024-11-05 17:33:22,223 [INFO] BlockDiagram:2766 - set Specific Code input for plugin: MISC
2024-11-05 17:33:22,223 [INFO] BlockDiagram:2766 - set Specific Code input for plugin: USART
2024-11-05 17:33:22,223 [INFO] BlockDiagram:2766 - set Specific Code input for plugin: LoRaWAN
2024-11-05 17:33:22,223 [INFO] BlockDiagram:2766 - set Specific Code input for plugin: DMA
2024-11-05 17:33:22,223 [INFO] BlockDiagram:2766 - set Specific Code input for plugin: TIMER
2024-11-05 17:33:22,223 [INFO] BlockDiagram:2766 - set Specific Code input for plugin: GPIO
2024-11-05 17:33:22,224 [INFO] CodeGenerator:807 - code generatio: config db path: /home/ante/st/stm32cubeide_1.16.1/plugins/com.st.stm32cube.common.mx_6.12.1.202409122256//db/
2024-11-05 17:33:22,237 [WARN] IP:2191 - HourFormat not found: check if there is a RefParameter without a condition.
2024-11-05 17:33:22,238 [WARN] IP:2191 - SynchPrediv not found: check if there is a RefParameter without a condition.
2024-11-05 17:33:22,238 [WARN] IP:2191 - OutPut1 not found: check if there is a RefParameter without a condition.
2024-11-05 17:33:22,238 [WARN] IP:2191 - OutPut2 not found: check if there is a RefParameter without a condition.
2024-11-05 17:33:22,238 [WARN] IP:2191 - OutPut3 not found: check if there is a RefParameter without a condition.
2024-11-05 17:33:22,238 [WARN] IP:2191 - BinMixBcdU not found: check if there is a RefParameter without a condition.
2024-11-05 17:33:22,238 [WARN] IP:2191 - HourFormat not found: check if there is a RefParameter without a condition.
2024-11-05 17:33:22,238 [WARN] IP:2191 - SynchPrediv not found: check if there is a RefParameter without a condition.
2024-11-05 17:33:22,238 [WARN] IP:2191 - BinMixBcdU not found: check if there is a RefParameter without a condition.
2024-11-05 17:33:22,238 [WARN] IP:2191 - Hours not found: check if there is a RefParameter without a condition.
2024-11-05 17:33:22,238 [WARN] IP:2191 - Minutes not found: check if there is a RefParameter without a condition.
2024-11-05 17:33:22,238 [WARN] IP:2191 - Seconds not found: check if there is a RefParameter without a condition.
2024-11-05 17:33:22,238 [WARN] IP:2191 - TimeFormat not found: check if there is a RefParameter without a condition.
2024-11-05 17:33:22,238 [WARN] IP:2191 - DayLightSaving not found: check if there is a RefParameter without a condition.
2024-11-05 17:33:22,238 [WARN] IP:2191 - StoreOperation not found: check if there is a RefParameter without a condition.
2024-11-05 17:33:22,238 [WARN] IP:2191 - WeekDay not found: check if there is a RefParameter without a condition.
2024-11-05 17:33:22,238 [WARN] IP:2191 - Month not found: check if there is a RefParameter without a condition.
2024-11-05 17:33:22,238 [WARN] IP:2191 - Date not found: check if there is a RefParameter without a condition.
2024-11-05 17:33:22,238 [WARN] IP:2191 - Year not found: check if there is a RefParameter without a condition.
2024-11-05 17:33:22,238 [WARN] IP:2191 - HourFormat not found: check if there is a RefParameter without a condition.
2024-11-05 17:33:22,238 [WARN] IP:2191 - SynchPrediv not found: check if there is a RefParameter without a condition.
2024-11-05 17:33:22,238 [WARN] IP:2191 - OutPut1 not found: check if there is a RefParameter without a condition.
2024-11-05 17:33:22,238 [WARN] IP:2191 - OutPut2 not found: check if there is a RefParameter without a condition.
2024-11-05 17:33:22,238 [WARN] IP:2191 - OutPut3 not found: check if there is a RefParameter without a condition.
2024-11-05 17:33:22,239 [WARN] IP:2191 - BinMixBcdU not found: check if there is a RefParameter without a condition.
2024-11-05 17:33:22,239 [WARN] IP:2191 - Hours_A not found: check if there is a RefParameter without a condition.
2024-11-05 17:33:22,239 [WARN] IP:2191 - Minutes_A not found: check if there is a RefParameter without a condition.
2024-11-05 17:33:22,239 [WARN] IP:2191 - Seconds_A not found: check if there is a RefParameter without a condition.
2024-11-05 17:33:22,239 [WARN] IP:2191 - AlarmMaskDateWeekDay not found: check if there is a RefParameter without a condition.
2024-11-05 17:33:22,239 [WARN] IP:2191 - AlarmMaskHours not found: check if there is a RefParameter without a condition.
2024-11-05 17:33:22,239 [WARN] IP:2191 - AlarmMaskMinutes not found: check if there is a RefParameter without a condition.
2024-11-05 17:33:22,239 [WARN] IP:2191 - AlarmMaskSeconds not found: check if there is a RefParameter without a condition.
2024-11-05 17:33:22,239 [WARN] IP:2191 - AlarmDateWeekDaySel not found: check if there is a RefParameter without a condition.
2024-11-05 17:33:22,239 [WARN] IP:2191 - AlarmDateWeekDay not found: check if there is a RefParameter without a condition.
2024-11-05 17:33:22,239 [WARN] IP:2191 - AlarmDateWeekDayARG not found: check if there is a RefParameter without a condition.
2024-11-05 17:33:22,242 [INFO] Argument:325 - Argument : hdmavalue: null
2024-11-05 17:33:22,242 [INFO] Argument:327 - 	 sub Args: 
2024-11-05 17:33:22,242 [INFO] Argument:325 - Argument : Instancevalue: DMA1_Channel5
2024-11-05 17:33:22,242 [INFO] Argument:335 - Argument : Instancevalue: DMA1_Channel5
2024-11-05 17:33:22,242 [INFO] Argument:325 - Argument : Initvalue: null
2024-11-05 17:33:22,242 [INFO] Argument:327 - 	 sub Args: 
2024-11-05 17:33:22,242 [INFO] Argument:325 - Argument : Requestvalue: DMA_REQUEST_USART2_TX
2024-11-05 17:33:22,242 [INFO] Argument:335 - Argument : Requestvalue: DMA_REQUEST_USART2_TX
2024-11-05 17:33:22,242 [INFO] Argument:325 - Argument : Directionvalue: DMA_MEMORY_TO_PERIPH
2024-11-05 17:33:22,242 [INFO] Argument:335 - Argument : Directionvalue: DMA_MEMORY_TO_PERIPH
2024-11-05 17:33:22,242 [INFO] Argument:325 - Argument : PeriphIncvalue: DMA_PINC_DISABLE
2024-11-05 17:33:22,242 [INFO] Argument:335 - Argument : PeriphIncvalue: DMA_PINC_DISABLE
2024-11-05 17:33:22,242 [INFO] Argument:325 - Argument : MemIncvalue: DMA_MINC_ENABLE
2024-11-05 17:33:22,242 [INFO] Argument:335 - Argument : MemIncvalue: DMA_MINC_ENABLE
2024-11-05 17:33:22,242 [INFO] Argument:325 - Argument : PeriphDataAlignmentvalue: DMA_PDATAALIGN_BYTE
2024-11-05 17:33:22,242 [INFO] Argument:335 - Argument : PeriphDataAlignmentvalue: DMA_PDATAALIGN_BYTE
2024-11-05 17:33:22,242 [INFO] Argument:325 - Argument : MemDataAlignmentvalue: DMA_MDATAALIGN_BYTE
2024-11-05 17:33:22,242 [INFO] Argument:335 - Argument : MemDataAlignmentvalue: DMA_MDATAALIGN_BYTE
2024-11-05 17:33:22,242 [INFO] Argument:325 - Argument : Modevalue: DMA_NORMAL
2024-11-05 17:33:22,242 [INFO] Argument:335 - Argument : Modevalue: DMA_NORMAL
2024-11-05 17:33:22,242 [INFO] Argument:325 - Argument : Priorityvalue: DMA_PRIORITY_LOW
2024-11-05 17:33:22,242 [INFO] Argument:335 - Argument : Priorityvalue: DMA_PRIORITY_LOW
2024-11-05 17:33:22,242 [INFO] Argument:325 - Argument : Lockvalue: null
2024-11-05 17:33:22,242 [INFO] Argument:335 - Argument : Lockvalue: null
2024-11-05 17:33:22,242 [INFO] Argument:325 - Argument : Statevalue: null
2024-11-05 17:33:22,242 [INFO] Argument:335 - Argument : Statevalue: null
2024-11-05 17:33:22,243 [INFO] Argument:325 - Argument : Parentvalue: null
2024-11-05 17:33:22,243 [INFO] Argument:335 - Argument : Parentvalue: null
2024-11-05 17:33:22,243 [INFO] Argument:325 - Argument : XferCpltCallbackvalue: null
2024-11-05 17:33:22,243 [INFO] Argument:335 - Argument : XferCpltCallbackvalue: null
2024-11-05 17:33:22,243 [INFO] Argument:325 - Argument : XferHalfCpltCallbackvalue: null
2024-11-05 17:33:22,243 [INFO] Argument:335 - Argument : XferHalfCpltCallbackvalue: null
2024-11-05 17:33:22,243 [INFO] Argument:325 - Argument : XferM1CpltCallbackvalue: null
2024-11-05 17:33:22,243 [INFO] Argument:335 - Argument : XferM1CpltCallbackvalue: null
2024-11-05 17:33:22,243 [INFO] Argument:325 - Argument : XferM1HalfCpltCallbackvalue: null
2024-11-05 17:33:22,243 [INFO] Argument:335 - Argument : XferM1HalfCpltCallbackvalue: null
2024-11-05 17:33:22,243 [INFO] Argument:325 - Argument : XferErrorCallbackvalue: null
2024-11-05 17:33:22,243 [INFO] Argument:335 - Argument : XferErrorCallbackvalue: null
2024-11-05 17:33:22,243 [INFO] Argument:325 - Argument : XferAbortCallbackvalue: null
2024-11-05 17:33:22,243 [INFO] Argument:335 - Argument : XferAbortCallbackvalue: null
2024-11-05 17:33:22,243 [INFO] Argument:325 - Argument : ErrorCodevalue: null
2024-11-05 17:33:22,243 [INFO] Argument:335 - Argument : ErrorCodevalue: null
2024-11-05 17:33:22,243 [INFO] Argument:325 - Argument : DmaBaseAddressvalue: null
2024-11-05 17:33:22,243 [INFO] Argument:335 - Argument : DmaBaseAddressvalue: null
2024-11-05 17:33:22,243 [INFO] Argument:325 - Argument : ChannelIndexvalue: null
2024-11-05 17:33:22,243 [INFO] Argument:335 - Argument : ChannelIndexvalue: null
2024-11-05 17:33:22,243 [INFO] Argument:325 - Argument : DMAmuxChannelvalue: null
2024-11-05 17:33:22,243 [INFO] Argument:335 - Argument : DMAmuxChannelvalue: null
2024-11-05 17:33:22,243 [INFO] Argument:325 - Argument : DMAmuxChannelStatusvalue: null
2024-11-05 17:33:22,243 [INFO] Argument:335 - Argument : DMAmuxChannelStatusvalue: null
2024-11-05 17:33:22,243 [INFO] Argument:325 - Argument : DMAmuxChannelStatusMaskvalue: null
2024-11-05 17:33:22,243 [INFO] Argument:335 - Argument : DMAmuxChannelStatusMaskvalue: null
2024-11-05 17:33:22,243 [INFO] Argument:325 - Argument : DMAmuxRequestGenvalue: null
2024-11-05 17:33:22,243 [INFO] Argument:335 - Argument : DMAmuxRequestGenvalue: null
2024-11-05 17:33:22,243 [INFO] Argument:325 - Argument : DMAmuxRequestGenStatusvalue: null
2024-11-05 17:33:22,243 [INFO] Argument:335 - Argument : DMAmuxRequestGenStatusvalue: null
2024-11-05 17:33:22,243 [INFO] Argument:325 - Argument : DMAmuxRequestGenStatusMaskvalue: null
2024-11-05 17:33:22,243 [INFO] Argument:335 - Argument : DMAmuxRequestGenStatusMaskvalue: null
2024-11-05 17:33:22,243 [INFO] Argument:325 - Argument : hdmavalue: null
2024-11-05 17:33:22,243 [INFO] Argument:327 - 	 sub Args: 
2024-11-05 17:33:22,243 [INFO] Argument:325 - Argument : Instancevalue: DMA1_Channel5
2024-11-05 17:33:22,243 [INFO] Argument:335 - Argument : Instancevalue: DMA1_Channel5
2024-11-05 17:33:22,243 [INFO] Argument:325 - Argument : Initvalue: null
2024-11-05 17:33:22,243 [INFO] Argument:327 - 	 sub Args: 
2024-11-05 17:33:22,243 [INFO] Argument:325 - Argument : Requestvalue: DMA_REQUEST_USART2_TX
2024-11-05 17:33:22,243 [INFO] Argument:335 - Argument : Requestvalue: DMA_REQUEST_USART2_TX
2024-11-05 17:33:22,243 [INFO] Argument:325 - Argument : Directionvalue: DMA_MEMORY_TO_PERIPH
2024-11-05 17:33:22,243 [INFO] Argument:335 - Argument : Directionvalue: DMA_MEMORY_TO_PERIPH
2024-11-05 17:33:22,243 [INFO] Argument:325 - Argument : PeriphIncvalue: DMA_PINC_DISABLE
2024-11-05 17:33:22,243 [INFO] Argument:335 - Argument : PeriphIncvalue: DMA_PINC_DISABLE
2024-11-05 17:33:22,243 [INFO] Argument:325 - Argument : MemIncvalue: DMA_MINC_ENABLE
2024-11-05 17:33:22,243 [INFO] Argument:335 - Argument : MemIncvalue: DMA_MINC_ENABLE
2024-11-05 17:33:22,243 [INFO] Argument:325 - Argument : PeriphDataAlignmentvalue: DMA_PDATAALIGN_BYTE
2024-11-05 17:33:22,243 [INFO] Argument:335 - Argument : PeriphDataAlignmentvalue: DMA_PDATAALIGN_BYTE
2024-11-05 17:33:22,243 [INFO] Argument:325 - Argument : MemDataAlignmentvalue: DMA_MDATAALIGN_BYTE
2024-11-05 17:33:22,243 [INFO] Argument:335 - Argument : MemDataAlignmentvalue: DMA_MDATAALIGN_BYTE
2024-11-05 17:33:22,243 [INFO] Argument:325 - Argument : Modevalue: DMA_NORMAL
2024-11-05 17:33:22,243 [INFO] Argument:335 - Argument : Modevalue: DMA_NORMAL
2024-11-05 17:33:22,243 [INFO] Argument:325 - Argument : Priorityvalue: DMA_PRIORITY_LOW
2024-11-05 17:33:22,243 [INFO] Argument:335 - Argument : Priorityvalue: DMA_PRIORITY_LOW
2024-11-05 17:33:22,243 [INFO] Argument:325 - Argument : Lockvalue: null
2024-11-05 17:33:22,243 [INFO] Argument:335 - Argument : Lockvalue: null
2024-11-05 17:33:22,243 [INFO] Argument:325 - Argument : Statevalue: null
2024-11-05 17:33:22,243 [INFO] Argument:335 - Argument : Statevalue: null
2024-11-05 17:33:22,243 [INFO] Argument:325 - Argument : Parentvalue: null
2024-11-05 17:33:22,243 [INFO] Argument:335 - Argument : Parentvalue: null
2024-11-05 17:33:22,243 [INFO] Argument:325 - Argument : XferCpltCallbackvalue: null
2024-11-05 17:33:22,243 [INFO] Argument:335 - Argument : XferCpltCallbackvalue: null
2024-11-05 17:33:22,243 [INFO] Argument:325 - Argument : XferHalfCpltCallbackvalue: null
2024-11-05 17:33:22,243 [INFO] Argument:335 - Argument : XferHalfCpltCallbackvalue: null
2024-11-05 17:33:22,243 [INFO] Argument:325 - Argument : XferM1CpltCallbackvalue: null
2024-11-05 17:33:22,243 [INFO] Argument:335 - Argument : XferM1CpltCallbackvalue: null
2024-11-05 17:33:22,243 [INFO] Argument:325 - Argument : XferM1HalfCpltCallbackvalue: null
2024-11-05 17:33:22,243 [INFO] Argument:335 - Argument : XferM1HalfCpltCallbackvalue: null
2024-11-05 17:33:22,243 [INFO] Argument:325 - Argument : XferErrorCallbackvalue: null
2024-11-05 17:33:22,243 [INFO] Argument:335 - Argument : XferErrorCallbackvalue: null
2024-11-05 17:33:22,243 [INFO] Argument:325 - Argument : XferAbortCallbackvalue: null
2024-11-05 17:33:22,243 [INFO] Argument:335 - Argument : XferAbortCallbackvalue: null
2024-11-05 17:33:22,243 [INFO] Argument:325 - Argument : ErrorCodevalue: null
2024-11-05 17:33:22,243 [INFO] Argument:335 - Argument : ErrorCodevalue: null
2024-11-05 17:33:22,243 [INFO] Argument:325 - Argument : DmaBaseAddressvalue: null
2024-11-05 17:33:22,243 [INFO] Argument:335 - Argument : DmaBaseAddressvalue: null
2024-11-05 17:33:22,243 [INFO] Argument:325 - Argument : ChannelIndexvalue: null
2024-11-05 17:33:22,243 [INFO] Argument:335 - Argument : ChannelIndexvalue: null
2024-11-05 17:33:22,243 [INFO] Argument:325 - Argument : DMAmuxChannelvalue: null
2024-11-05 17:33:22,244 [INFO] Argument:335 - Argument : DMAmuxChannelvalue: null
2024-11-05 17:33:22,244 [INFO] Argument:325 - Argument : DMAmuxChannelStatusvalue: null
2024-11-05 17:33:22,244 [INFO] Argument:335 - Argument : DMAmuxChannelStatusvalue: null
2024-11-05 17:33:22,244 [INFO] Argument:325 - Argument : DMAmuxChannelStatusMaskvalue: null
2024-11-05 17:33:22,244 [INFO] Argument:335 - Argument : DMAmuxChannelStatusMaskvalue: null
2024-11-05 17:33:22,244 [INFO] Argument:325 - Argument : DMAmuxRequestGenvalue: null
2024-11-05 17:33:22,244 [INFO] Argument:335 - Argument : DMAmuxRequestGenvalue: null
2024-11-05 17:33:22,244 [INFO] Argument:325 - Argument : DMAmuxRequestGenStatusvalue: null
2024-11-05 17:33:22,244 [INFO] Argument:335 - Argument : DMAmuxRequestGenStatusvalue: null
2024-11-05 17:33:22,244 [INFO] Argument:325 - Argument : DMAmuxRequestGenStatusMaskvalue: null
2024-11-05 17:33:22,244 [INFO] Argument:335 - Argument : DMAmuxRequestGenStatusMaskvalue: null
2024-11-05 17:33:22,244 [INFO] Argument:325 - Argument : ChannelAttributesvalue: DMA_CHANNEL_NPRIV
2024-11-05 17:33:22,244 [INFO] Argument:335 - Argument : ChannelAttributesvalue: DMA_CHANNEL_NPRIV
2024-11-05 17:33:22,306 [INFO] CodeEngine:255 - oldGeneratedFile, /home/ante/STM32CubeIDE/workspace_1.16.1/LoRaWAN_End_Node/MXTmpFiles/license.tmp_save
2024-11-05 17:33:22,358 [INFO] CodeEngine:279 - Generated code: /home/ante/STM32CubeIDE/workspace_1.16.1/LoRaWAN_End_Node/MXTmpFiles/license.tmp
2024-11-05 17:33:22,393 [INFO] CodeEngine:255 - oldGeneratedFile, /home/ante/STM32CubeIDE/workspace_1.16.1/LoRaWAN_End_Node/Core/Src/gpio.c_save
2024-11-05 17:33:22,465 [INFO] CodeEngine:279 - Generated code: /home/ante/STM32CubeIDE/workspace_1.16.1/LoRaWAN_End_Node/Core/Src/gpio.c
2024-11-05 17:33:22,467 [INFO] CodeEngine:255 - oldGeneratedFile, /home/ante/STM32CubeIDE/workspace_1.16.1/LoRaWAN_End_Node/Core/Inc/gpio.h_save
2024-11-05 17:33:22,518 [INFO] CodeEngine:279 - Generated code: /home/ante/STM32CubeIDE/workspace_1.16.1/LoRaWAN_End_Node/Core/Inc/gpio.h
2024-11-05 17:33:22,697 [WARN] IP:2191 - HourFormat not found: check if there is a RefParameter without a condition.
2024-11-05 17:33:22,698 [WARN] IP:2191 - SynchPrediv not found: check if there is a RefParameter without a condition.
2024-11-05 17:33:22,698 [WARN] IP:2191 - OutPut1 not found: check if there is a RefParameter without a condition.
2024-11-05 17:33:22,698 [WARN] IP:2191 - OutPut2 not found: check if there is a RefParameter without a condition.
2024-11-05 17:33:22,698 [WARN] IP:2191 - OutPut3 not found: check if there is a RefParameter without a condition.
2024-11-05 17:33:22,698 [WARN] IP:2191 - BinMixBcdU not found: check if there is a RefParameter without a condition.
2024-11-05 17:33:22,698 [WARN] IP:2191 - HourFormat not found: check if there is a RefParameter without a condition.
2024-11-05 17:33:22,698 [WARN] IP:2191 - SynchPrediv not found: check if there is a RefParameter without a condition.
2024-11-05 17:33:22,698 [WARN] IP:2191 - BinMixBcdU not found: check if there is a RefParameter without a condition.
2024-11-05 17:33:22,698 [WARN] IP:2191 - Hours not found: check if there is a RefParameter without a condition.
2024-11-05 17:33:22,698 [WARN] IP:2191 - Minutes not found: check if there is a RefParameter without a condition.
2024-11-05 17:33:22,698 [WARN] IP:2191 - Seconds not found: check if there is a RefParameter without a condition.
2024-11-05 17:33:22,698 [WARN] IP:2191 - TimeFormat not found: check if there is a RefParameter without a condition.
2024-11-05 17:33:22,698 [WARN] IP:2191 - DayLightSaving not found: check if there is a RefParameter without a condition.
2024-11-05 17:33:22,698 [WARN] IP:2191 - StoreOperation not found: check if there is a RefParameter without a condition.
2024-11-05 17:33:22,698 [WARN] IP:2191 - WeekDay not found: check if there is a RefParameter without a condition.
2024-11-05 17:33:22,698 [WARN] IP:2191 - Month not found: check if there is a RefParameter without a condition.
2024-11-05 17:33:22,698 [WARN] IP:2191 - Date not found: check if there is a RefParameter without a condition.
2024-11-05 17:33:22,698 [WARN] IP:2191 - Year not found: check if there is a RefParameter without a condition.
2024-11-05 17:33:22,942 [INFO] CodeEngine:255 - oldGeneratedFile, /home/ante/STM32CubeIDE/workspace_1.16.1/LoRaWAN_End_Node/Core/Src/adc.c_save
2024-11-05 17:33:23,013 [INFO] CodeEngine:279 - Generated code: /home/ante/STM32CubeIDE/workspace_1.16.1/LoRaWAN_End_Node/Core/Src/adc.c
2024-11-05 17:33:23,014 [INFO] CodeEngine:255 - oldGeneratedFile, /home/ante/STM32CubeIDE/workspace_1.16.1/LoRaWAN_End_Node/Core/Inc/adc.h_save
2024-11-05 17:33:23,064 [INFO] CodeEngine:279 - Generated code: /home/ante/STM32CubeIDE/workspace_1.16.1/LoRaWAN_End_Node/Core/Inc/adc.h
2024-11-05 17:33:23,081 [INFO] CodeEngine:255 - oldGeneratedFile, /home/ante/STM32CubeIDE/workspace_1.16.1/LoRaWAN_End_Node/Core/Src/dma.c_save
2024-11-05 17:33:23,133 [INFO] CodeEngine:279 - Generated code: /home/ante/STM32CubeIDE/workspace_1.16.1/LoRaWAN_End_Node/Core/Src/dma.c
2024-11-05 17:33:23,134 [INFO] CodeEngine:255 - oldGeneratedFile, /home/ante/STM32CubeIDE/workspace_1.16.1/LoRaWAN_End_Node/Core/Inc/dma.h_save
2024-11-05 17:33:23,183 [INFO] CodeEngine:279 - Generated code: /home/ante/STM32CubeIDE/workspace_1.16.1/LoRaWAN_End_Node/Core/Inc/dma.h
2024-11-05 17:33:23,186 [INFO] CodeEngine:255 - oldGeneratedFile, /home/ante/STM32CubeIDE/workspace_1.16.1/LoRaWAN_End_Node/Core/Src/i2c.c_save
2024-11-05 17:33:23,257 [INFO] CodeEngine:279 - Generated code: /home/ante/STM32CubeIDE/workspace_1.16.1/LoRaWAN_End_Node/Core/Src/i2c.c
2024-11-05 17:33:23,258 [INFO] CodeEngine:255 - oldGeneratedFile, /home/ante/STM32CubeIDE/workspace_1.16.1/LoRaWAN_End_Node/Core/Inc/i2c.h_save
2024-11-05 17:33:23,307 [INFO] CodeEngine:279 - Generated code: /home/ante/STM32CubeIDE/workspace_1.16.1/LoRaWAN_End_Node/Core/Inc/i2c.h
2024-11-05 17:33:23,322 [INFO] CodeEngine:255 - oldGeneratedFile, /home/ante/STM32CubeIDE/workspace_1.16.1/LoRaWAN_End_Node/Core/Inc/platform.h_save
2024-11-05 17:33:23,375 [INFO] CodeEngine:279 - Generated code: /home/ante/STM32CubeIDE/workspace_1.16.1/LoRaWAN_End_Node/Core/Inc/platform.h
2024-11-05 17:33:23,376 [INFO] CodeEngine:255 - oldGeneratedFile, /home/ante/STM32CubeIDE/workspace_1.16.1/LoRaWAN_End_Node/Core/Inc/flash_if.h_save
2024-11-05 17:33:23,428 [INFO] CodeEngine:279 - Generated code: /home/ante/STM32CubeIDE/workspace_1.16.1/LoRaWAN_End_Node/Core/Inc/flash_if.h
2024-11-05 17:33:23,429 [INFO] CodeEngine:255 - oldGeneratedFile, /home/ante/STM32CubeIDE/workspace_1.16.1/LoRaWAN_End_Node/Core/Inc/stm32_lpm_if.h_save
2024-11-05 17:33:23,479 [INFO] CodeEngine:279 - Generated code: /home/ante/STM32CubeIDE/workspace_1.16.1/LoRaWAN_End_Node/Core/Inc/stm32_lpm_if.h
2024-11-05 17:33:23,480 [INFO] CodeEngine:255 - oldGeneratedFile, /home/ante/STM32CubeIDE/workspace_1.16.1/LoRaWAN_End_Node/Core/Inc/sys_app.h_save
2024-11-05 17:33:23,531 [INFO] CodeEngine:279 - Generated code: /home/ante/STM32CubeIDE/workspace_1.16.1/LoRaWAN_End_Node/Core/Inc/sys_app.h
2024-11-05 17:33:23,532 [INFO] CodeEngine:255 - oldGeneratedFile, /home/ante/STM32CubeIDE/workspace_1.16.1/LoRaWAN_End_Node/Core/Inc/sys_conf.h_save
2024-11-05 17:33:23,584 [INFO] CodeEngine:279 - Generated code: /home/ante/STM32CubeIDE/workspace_1.16.1/LoRaWAN_End_Node/Core/Inc/sys_conf.h
2024-11-05 17:33:23,585 [INFO] CodeEngine:255 - oldGeneratedFile, /home/ante/STM32CubeIDE/workspace_1.16.1/LoRaWAN_End_Node/Core/Inc/sys_sensors.h_save
2024-11-05 17:33:23,636 [INFO] CodeEngine:279 - Generated code: /home/ante/STM32CubeIDE/workspace_1.16.1/LoRaWAN_End_Node/Core/Inc/sys_sensors.h
2024-11-05 17:33:23,637 [INFO] CodeEngine:255 - oldGeneratedFile, /home/ante/STM32CubeIDE/workspace_1.16.1/LoRaWAN_End_Node/Core/Inc/sys_debug.h_save
2024-11-05 17:33:23,698 [INFO] CodeEngine:279 - Generated code: /home/ante/STM32CubeIDE/workspace_1.16.1/LoRaWAN_End_Node/Core/Inc/sys_debug.h
2024-11-05 17:33:23,699 [INFO] CodeEngine:255 - oldGeneratedFile, /home/ante/STM32CubeIDE/workspace_1.16.1/LoRaWAN_End_Node/Core/Inc/utilities_conf.h_save
2024-11-05 17:33:23,753 [INFO] CodeEngine:279 - Generated code: /home/ante/STM32CubeIDE/workspace_1.16.1/LoRaWAN_End_Node/Core/Inc/utilities_conf.h
2024-11-05 17:33:23,754 [INFO] CodeEngine:255 - oldGeneratedFile, /home/ante/STM32CubeIDE/workspace_1.16.1/LoRaWAN_End_Node/Core/Inc/utilities_def.h_save
2024-11-05 17:33:23,806 [INFO] CodeEngine:279 - Generated code: /home/ante/STM32CubeIDE/workspace_1.16.1/LoRaWAN_End_Node/Core/Inc/utilities_def.h
2024-11-05 17:33:23,807 [INFO] CodeEngine:255 - oldGeneratedFile, /home/ante/STM32CubeIDE/workspace_1.16.1/LoRaWAN_End_Node/Core/Inc/stm32wlxx_nucleo_conf.h_save
2024-11-05 17:33:23,857 [INFO] CodeEngine:279 - Generated code: /home/ante/STM32CubeIDE/workspace_1.16.1/LoRaWAN_End_Node/Core/Inc/stm32wlxx_nucleo_conf.h
2024-11-05 17:33:23,858 [INFO] CodeEngine:255 - oldGeneratedFile, /home/ante/STM32CubeIDE/workspace_1.16.1/LoRaWAN_End_Node/Core/Inc/timer_if.h_save
2024-11-05 17:33:23,909 [INFO] CodeEngine:279 - Generated code: /home/ante/STM32CubeIDE/workspace_1.16.1/LoRaWAN_End_Node/Core/Inc/timer_if.h
2024-11-05 17:33:23,911 [INFO] CodeEngine:255 - oldGeneratedFile, /home/ante/STM32CubeIDE/workspace_1.16.1/LoRaWAN_End_Node/Core/Src/flash_if.c_save
2024-11-05 17:33:23,979 [INFO] CodeEngine:279 - Generated code: /home/ante/STM32CubeIDE/workspace_1.16.1/LoRaWAN_End_Node/Core/Src/flash_if.c
2024-11-05 17:33:23,981 [INFO] CodeEngine:255 - oldGeneratedFile, /home/ante/STM32CubeIDE/workspace_1.16.1/LoRaWAN_End_Node/Core/Src/stm32_lpm_if.c_save
2024-11-05 17:33:24,035 [INFO] CodeEngine:279 - Generated code: /home/ante/STM32CubeIDE/workspace_1.16.1/LoRaWAN_End_Node/Core/Src/stm32_lpm_if.c
2024-11-05 17:33:24,036 [INFO] CodeEngine:255 - oldGeneratedFile, /home/ante/STM32CubeIDE/workspace_1.16.1/LoRaWAN_End_Node/Core/Src/sys_app.c_save
2024-11-05 17:33:24,105 [INFO] CodeEngine:279 - Generated code: /home/ante/STM32CubeIDE/workspace_1.16.1/LoRaWAN_End_Node/Core/Src/sys_app.c
2024-11-05 17:33:24,106 [INFO] CodeEngine:255 - oldGeneratedFile, /home/ante/STM32CubeIDE/workspace_1.16.1/LoRaWAN_End_Node/Core/Src/sys_debug.c_save
2024-11-05 17:33:24,160 [INFO] CodeEngine:279 - Generated code: /home/ante/STM32CubeIDE/workspace_1.16.1/LoRaWAN_End_Node/Core/Src/sys_debug.c
2024-11-05 17:33:24,161 [INFO] CodeEngine:255 - oldGeneratedFile, /home/ante/STM32CubeIDE/workspace_1.16.1/LoRaWAN_End_Node/Core/Src/sys_sensors.c_save
2024-11-05 17:33:24,224 [INFO] CodeEngine:279 - Generated code: /home/ante/STM32CubeIDE/workspace_1.16.1/LoRaWAN_End_Node/Core/Src/sys_sensors.c
2024-11-05 17:33:24,226 [INFO] CodeEngine:255 - oldGeneratedFile, /home/ante/STM32CubeIDE/workspace_1.16.1/LoRaWAN_End_Node/Core/Src/timer_if.c_save
2024-11-05 17:33:24,305 [INFO] CodeEngine:279 - Generated code: /home/ante/STM32CubeIDE/workspace_1.16.1/LoRaWAN_End_Node/Core/Src/timer_if.c
2024-11-05 17:33:24,307 [INFO] CodeEngine:255 - oldGeneratedFile, /home/ante/STM32CubeIDE/workspace_1.16.1/LoRaWAN_End_Node/LoRaWAN/App/app_lorawan.c_save
2024-11-05 17:33:24,362 [INFO] CodeEngine:279 - Generated code: /home/ante/STM32CubeIDE/workspace_1.16.1/LoRaWAN_End_Node/LoRaWAN/App/app_lorawan.c
2024-11-05 17:33:24,363 [INFO] CodeEngine:255 - oldGeneratedFile, /home/ante/STM32CubeIDE/workspace_1.16.1/LoRaWAN_End_Node/LoRaWAN/App/app_lorawan.h_save
2024-11-05 17:33:24,415 [INFO] CodeEngine:279 - Generated code: /home/ante/STM32CubeIDE/workspace_1.16.1/LoRaWAN_End_Node/LoRaWAN/App/app_lorawan.h
2024-11-05 17:33:24,416 [INFO] CodeEngine:255 - oldGeneratedFile, /home/ante/STM32CubeIDE/workspace_1.16.1/LoRaWAN_End_Node/LoRaWAN/App/CayenneLpp.c_save
2024-11-05 17:33:24,475 [INFO] CodeEngine:279 - Generated code: /home/ante/STM32CubeIDE/workspace_1.16.1/LoRaWAN_End_Node/LoRaWAN/App/CayenneLpp.c
2024-11-05 17:33:24,476 [INFO] CodeEngine:255 - oldGeneratedFile, /home/ante/STM32CubeIDE/workspace_1.16.1/LoRaWAN_End_Node/LoRaWAN/App/CayenneLpp.h_save
2024-11-05 17:33:24,530 [INFO] CodeEngine:279 - Generated code: /home/ante/STM32CubeIDE/workspace_1.16.1/LoRaWAN_End_Node/LoRaWAN/App/CayenneLpp.h
2024-11-05 17:33:24,531 [INFO] CodeEngine:255 - oldGeneratedFile, /home/ante/STM32CubeIDE/workspace_1.16.1/LoRaWAN_End_Node/LoRaWAN/App/Commissioning.h_save
2024-11-05 17:33:24,584 [INFO] CodeEngine:279 - Generated code: /home/ante/STM32CubeIDE/workspace_1.16.1/LoRaWAN_End_Node/LoRaWAN/App/Commissioning.h
2024-11-05 17:33:24,585 [INFO] CodeEngine:255 - oldGeneratedFile, /home/ante/STM32CubeIDE/workspace_1.16.1/LoRaWAN_End_Node/LoRaWAN/App/se-identity.h_save
2024-11-05 17:33:24,659 [INFO] CodeEngine:279 - Generated code: /home/ante/STM32CubeIDE/workspace_1.16.1/LoRaWAN_End_Node/LoRaWAN/App/se-identity.h
2024-11-05 17:33:24,662 [INFO] CodeEngine:255 - oldGeneratedFile, /home/ante/STM32CubeIDE/workspace_1.16.1/LoRaWAN_End_Node/LoRaWAN/App/lora_app.c_save
2024-11-05 17:33:24,784 [INFO] CodeEngine:279 - Generated code: /home/ante/STM32CubeIDE/workspace_1.16.1/LoRaWAN_End_Node/LoRaWAN/App/lora_app.c
2024-11-05 17:33:24,787 [INFO] CodeEngine:255 - oldGeneratedFile, /home/ante/STM32CubeIDE/workspace_1.16.1/LoRaWAN_End_Node/LoRaWAN/App/lora_app.h_save
2024-11-05 17:33:24,848 [INFO] CodeEngine:279 - Generated code: /home/ante/STM32CubeIDE/workspace_1.16.1/LoRaWAN_End_Node/LoRaWAN/App/lora_app.h
2024-11-05 17:33:24,850 [INFO] CodeEngine:255 - oldGeneratedFile, /home/ante/STM32CubeIDE/workspace_1.16.1/LoRaWAN_End_Node/LoRaWAN/App/app_version.h_save
2024-11-05 17:33:24,904 [INFO] CodeEngine:279 - Generated code: /home/ante/STM32CubeIDE/workspace_1.16.1/LoRaWAN_End_Node/LoRaWAN/App/app_version.h
2024-11-05 17:33:24,905 [INFO] CodeEngine:255 - oldGeneratedFile, /home/ante/STM32CubeIDE/workspace_1.16.1/LoRaWAN_End_Node/LoRaWAN/App/lora_info.c_save
2024-11-05 17:33:24,962 [INFO] CodeEngine:279 - Generated code: /home/ante/STM32CubeIDE/workspace_1.16.1/LoRaWAN_End_Node/LoRaWAN/App/lora_info.c
2024-11-05 17:33:24,963 [INFO] CodeEngine:255 - oldGeneratedFile, /home/ante/STM32CubeIDE/workspace_1.16.1/LoRaWAN_End_Node/LoRaWAN/App/lora_info.h_save
2024-11-05 17:33:25,017 [INFO] CodeEngine:279 - Generated code: /home/ante/STM32CubeIDE/workspace_1.16.1/LoRaWAN_End_Node/LoRaWAN/App/lora_info.h
2024-11-05 17:33:25,018 [INFO] CodeEngine:255 - oldGeneratedFile, /home/ante/STM32CubeIDE/workspace_1.16.1/LoRaWAN_End_Node/LoRaWAN/Target/lorawan_conf.h_save
2024-11-05 17:33:25,077 [INFO] CodeEngine:279 - Generated code: /home/ante/STM32CubeIDE/workspace_1.16.1/LoRaWAN_End_Node/LoRaWAN/Target/lorawan_conf.h
2024-11-05 17:33:25,078 [INFO] CodeEngine:255 - oldGeneratedFile, /home/ante/STM32CubeIDE/workspace_1.16.1/LoRaWAN_End_Node/LoRaWAN/Target/mw_log_conf.h_save
2024-11-05 17:33:25,132 [INFO] CodeEngine:279 - Generated code: /home/ante/STM32CubeIDE/workspace_1.16.1/LoRaWAN_End_Node/LoRaWAN/Target/mw_log_conf.h
2024-11-05 17:33:25,132 [INFO] CodeEngine:255 - oldGeneratedFile, /home/ante/STM32CubeIDE/workspace_1.16.1/LoRaWAN_End_Node/LoRaWAN/Target/radio_board_if.c_save
2024-11-05 17:33:25,194 [INFO] CodeEngine:279 - Generated code: /home/ante/STM32CubeIDE/workspace_1.16.1/LoRaWAN_End_Node/LoRaWAN/Target/radio_board_if.c
2024-11-05 17:33:25,196 [INFO] CodeEngine:255 - oldGeneratedFile, /home/ante/STM32CubeIDE/workspace_1.16.1/LoRaWAN_End_Node/LoRaWAN/Target/radio_board_if.h_save
2024-11-05 17:33:25,255 [INFO] CodeEngine:279 - Generated code: /home/ante/STM32CubeIDE/workspace_1.16.1/LoRaWAN_End_Node/LoRaWAN/Target/radio_board_if.h
2024-11-05 17:33:25,256 [INFO] CodeEngine:255 - oldGeneratedFile, /home/ante/STM32CubeIDE/workspace_1.16.1/LoRaWAN_End_Node/LoRaWAN/Target/radio_conf.h_save
2024-11-05 17:33:25,314 [INFO] CodeEngine:279 - Generated code: /home/ante/STM32CubeIDE/workspace_1.16.1/LoRaWAN_End_Node/LoRaWAN/Target/radio_conf.h
2024-11-05 17:33:25,315 [INFO] CodeEngine:255 - oldGeneratedFile, /home/ante/STM32CubeIDE/workspace_1.16.1/LoRaWAN_End_Node/LoRaWAN/Target/systime.h_save
2024-11-05 17:33:25,369 [INFO] CodeEngine:279 - Generated code: /home/ante/STM32CubeIDE/workspace_1.16.1/LoRaWAN_End_Node/LoRaWAN/Target/systime.h
2024-11-05 17:33:25,370 [INFO] CodeEngine:255 - oldGeneratedFile, /home/ante/STM32CubeIDE/workspace_1.16.1/LoRaWAN_End_Node/LoRaWAN/Target/timer.h_save
2024-11-05 17:33:25,424 [INFO] CodeEngine:279 - Generated code: /home/ante/STM32CubeIDE/workspace_1.16.1/LoRaWAN_End_Node/LoRaWAN/Target/timer.h
2024-11-05 17:33:25,426 [INFO] CodeEngine:255 - oldGeneratedFile, /home/ante/STM32CubeIDE/workspace_1.16.1/LoRaWAN_End_Node/Core/Src/adc_if.c_save
2024-11-05 17:33:25,495 [INFO] CodeEngine:279 - Generated code: /home/ante/STM32CubeIDE/workspace_1.16.1/LoRaWAN_End_Node/Core/Src/adc_if.c
2024-11-05 17:33:25,497 [INFO] CodeEngine:255 - oldGeneratedFile, /home/ante/STM32CubeIDE/workspace_1.16.1/LoRaWAN_End_Node/Core/Inc/adc_if.h_save
2024-11-05 17:33:25,572 [INFO] CodeEngine:279 - Generated code: /home/ante/STM32CubeIDE/workspace_1.16.1/LoRaWAN_End_Node/Core/Inc/adc_if.h
2024-11-05 17:33:25,573 [INFO] CodeEngine:255 - oldGeneratedFile, /home/ante/STM32CubeIDE/workspace_1.16.1/LoRaWAN_End_Node/Core/Inc/usart_if.h_save
2024-11-05 17:33:25,636 [INFO] CodeEngine:279 - Generated code: /home/ante/STM32CubeIDE/workspace_1.16.1/LoRaWAN_End_Node/Core/Inc/usart_if.h
2024-11-05 17:33:25,638 [INFO] CodeEngine:255 - oldGeneratedFile, /home/ante/STM32CubeIDE/workspace_1.16.1/LoRaWAN_End_Node/Core/Src/usart_if.c_save
2024-11-05 17:33:25,729 [INFO] CodeEngine:279 - Generated code: /home/ante/STM32CubeIDE/workspace_1.16.1/LoRaWAN_End_Node/Core/Src/usart_if.c
2024-11-05 17:33:25,732 [INFO] CodeEngine:255 - oldGeneratedFile, /home/ante/STM32CubeIDE/workspace_1.16.1/LoRaWAN_End_Node/Core/Src/rtc.c_save
2024-11-05 17:33:25,820 [INFO] CodeEngine:279 - Generated code: /home/ante/STM32CubeIDE/workspace_1.16.1/LoRaWAN_End_Node/Core/Src/rtc.c
2024-11-05 17:33:25,821 [INFO] CodeEngine:255 - oldGeneratedFile, /home/ante/STM32CubeIDE/workspace_1.16.1/LoRaWAN_End_Node/Core/Inc/rtc.h_save
2024-11-05 17:33:25,877 [INFO] CodeEngine:279 - Generated code: /home/ante/STM32CubeIDE/workspace_1.16.1/LoRaWAN_End_Node/Core/Inc/rtc.h
2024-11-05 17:33:25,878 [INFO] CodeEngine:255 - oldGeneratedFile, /home/ante/STM32CubeIDE/workspace_1.16.1/LoRaWAN_End_Node/Core/Src/subghz.c_save
2024-11-05 17:33:25,953 [INFO] CodeEngine:279 - Generated code: /home/ante/STM32CubeIDE/workspace_1.16.1/LoRaWAN_End_Node/Core/Src/subghz.c
2024-11-05 17:33:25,953 [INFO] CodeEngine:255 - oldGeneratedFile, /home/ante/STM32CubeIDE/workspace_1.16.1/LoRaWAN_End_Node/Core/Inc/subghz.h_save
2024-11-05 17:33:26,006 [INFO] CodeEngine:279 - Generated code: /home/ante/STM32CubeIDE/workspace_1.16.1/LoRaWAN_End_Node/Core/Inc/subghz.h
2024-11-05 17:33:26,009 [INFO] CodeEngine:255 - oldGeneratedFile, /home/ante/STM32CubeIDE/workspace_1.16.1/LoRaWAN_End_Node/Core/Src/usart.c_save
2024-11-05 17:33:26,085 [INFO] CodeEngine:279 - Generated code: /home/ante/STM32CubeIDE/workspace_1.16.1/LoRaWAN_End_Node/Core/Src/usart.c
2024-11-05 17:33:26,086 [INFO] CodeEngine:255 - oldGeneratedFile, /home/ante/STM32CubeIDE/workspace_1.16.1/LoRaWAN_End_Node/Core/Inc/usart.h_save
2024-11-05 17:33:26,139 [INFO] CodeEngine:279 - Generated code: /home/ante/STM32CubeIDE/workspace_1.16.1/LoRaWAN_End_Node/Core/Inc/usart.h
2024-11-05 17:33:26,148 [INFO] CodeEngine:255 - oldGeneratedFile, /home/ante/STM32CubeIDE/workspace_1.16.1/LoRaWAN_End_Node/Core/Src/stm32wlxx_it.c_save
2024-11-05 17:33:26,223 [INFO] CodeEngine:279 - Generated code: /home/ante/STM32CubeIDE/workspace_1.16.1/LoRaWAN_End_Node/Core/Src/stm32wlxx_it.c
2024-11-05 17:33:26,224 [INFO] CodeEngine:255 - oldGeneratedFile, /home/ante/STM32CubeIDE/workspace_1.16.1/LoRaWAN_End_Node/Core/Inc/stm32wlxx_it.h_save
2024-11-05 17:33:26,277 [INFO] CodeEngine:279 - Generated code: /home/ante/STM32CubeIDE/workspace_1.16.1/LoRaWAN_End_Node/Core/Inc/stm32wlxx_it.h
2024-11-05 17:33:26,350 [INFO] CodeEngine:255 - oldGeneratedFile, /home/ante/STM32CubeIDE/workspace_1.16.1/LoRaWAN_End_Node/Core/Src/stm32wlxx_hal_msp.c_save
2024-11-05 17:33:26,431 [INFO] CodeEngine:279 - Generated code: /home/ante/STM32CubeIDE/workspace_1.16.1/LoRaWAN_End_Node/Core/Src/stm32wlxx_hal_msp.c
2024-11-05 17:33:26,432 [INFO] CodeEngine:255 - oldGeneratedFile, /home/ante/STM32CubeIDE/workspace_1.16.1/LoRaWAN_End_Node/MXTmpFiles/system.tmp_save
2024-11-05 17:33:26,487 [INFO] CodeEngine:279 - Generated code: /home/ante/STM32CubeIDE/workspace_1.16.1/LoRaWAN_End_Node/MXTmpFiles/system.tmp
2024-11-05 17:33:26,489 [INFO] CodeEngine:311 - oldGeneratedFile, /home/ante/STM32CubeIDE/workspace_1.16.1/LoRaWAN_End_Node/Core/Inc/stm32wlxx_hal_conf.h_save
2024-11-05 17:33:26,544 [INFO] CodeEngine:335 - Generated code: /home/ante/STM32CubeIDE/workspace_1.16.1/LoRaWAN_End_Node/Core/Inc/stm32wlxx_hal_conf.h
2024-11-05 17:33:26,554 [INFO] CodeEngine:255 - oldGeneratedFile, /home/ante/STM32CubeIDE/workspace_1.16.1/LoRaWAN_End_Node/Core/Inc/main.h_save
2024-11-05 17:33:26,610 [INFO] CodeEngine:279 - Generated code: /home/ante/STM32CubeIDE/workspace_1.16.1/LoRaWAN_End_Node/Core/Inc/main.h
2024-11-05 17:33:26,611 [INFO] CodeEngine:255 - oldGeneratedFile, /home/ante/STM32CubeIDE/workspace_1.16.1/LoRaWAN_End_Node/Core/Src/main.c_save
2024-11-05 17:33:26,684 [INFO] CodeEngine:279 - Generated code: /home/ante/STM32CubeIDE/workspace_1.16.1/LoRaWAN_End_Node/Core/Src/main.c
2024-11-05 17:33:26,932 [INFO] ProjectBuilder:3249 - Time for Copy HAL[1] : 93mS.
2024-11-05 17:33:26,935 [INFO] ProjectBuilder:4828 - Project Generator version: 4.5.0-B34
2024-11-05 17:33:27,006 [INFO] ConfigFileManager:1531 - The Die is : DIE497
2024-11-05 17:33:27,948 [INFO] ProjectBuilder:5097 - Time for Generating toolchain IDE Files: 1013mS.
2024-11-05 17:33:27,949 [INFO] ProjectBuilder:3107 - Time for Copy CMSIS : 0mS.
2024-11-05 17:33:27,950 [INFO] ProjectBuilder:3107 - Time for Copy CMSIS : 0mS.
